target,blocks,na_policy,scaling,n_neighbors,min_dist,min_cluster_size,seed,n_genes,n_features,n_clusters,noise_frac,n_excluded,excluded,mean_f1,best_f1,best_label,n_labels_scored,n_labels_recovered
compartment,expression_raw+fitness_screens,median,rank,50,0.25,25,42,3000,26,10,0.6273333333333333,5,compartment;compartment_best;lopit_map;lopit_mcmc;lopit_unified,0.22845871202130005,0.3481781376518218,cytosol,10,0
compartment,expression_summary+expression_raw+fitness_screens,median,rank,50,0.25,25,42,3000,30,12,0.5376666666666666,5,compartment;compartment_best;lopit_map;lopit_mcmc;lopit_unified,0.2159682792578762,0.3805825242718447,cytosol,11,0
compartment,expression_summary+expression_raw+fitness_screens,median,rank,50,0.0,60,42,3000,30,8,0.4266666666666667,5,compartment;compartment_best;lopit_map;lopit_mcmc;lopit_unified,0.21112889995493297,0.3485342019543974,cytosol,12,0
compartment,expression_raw+fitness_screens+protein_features,median,rank,50,0.0,25,42,3000,39,15,0.3506666666666667,5,compartment;compartment_best;lopit_map;lopit_mcmc;lopit_unified,0.21077946162260414,0.30666666666666664,ER,12,0
compartment,expression_summary+expression_raw+fitness_screens,median,rank,50,0.0,25,42,3000,30,20,0.43833333333333335,5,compartment;compartment_best;lopit_map;lopit_mcmc;lopit_unified,0.2063149612278946,0.29729729729729737,cytosol,12,0
compartment,expression_raw+fitness_screens,median,rank,50,0.0,25,42,3000,26,19,0.41,5,compartment;compartment_best;lopit_map;lopit_mcmc;lopit_unified,0.19626524105644033,0.3168316831683168,cytosol,12,0
compartment,expression_summary+expression_raw+protein_features,median,rank,15,0.25,25,42,3000,35,9,0.13766666666666666,5,compartment;compartment_best;lopit_map;lopit_mcmc;lopit_unified,0.19625328713705123,0.31451612903225806,ER,15,0
compartment,expression_summary+expression_raw+fitness_screens,median,rank,15,0.0,25,42,3000,30,21,0.38066666666666665,5,compartment;compartment_best;lopit_map;lopit_mcmc;lopit_unified,0.19258572517439312,0.3140096618357488,cytosol,12,0
compartment,expression_summary+expression_raw+protein_features,median,rank,50,0.0,60,42,3000,35,8,0.08,5,compartment;compartment_best;lopit_map;lopit_mcmc;lopit_unified,0.19039567317975145,0.3053435114503817,ER,13,0
compartment,expression_summary+fitness_screens+interactions,median,rank,50,0.25,60,42,3000,16,7,0.44133333333333336,5,compartment;compartment_best;lopit_map;lopit_mcmc;lopit_unified,0.18972052069339707,0.2794759825327511,cytosol,11,0
compartment,expression_summary+expression_raw+protein_features,median,rank,50,0.0,25,42,3000,35,11,0.042666666666666665,5,compartment;compartment_best;lopit_map;lopit_mcmc;lopit_unified,0.18940172902753907,0.3082706766917293,ER,17,0
compartment,expression_summary+fitness_screens+protein_features,median,rank,15,0.25,25,42,3000,25,10,0.3313333333333333,5,compartment;compartment_best;lopit_map;lopit_mcmc;lopit_unified,0.18644018254785139,0.26959247648902823,cytosol,12,0
compartment,expression_summary+expression_raw+published_screens,median,rank,50,0.25,25,42,3000,34,19,0.49066666666666664,5,compartment;compartment_best;lopit_map;lopit_mcmc;lopit_unified,0.18303364115991008,0.2962962962962963,dense granules,13,0
compartment,expression_summary+published_screens,median,rank,50,0.25,25,42,3000,16,15,0.454,5,compartment;compartment_best;lopit_map;lopit_mcmc;lopit_unified,0.18297999438455034,0.27188081936685293,nucleus - chromatin,11,0
compartment,expression_raw+fitness_screens,median,rank,50,0.0,60,42,3000,26,8,0.45266666666666666,5,compartment;compartment_best;lopit_map;lopit_mcmc;lopit_unified,0.1829194545868001,0.2787878787878788,cytosol,11,0
compartment,expression_raw+protein_features+interactions,median,rank,50,0.0,25,42,3000,35,20,0.147,5,compartment;compartment_best;lopit_map;lopit_mcmc;lopit_unified,0.1826644066482562,0.2650602409638554,nucleus - chromatin,15,0
compartment,fitness_screens+published_screens+interactions,median,rank,50,0.25,25,42,3000,24,13,0.4093333333333333,5,compartment;compartment_best;lopit_map;lopit_mcmc;lopit_unified,0.18236344546822666,0.28125,nucleus - chromatin,11,0
compartment,expression_raw+fitness_screens+protein_features,median,rank,15,0.25,25,42,3000,39,10,0.303,5,compartment;compartment_best;lopit_map;lopit_mcmc;lopit_unified,0.18173163979761714,0.26722338204592905,cytosol,12,0
compartment,expression_raw+fitness_screens+published_screens,median,rank,50,0.0,25,42,3000,38,14,0.312,5,compartment;compartment_best;lopit_map;lopit_mcmc;lopit_unified,0.18165045717867295,0.2553191489361702,dense granules,12,0
compartment,expression_summary+fitness_screens+protein_features,median,rank,15,0.25,60,42,3000,25,4,0.294,5,compartment;compartment_best;lopit_map;lopit_mcmc;lopit_unified,0.18162246537837198,0.26933333333333337,cytosol,11,0
compartment,expression_summary+fitness_screens+protein_features,median,rank,50,0.25,25,42,3000,25,8,0.2856666666666667,5,compartment;compartment_best;lopit_map;lopit_mcmc;lopit_unified,0.18158691585343653,0.26565874730021594,cytosol,12,0
compartment,expression_summary+expression_raw+protein_features,median,rank,15,0.0,25,42,3000,35,15,0.059333333333333335,5,compartment;compartment_best;lopit_map;lopit_mcmc;lopit_unified,0.1808275565972131,0.3043478260869565,ER,17,0
compartment,expression_summary+expression_raw+protein_features,median,rank,50,0.25,25,42,3000,35,10,0.19133333333333333,5,compartment;compartment_best;lopit_map;lopit_mcmc;lopit_unified,0.18080456477760665,0.2757916241062308,cytosol,14,0
compartment,expression_summary+expression_raw+published_screens,median,rank,50,0.0,25,42,3000,34,21,0.324,5,compartment;compartment_best;lopit_map;lopit_mcmc;lopit_unified,0.18000513831942827,0.27027027027027023,dense granules,13,0
compartment,expression_summary+expression_raw+published_screens,median,rank,15,0.25,25,42,3000,34,14,0.36533333333333334,5,compartment;compartment_best;lopit_map;lopit_mcmc;lopit_unified,0.17974356328920674,0.26385224274406327,cytosol,13,0
compartment,expression_raw+fitness_screens+published_screens,median,rank,15,0.25,60,42,3000,38,5,0.556,5,compartment;compartment_best;lopit_map;lopit_mcmc;lopit_unified,0.17966040714937792,0.2578796561604585,nucleus - chromatin,11,0
compartment,expression_raw+fitness_screens+published_screens,median,rank,50,0.25,25,42,3000,38,10,0.45166666666666666,5,compartment;compartment_best;lopit_map;lopit_mcmc;lopit_unified,0.17919274686695155,0.28125,dense granules,11,0
compartment,expression_summary+fitness_screens+protein_features,median,rank,50,0.25,60,42,3000,25,3,0.356,5,compartment;compartment_best;lopit_map;lopit_mcmc;lopit_unified,0.17905570316211386,0.29171817058096416,cytosol,11,0
compartment,expression_raw+fitness_screens,median,rank,15,0.0,25,42,3000,26,25,0.4063333333333333,5,compartment;compartment_best;lopit_map;lopit_mcmc;lopit_unified,0.17460658878869073,0.27301587301587305,cytosol,13,0
compartment,expression_summary+expression_raw+protein_features,median,rank,15,0.0,60,42,3000,35,6,0.04066666666666666,5,compartment;compartment_best;lopit_map;lopit_mcmc;lopit_unified,0.17419776233654302,0.3010752688172043,ER,17,0
compartment,expression_raw+fitness_screens+protein_features,median,rank,50,0.25,25,42,3000,39,6,0.16466666666666666,5,compartment;compartment_best;lopit_map;lopit_mcmc;lopit_unified,0.17371390349341964,0.26894343649946634,cytosol,14,0
compartment,expression_summary+published_screens,median,rank,50,0.25,60,42,3000,16,6,0.537,5,compartment;compartment_best;lopit_map;lopit_mcmc;lopit_unified,0.17300589715084966,0.25363825363825365,nucleus - chromatin,11,0
compartment,expression_summary+fitness_screens+interactions,median,rank,50,0.25,25,42,3000,16,8,0.33466666666666667,5,compartment;compartment_best;lopit_map;lopit_mcmc;lopit_unified,0.17287226287027824,0.2545454545454546,cytosol,12,0
compartment,expression_raw+fitness_screens+published_screens,median,rank,50,0.25,60,42,3000,38,3,0.488,5,compartment;compartment_best;lopit_map;lopit_mcmc;lopit_unified,0.17173277944365808,0.2393509127789047,cytosol,11,0
compartment,expression_raw+fitness_screens+published_screens,median,rank,15,0.0,25,42,3000,38,15,0.24133333333333334,5,compartment;compartment_best;lopit_map;lopit_mcmc;lopit_unified,0.17160073880456972,0.2616822429906542,dense granules,16,0
compartment,expression_summary+expression_raw+published_screens,median,rank,15,0.0,25,42,3000,34,16,0.16533333333333333,5,compartment;compartment_best;lopit_map;lopit_mcmc;lopit_unified,0.17102383302965457,0.25119846596356665,cytosol,15,0
compartment,expression_raw+protein_features,median,rank,15,0.0,60,42,3000,31,6,0.0036666666666666666,5,compartment;compartment_best;lopit_map;lopit_mcmc;lopit_unified,0.17069451756802279,0.2906574394463668,ER,17,0
compartment,expression_summary+fitness_screens,median,rank,50,0.0,25,42,3000,12,15,0.397,5,compartment;compartment_best;lopit_map;lopit_mcmc;lopit_unified,0.1704889640325818,0.2336328626444159,nucleus - chromatin,12,0
compartment,fitness_screens+protein_features+interactions,median,rank,15,0.0,25,42,3000,25,19,0.15533333333333332,5,compartment;compartment_best;lopit_map;lopit_mcmc;lopit_unified,0.1694118894771746,0.25490196078431376,cytosol,15,0
compartment,expression_raw+protein_features,median,rank,15,0.0,25,42,3000,31,16,0.07433333333333333,5,compartment;compartment_best;lopit_map;lopit_mcmc;lopit_unified,0.16922099161565576,0.2916666666666667,ER,16,0
compartment,protein_features+interactions,median,rank,15,0.25,25,42,3000,17,23,0.05433333333333333,5,compartment;compartment_best;lopit_map;lopit_mcmc;lopit_unified,0.16921408916108252,0.2478485370051635,nucleus - chromatin,17,0
compartment,expression_summary+fitness_screens+protein_features,median,rank,50,0.0,60,42,3000,25,4,0.075,5,compartment;compartment_best;lopit_map;lopit_mcmc;lopit_unified,0.16859203961588307,0.25552353506243997,cytosol,16,0
compartment,expression_summary+fitness_screens+protein_features,median,rank,50,0.0,25,42,3000,25,7,0.06133333333333333,5,compartment;compartment_best;lopit_map;lopit_mcmc;lopit_unified,0.16850412689296834,0.25874125874125875,ER,16,0
compartment,expression_raw+protein_features+interactions,median,rank,15,0.0,60,42,3000,35,8,0.051,5,compartment;compartment_best;lopit_map;lopit_mcmc;lopit_unified,0.16819923139999718,0.25567010309278354,cytosol,15,0
compartment,expression_summary+fitness_screens+protein_features,median,rank,15,0.0,60,42,3000,25,4,0.023,5,compartment;compartment_best;lopit_map;lopit_mcmc;lopit_unified,0.1678547725055834,0.25170068027210885,ER,16,0
compartment,expression_raw+published_screens+protein_features,median,rank,15,0.25,25,42,3000,43,9,0.197,5,compartment;compartment_best;lopit_map;lopit_mcmc;lopit_unified,0.16706581926042438,0.29818181818181816,ER,13,0
compartment,expression_summary+expression_raw+interactions,median,rank,50,0.0,25,42,3000,26,16,0.117,5,compartment;compartment_best;lopit_map;lopit_mcmc;lopit_unified,0.16675899773666614,0.2468354430379747,cytosol,16,0
compartment,expression_summary+fitness_screens+published_screens,median,rank,50,0.0,60,42,3000,24,5,0.2786666666666667,5,compartment;compartment_best;lopit_map;lopit_mcmc;lopit_unified,0.16496525032722942,0.2424242424242424,nucleus - chromatin,12,0
compartment,expression_summary+fitness_screens+published_screens,median,rank,50,0.25,60,42,3000,24,4,0.413,5,compartment;compartment_best;lopit_map;lopit_mcmc;lopit_unified,0.1644752119979156,0.2409381663113006,nucleus - chromatin,11,0
compartment,protein_features+interactions,median,rank,50,0.0,25,42,3000,17,38,0.10466666666666667,5,compartment;compartment_best;lopit_map;lopit_mcmc;lopit_unified,0.16418228299996185,0.25,PM - peripheral 1,17,0
compartment,expression_summary+protein_features,median,rank,15,0.0,25,42,3000,17,16,0.08766666666666667,5,compartment;compartment_best;lopit_map;lopit_mcmc;lopit_unified,0.16402994371312574,0.2765273311897106,ER,16,0
compartment,fitness_screens+published_screens+interactions,median,rank,50,0.0,25,42,3000,24,18,0.24766666666666667,5,compartment;compartment_best;lopit_map;lopit_mcmc;lopit_unified,0.16384949067250815,0.22950819672131145,nucleus - chromatin,13,0
compartment,expression_raw+protein_features,median,rank,50,0.0,25,42,3000,31,12,0.076,5,compartment;compartment_best;lopit_map;lopit_mcmc;lopit_unified,0.16233599542646665,0.24324324324324326,cytosol,17,0
compartment,expression_summary+expression_raw+interactions,median,rank,50,0.25,60,42,3000,26,6,0.203,5,compartment;compartment_best;lopit_map;lopit_mcmc;lopit_unified,0.16229997361828072,0.2569444444444445,cytosol,15,0
compartment,protein_features+interactions,median,rank,50,0.25,25,42,3000,17,12,0.03766666666666667,5,compartment;compartment_best;lopit_map;lopit_mcmc;lopit_unified,0.16229034614792998,0.25925925925925924,PM - peripheral 1,17,0
compartment,expression_raw+fitness_screens+protein_features,median,rank,50,0.0,60,42,3000,39,4,0.11766666666666667,5,compartment;compartment_best;lopit_map;lopit_mcmc;lopit_unified,0.1619388385650124,0.25321100917431194,cytosol,15,0
compartment,expression_summary+expression_raw+interactions,median,rank,50,0.0,60,42,3000,26,7,0.084,5,compartment;compartment_best;lopit_map;lopit_mcmc;lopit_unified,0.16189924187021187,0.24374999999999994,cytosol,16,0
compartment,expression_summary+published_screens,median,rank,15,0.0,60,42,3000,16,7,0.2786666666666667,5,compartment;compartment_best;lopit_map;lopit_mcmc;lopit_unified,0.16133824015482653,0.24324324324324323,nucleus - chromatin,13,0
compartment,expression_raw+fitness_screens+protein_features,median,rank,50,0.25,60,42,3000,39,3,0.218,5,compartment;compartment_best;lopit_map;lopit_mcmc;lopit_unified,0.1603437713245142,0.27194860813704497,cytosol,13,0
compartment,protein_features+interactions,median,rank,15,0.0,60,42,3000,17,16,0.13133333333333333,5,compartment;compartment_best;lopit_map;lopit_mcmc;lopit_unified,0.16027067606005457,0.23411371237458195,cytosol,15,0
compartment,expression_raw+fitness_screens+published_screens,median,rank,50,0.0,60,42,3000,38,8,0.2816666666666667,5,compartment;compartment_best;lopit_map;lopit_mcmc;lopit_unified,0.15968255556764946,0.23188405797101452,nucleus - chromatin,13,0
compartment,expression_summary+expression_raw+published_screens,median,rank,15,0.25,60,42,3000,34,4,0.493,5,compartment;compartment_best;lopit_map;lopit_mcmc;lopit_unified,0.15941670357022242,0.28177641653905056,cytosol,13,0
compartment,expression_summary+protein_features+interactions,median,rank,15,0.0,60,42,3000,21,6,0.0,5,compartment;compartment_best;lopit_map;lopit_mcmc;lopit_unified,0.15934931079293646,0.25147347740667975,cytosol,17,0
compartment,expression_summary+fitness_screens+published_screens,median,rank,15,0.25,60,42,3000,24,3,0.49966666666666665,5,compartment;compartment_best;lopit_map;lopit_mcmc;lopit_unified,0.15876804711942186,0.2469135802469136,nucleus - chromatin,11,0
compartment,expression_summary+protein_features,median,rank,15,0.25,25,42,3000,17,6,0.039,5,compartment;compartment_best;lopit_map;lopit_mcmc;lopit_unified,0.15858060184113482,0.2918149466192171,ER,16,0
compartment,protein_features,median,rank,15,0.0,60,42,3000,13,18,0.07266666666666667,5,compartment;compartment_best;lopit_map;lopit_mcmc;lopit_unified,0.15797903208454261,0.26506024096385544,ER,17,0
compartment,expression_summary+expression_raw+published_screens,median,rank,50,0.0,60,42,3000,34,8,0.27066666666666667,5,compartment;compartment_best;lopit_map;lopit_mcmc;lopit_unified,0.15756109222711043,0.27064220183486243,cytosol,13,0
compartment,expression_summary+published_screens,median,rank,50,0.0,25,42,3000,16,16,0.196,5,compartment;compartment_best;lopit_map;lopit_mcmc;lopit_unified,0.15750463794714703,0.2538787023977433,nucleus - chromatin,13,0
compartment,expression_summary+published_screens,median,rank,15,0.25,60,42,3000,16,4,0.4613333333333333,5,compartment;compartment_best;lopit_map;lopit_mcmc;lopit_unified,0.15737907068973334,0.23755656108597287,cytosol,12,0
compartment,fitness_screens+interactions,median,rank,50,0.0,25,42,3000,12,15,0.21466666666666667,5,compartment;compartment_best;lopit_map;lopit_mcmc;lopit_unified,0.15665406066535875,0.2558922558922559,cytosol,14,0
compartment,expression_summary+expression_raw+fitness_screens,median,rank,15,0.0,60,42,3000,30,7,0.30666666666666664,5,compartment;compartment_best;lopit_map;lopit_mcmc;lopit_unified,0.15650216895667907,0.23404255319148937,dense granules,12,0
compartment,expression_summary+expression_raw+interactions,median,rank,15,0.0,60,42,3000,26,9,0.08166666666666667,5,compartment;compartment_best;lopit_map;lopit_mcmc;lopit_unified,0.1564078881639851,0.2407407407407407,cytosol,16,0
compartment,expression_raw+protein_features+interactions,median,rank,15,0.0,25,42,3000,35,15,0.043333333333333335,5,compartment;compartment_best;lopit_map;lopit_mcmc;lopit_unified,0.15611106184690016,0.26382153249272555,nucleus - chromatin,16,0
compartment,published_screens+protein_features,median,rank,15,0.0,60,42,3000,25,6,0.022333333333333334,5,compartment;compartment_best;lopit_map;lopit_mcmc;lopit_unified,0.15566450870728973,0.2432432432432432,ER,16,0
compartment,protein_features,median,rank,50,0.0,25,42,3000,13,26,0.035,5,compartment;compartment_best;lopit_map;lopit_mcmc;lopit_unified,0.15547276724023032,0.3448275862068966,PM - peripheral 1,17,0
compartment,expression_summary+fitness_screens+published_screens,median,rank,50,0.0,25,42,3000,24,17,0.395,5,compartment;compartment_best;lopit_map;lopit_mcmc;lopit_unified,0.15545052002627327,0.21495327102803735,cytosol,12,0
compartment,expression_raw+fitness_screens+protein_features,median,rank,15,0.25,60,42,3000,39,3,0.21866666666666668,5,compartment;compartment_best;lopit_map;lopit_mcmc;lopit_unified,0.15538727645132533,0.2569832402234637,cytosol,12,0
compartment,expression_raw+fitness_screens+published_screens,median,rank,15,0.0,60,42,3000,38,9,0.22233333333333333,5,compartment;compartment_best;lopit_map;lopit_mcmc;lopit_unified,0.15536519833897902,0.2222222222222222,nucleus - chromatin,13,0
compartment,expression_summary+protein_features,median,rank,15,0.25,60,42,3000,17,4,0.06166666666666667,5,compartment;compartment_best;lopit_map;lopit_mcmc;lopit_unified,0.15529344308491877,0.2981818181818182,ER,16,0
compartment,expression_summary+expression_raw+interactions,median,rank,15,0.25,60,42,3000,26,7,0.16333333333333333,5,compartment;compartment_best;lopit_map;lopit_mcmc;lopit_unified,0.15498331557061873,0.25,cytosol,15,0
compartment,protein_features+interactions,median,rank,50,0.0,60,42,3000,17,12,0.036333333333333336,5,compartment;compartment_best;lopit_map;lopit_mcmc;lopit_unified,0.15470787989743495,0.23163841807909608,cytosol,16,0
compartment,published_screens+protein_features+interactions,median,rank,15,0.0,25,42,3000,29,17,0.065,5,compartment;compartment_best;lopit_map;lopit_mcmc;lopit_unified,0.15463192521340646,0.2673170731707317,nucleus - chromatin,15,0
compartment,protein_features,median,rank,50,0.0,60,42,3000,13,16,0.026333333333333334,5,compartment;compartment_best;lopit_map;lopit_mcmc;lopit_unified,0.1545927325194441,0.27009646302250806,ER,17,0
compartment,expression_summary+published_screens+interactions,median,rank,15,0.0,25,42,3000,20,24,0.2753333333333333,5,compartment;compartment_best;lopit_map;lopit_mcmc;lopit_unified,0.15452629306518842,0.23972602739726026,cytosol,12,0
compartment,expression_summary+fitness_screens+published_screens,median,rank,15,0.0,60,42,3000,24,5,0.20366666666666666,5,compartment;compartment_best;lopit_map;lopit_mcmc;lopit_unified,0.15451704889507187,0.23021582733812948,nucleus - chromatin,14,0
compartment,expression_summary+published_screens,median,rank,50,0.0,60,42,3000,16,7,0.20766666666666667,5,compartment;compartment_best;lopit_map;lopit_mcmc;lopit_unified,0.15440765584414828,0.24725274725274723,nucleus - chromatin,14,0
compartment,expression_raw+published_screens+interactions,median,rank,15,0.0,25,42,3000,34,11,0.11566666666666667,5,compartment;compartment_best;lopit_map;lopit_mcmc;lopit_unified,0.15322149044808542,0.2320675105485232,nucleus - chromatin,14,0
compartment,published_screens+protein_features,median,rank,15,0.0,25,42,3000,25,31,0.12066666666666667,5,compartment;compartment_best;lopit_map;lopit_mcmc;lopit_unified,0.15310802339382976,0.2777777777777778,ER,15,0
compartment,expression_summary+fitness_screens+interactions,median,rank,15,0.25,25,42,3000,16,6,0.22533333333333333,5,compartment;compartment_best;lopit_map;lopit_mcmc;lopit_unified,0.15285965078622044,0.24749163879598662,cytosol,13,0
compartment,expression_raw+fitness_screens+interactions,median,rank,50,0.25,25,42,3000,30,6,0.118,5,compartment;compartment_best;lopit_map;lopit_mcmc;lopit_unified,0.15250986328277286,0.2491349480968858,cytosol,15,0
compartment,protein_features,median,rank,15,0.25,25,42,3000,13,23,0.033666666666666664,5,compartment;compartment_best;lopit_map;lopit_mcmc;lopit_unified,0.15228115320467592,0.2727272727272727,ER,17,0
compartment,expression_raw+published_screens,median,rank,15,0.25,60,42,3000,30,4,0.35533333333333333,5,compartment;compartment_best;lopit_map;lopit_mcmc;lopit_unified,0.15200446100338624,0.2363636363636364,nucleus - chromatin,13,0
compartment,expression_summary+fitness_screens+interactions,median,rank,50,0.0,25,42,3000,16,9,0.13966666666666666,5,compartment;compartment_best;lopit_map;lopit_mcmc;lopit_unified,0.1519125170572714,0.22910216718266257,cytosol,15,0
compartment,expression_raw+interactions,median,rank,15,0.25,25,42,3000,22,8,0.09966666666666667,5,compartment;compartment_best;lopit_map;lopit_mcmc;lopit_unified,0.15175842601099582,0.2445141065830721,cytosol,15,0
compartment,expression_raw+published_screens,median,rank,50,0.25,60,42,3000,30,5,0.364,5,compartment;compartment_best;lopit_map;lopit_mcmc;lopit_unified,0.15169786830599127,0.23529411764705882,nucleus - chromatin,12,0
compartment,expression_summary+fitness_screens+interactions,median,rank,50,0.0,60,42,3000,16,6,0.187,5,compartment;compartment_best;lopit_map;lopit_mcmc;lopit_unified,0.1516293086668076,0.24104234527687296,cytosol,16,0
compartment,expression_raw+published_screens+interactions,median,rank,15,0.25,25,42,3000,34,6,0.09766666666666667,5,compartment;compartment_best;lopit_map;lopit_mcmc;lopit_unified,0.15152432958026624,0.23374827109266944,nucleus - chromatin,14,0
compartment,expression_raw+published_screens,median,rank,50,0.25,25,42,3000,30,7,0.201,5,compartment;compartment_best;lopit_map;lopit_mcmc;lopit_unified,0.15140550932319624,0.2345276872964169,nucleus - chromatin,12,0
compartment,expression_raw+fitness_screens+interactions,median,rank,50,0.25,60,42,3000,30,6,0.178,5,compartment;compartment_best;lopit_map;lopit_mcmc;lopit_unified,0.15129563195380172,0.23791821561338292,cytosol,14,0
compartment,expression_summary+expression_raw+interactions,median,rank,15,0.25,25,42,3000,26,7,0.12733333333333333,5,compartment;compartment_best;lopit_map;lopit_mcmc;lopit_unified,0.1510066930494093,0.2484076433121019,cytosol,15,0
compartment,expression_summary+published_screens+interactions,median,rank,15,0.25,60,42,3000,20,5,0.189,5,compartment;compartment_best;lopit_map;lopit_mcmc;lopit_unified,0.15087211342764567,0.22915254237288135,nucleus - chromatin,14,0
compartment,expression_raw+fitness_screens+interactions,median,rank,15,0.25,60,42,3000,30,6,0.15066666666666667,5,compartment;compartment_best;lopit_map;lopit_mcmc;lopit_unified,0.15033377728982875,0.2517985611510792,cytosol,15,0
compartment,expression_summary+protein_features,median,rank,50,0.0,25,42,3000,17,4,0.007333333333333333,5,compartment;compartment_best;lopit_map;lopit_mcmc;lopit_unified,0.15019867656186978,0.29577464788732394,ER,17,0
compartment,interactions,median,rank,15,0.25,60,42,3000,4,14,0.244,5,compartment;compartment_best;lopit_map;lopit_mcmc;lopit_unified,0.15013313243884904,0.2545454545454546,cytosol,15,0
compartment,interactions,median,rank,50,0.0,60,42,3000,4,16,0.071,5,compartment;compartment_best;lopit_map;lopit_mcmc;lopit_unified,0.14969853924114124,0.2441860465116279,cytosol,17,0
compartment,expression_raw+fitness_screens+interactions,median,rank,15,0.25,25,42,3000,30,7,0.10533333333333333,5,compartment;compartment_best;lopit_map;lopit_mcmc;lopit_unified,0.14963626492834317,0.2516556291390728,cytosol,15,0
compartment,expression_summary+expression_raw+protein_features,median,rank,50,0.25,60,42,3000,35,4,0.15533333333333332,5,compartment;compartment_best;lopit_map;lopit_mcmc;lopit_unified,0.14920830698426707,0.2703252032520325,cytosol,16,0
compartment,fitness_screens+published_screens+interactions,median,rank,15,0.25,25,42,3000,24,7,0.15933333333333333,5,compartment;compartment_best;lopit_map;lopit_mcmc;lopit_unified,0.14919539459760123,0.22505800464037123,nucleus - chromatin,14,0
compartment,expression_summary+published_screens+interactions,median,rank,15,0.25,25,42,3000,20,7,0.17466666666666666,5,compartment;compartment_best;lopit_map;lopit_mcmc;lopit_unified,0.1488004551555261,0.2291350531107739,nucleus - chromatin,14,0
compartment,expression_summary+expression_raw+protein_features,median,rank,15,0.25,60,42,3000,35,3,0.15033333333333335,5,compartment;compartment_best;lopit_map;lopit_mcmc;lopit_unified,0.1487365077259003,0.26004228329809725,cytosol,15,0
compartment,published_screens+protein_features,median,rank,50,0.0,25,42,3000,25,14,0.07233333333333333,5,compartment;compartment_best;lopit_map;lopit_mcmc;lopit_unified,0.14828162314355875,0.27108433734939763,ER,16,0
compartment,expression_summary+protein_features+interactions,median,rank,15,0.0,25,42,3000,21,15,0.073,5,compartment;compartment_best;lopit_map;lopit_mcmc;lopit_unified,0.14805371325529382,0.22829581993569129,nucleus - chromatin,15,0
compartment,published_screens+interactions,median,rank,50,0.25,25,42,3000,16,11,0.13333333333333333,5,compartment;compartment_best;lopit_map;lopit_mcmc;lopit_unified,0.14751885822050487,0.22435897435897434,cytosol,15,0
compartment,protein_features,median,rank,15,0.0,25,42,3000,13,33,0.041666666666666664,5,compartment;compartment_best;lopit_map;lopit_mcmc;lopit_unified,0.14746683008769046,0.2695035460992908,ER,17,0
compartment,expression_raw+fitness_screens+protein_features,median,rank,15,0.0,25,42,3000,39,5,0.015,5,compartment;compartment_best;lopit_map;lopit_mcmc;lopit_unified,0.14743953102705484,0.2530009233610342,cytosol,16,0
compartment,expression_summary+protein_features,median,rank,15,0.0,60,42,3000,17,4,0.0,5,compartment;compartment_best;lopit_map;lopit_mcmc;lopit_unified,0.14704314170450852,0.2765273311897106,ER,17,0
compartment,expression_summary+published_screens+interactions,median,rank,50,0.25,60,42,3000,20,5,0.18966666666666668,5,compartment;compartment_best;lopit_map;lopit_mcmc;lopit_unified,0.14690664011255047,0.22718570516911296,nucleus - chromatin,13,0
compartment,interactions,median,rank,50,0.25,60,42,3000,4,14,0.06866666666666667,5,compartment;compartment_best;lopit_map;lopit_mcmc;lopit_unified,0.14689288568133102,0.24347826086956526,cytosol,17,0
compartment,published_screens+interactions,median,rank,50,0.25,60,42,3000,16,6,0.18233333333333332,5,compartment;compartment_best;lopit_map;lopit_mcmc;lopit_unified,0.14684911044424012,0.23097463284379174,nucleus - chromatin,14,0
compartment,published_screens+interactions,median,rank,15,0.0,25,42,3000,16,21,0.09166666666666666,5,compartment;compartment_best;lopit_map;lopit_mcmc;lopit_unified,0.1464748978354414,0.2193211488250653,nucleus - chromatin,16,0
compartment,expression_summary+fitness_screens,median,rank,15,0.0,60,42,3000,12,4,0.365,5,compartment;compartment_best;lopit_map;lopit_mcmc;lopit_unified,0.14631960596444474,0.24755700325732902,cytosol,12,0
compartment,expression_raw+published_screens+interactions,median,rank,50,0.25,60,42,3000,34,5,0.154,5,compartment;compartment_best;lopit_map;lopit_mcmc;lopit_unified,0.14619875548479416,0.23404255319148937,cytosol,14,0
compartment,expression_raw+fitness_screens+interactions,median,rank,15,0.0,25,42,3000,30,8,0.035666666666666666,5,compartment;compartment_best;lopit_map;lopit_mcmc;lopit_unified,0.1459706999715156,0.2367601246105919,cytosol,16,0
compartment,expression_raw+published_screens+interactions,median,rank,50,0.0,60,42,3000,34,4,0.001,5,compartment;compartment_best;lopit_map;lopit_mcmc;lopit_unified,0.14576216699383956,0.24277456647398843,cytosol,17,0
compartment,fitness_screens+published_screens+protein_features,median,rank,15,0.25,25,42,3000,33,5,0.09066666666666667,5,compartment;compartment_best;lopit_map;lopit_mcmc;lopit_unified,0.14570543857928406,0.26909090909090905,ER,15,0
compartment,expression_summary+published_screens+interactions,median,rank,50,0.25,25,42,3000,20,5,0.086,5,compartment;compartment_best;lopit_map;lopit_mcmc;lopit_unified,0.14562911655648178,0.22566646001239926,nucleus - chromatin,14,0
compartment,expression_raw+published_screens+interactions,median,rank,50,0.25,25,42,3000,34,5,0.07766666666666666,5,compartment;compartment_best;lopit_map;lopit_mcmc;lopit_unified,0.14487484576693746,0.2251655629139073,cytosol,15,0
compartment,interactions,median,rank,50,0.25,25,42,3000,4,26,0.036333333333333336,5,compartment;compartment_best;lopit_map;lopit_mcmc;lopit_unified,0.1446711070101283,0.23661971830985915,cytosol,17,0
compartment,protein_features+interactions,median,rank,15,0.0,25,42,3000,17,42,0.068,5,compartment;compartment_best;lopit_map;lopit_mcmc;lopit_unified,0.14445514953728172,0.20930232558139533,ER,16,0
compartment,expression_raw+fitness_screens+interactions,median,rank,50,0.0,60,42,3000,30,6,0.04,5,compartment;compartment_best;lopit_map;lopit_mcmc;lopit_unified,0.1441556797367723,0.23492063492063492,cytosol,16,0
compartment,expression_summary+interactions,median,rank,15,0.0,25,42,3000,8,22,0.14466666666666667,5,compartment;compartment_best;lopit_map;lopit_mcmc;lopit_unified,0.14386431037194078,0.23636363636363636,cytosol,15,0
compartment,expression_raw+interactions,median,rank,15,0.0,60,42,3000,22,8,0.031,5,compartment;compartment_best;lopit_map;lopit_mcmc;lopit_unified,0.1436965121881732,0.2287390029325513,cytosol,17,0
compartment,expression_summary+fitness_screens,median,rank,15,0.25,60,42,3000,12,3,0.621,5,compartment;compartment_best;lopit_map;lopit_mcmc;lopit_unified,0.14298791846790695,0.22073578595317725,nucleus - chromatin,9,0
compartment,expression_summary+fitness_screens+published_screens,median,rank,50,0.25,25,42,3000,24,4,0.22866666666666666,5,compartment;compartment_best;lopit_map;lopit_mcmc;lopit_unified,0.14289320817412254,0.23402163225172073,nucleus - chromatin,13,0
compartment,expression_summary+expression_raw+published_screens,median,rank,15,0.0,60,42,3000,34,5,0.09966666666666667,5,compartment;compartment_best;lopit_map;lopit_mcmc;lopit_unified,0.14263573515709974,0.25,cytosol,16,0
compartment,expression_raw+fitness_screens+interactions,median,rank,50,0.0,25,42,3000,30,6,0.028666666666666667,5,compartment;compartment_best;lopit_map;lopit_mcmc;lopit_unified,0.14246682376092018,0.23384615384615387,cytosol,16,0
compartment,expression_raw+published_screens+interactions,median,rank,15,0.25,60,42,3000,34,5,0.106,5,compartment;compartment_best;lopit_map;lopit_mcmc;lopit_unified,0.14194535068197753,0.2178571428571429,nucleus - chromatin,15,0
compartment,expression_summary+expression_raw,median,rank,15,0.25,60,42,3000,22,4,0.30266666666666664,5,compartment;compartment_best;lopit_map;lopit_mcmc;lopit_unified,0.14133009257882662,0.21889055472263866,nucleus - chromatin,12,0
compartment,expression_raw+interactions,median,rank,50,0.0,60,42,3000,22,7,0.0003333333333333333,5,compartment;compartment_best;lopit_map;lopit_mcmc;lopit_unified,0.14124162480421593,0.23564954682779454,cytosol,17,0
compartment,expression_raw+interactions,median,rank,15,0.0,25,42,3000,22,9,0.006,5,compartment;compartment_best;lopit_map;lopit_mcmc;lopit_unified,0.141208812816933,0.22763157894736843,nucleus - chromatin,17,0
compartment,expression_raw+published_screens,median,rank,50,0.0,25,42,3000,30,8,0.06766666666666667,5,compartment;compartment_best;lopit_map;lopit_mcmc;lopit_unified,0.1411803064701827,0.2354533152909337,nucleus - chromatin,16,0
compartment,fitness_screens+interactions,median,rank,15,0.25,60,42,3000,12,5,0.10533333333333333,5,compartment;compartment_best;lopit_map;lopit_mcmc;lopit_unified,0.14105342162019,0.2360248447204969,cytosol,15,0
compartment,expression_summary+protein_features+interactions,median,rank,50,0.0,25,42,3000,21,6,0.0033333333333333335,5,compartment;compartment_best;lopit_map;lopit_mcmc;lopit_unified,0.14103702014936934,0.2248157248157248,nucleus - chromatin,17,0
compartment,expression_raw+protein_features,median,rank,15,0.25,25,42,3000,31,13,0.13666666666666666,5,compartment;compartment_best;lopit_map;lopit_mcmc;lopit_unified,0.1406506830724133,0.20689655172413793,rhoptries 1,16,0
compartment,expression_summary+published_screens+interactions,median,rank,50,0.0,60,42,3000,20,5,0.024666666666666667,5,compartment;compartment_best;lopit_map;lopit_mcmc;lopit_unified,0.14058045319027443,0.224188790560472,nucleus - chromatin,15,0
compartment,expression_summary+expression_raw+interactions,median,rank,50,0.25,25,42,3000,26,7,0.09833333333333333,5,compartment;compartment_best;lopit_map;lopit_mcmc;lopit_unified,0.14040100052454832,0.24516129032258066,cytosol,16,0
compartment,expression_raw+interactions,median,rank,50,0.0,25,42,3000,22,9,0.0023333333333333335,5,compartment;compartment_best;lopit_map;lopit_mcmc;lopit_unified,0.14036761187622837,0.23564954682779454,cytosol,17,0
compartment,expression_raw+fitness_screens+interactions,median,rank,15,0.0,60,42,3000,30,6,0.024666666666666667,5,compartment;compartment_best;lopit_map;lopit_mcmc;lopit_unified,0.14007532036850398,0.23170731707317072,cytosol,17,0
compartment,expression_raw+published_screens,median,rank,15,0.25,25,42,3000,30,7,0.16566666666666666,5,compartment;compartment_best;lopit_map;lopit_mcmc;lopit_unified,0.1400371961215679,0.22518321119253829,nucleus - chromatin,14,0
compartment,fitness_screens+interactions,median,rank,15,0.25,25,42,3000,12,7,0.052333333333333336,5,compartment;compartment_best;lopit_map;lopit_mcmc;lopit_unified,0.13994776948847337,0.2324159021406728,cytosol,16,0
compartment,expression_summary+expression_raw,median,rank,50,0.25,60,42,3000,22,4,0.24566666666666667,5,compartment;compartment_best;lopit_map;lopit_mcmc;lopit_unified,0.13964700602584565,0.2285714285714286,dense granules,14,0
compartment,expression_raw+published_screens,median,rank,15,0.0,25,42,3000,30,8,0.019333333333333334,5,compartment;compartment_best;lopit_map;lopit_mcmc;lopit_unified,0.13950434351104732,0.23220973782771537,nucleus - chromatin,17,0
compartment,expression_raw+published_screens,median,rank,50,0.0,60,42,3000,30,6,0.09966666666666667,5,compartment;compartment_best;lopit_map;lopit_mcmc;lopit_unified,0.13897807518913047,0.23011363636363635,nucleus - chromatin,17,0
compartment,fitness_screens+published_screens+protein_features,median,rank,15,0.0,25,42,3000,33,4,0.0,5,compartment;compartment_best;lopit_map;lopit_mcmc;lopit_unified,0.138967087355999,0.2611275964391691,ER,17,0
compartment,published_screens+protein_features,median,rank,15,0.25,60,42,3000,25,3,0.007333333333333333,5,compartment;compartment_best;lopit_map;lopit_mcmc;lopit_unified,0.13896174985011134,0.25936599423631124,ER,17,0
compartment,expression_raw+published_screens+interactions,median,rank,50,0.0,25,42,3000,34,5,0.012,5,compartment;compartment_best;lopit_map;lopit_mcmc;lopit_unified,0.1382832932603676,0.2174160500853728,nucleus - chromatin,16,0
compartment,expression_summary+published_screens+interactions,median,rank,50,0.0,25,42,3000,20,5,0.015333333333333332,5,compartment;compartment_best;lopit_map;lopit_mcmc;lopit_unified,0.13726200184328738,0.22118197776477472,nucleus - chromatin,16,0
compartment,expression_raw+fitness_screens+protein_features,median,rank,15,0.0,60,42,3000,39,3,0.029666666666666668,5,compartment;compartment_best;lopit_map;lopit_mcmc;lopit_unified,0.13717042405165672,0.24709042076991944,cytosol,16,0
compartment,published_screens+protein_features,median,rank,15,0.25,25,42,3000,25,3,0.0006666666666666666,5,compartment;compartment_best;lopit_map;lopit_mcmc;lopit_unified,0.13715070828075016,0.24456521739130435,ER,17,0
compartment,published_screens+protein_features,median,rank,50,0.0,60,42,3000,25,3,0.0,5,compartment;compartment_best;lopit_map;lopit_mcmc;lopit_unified,0.13694086449788578,0.2432432432432432,ER,17,0
compartment,published_screens+protein_features,median,rank,50,0.25,25,42,3000,25,3,0.003,5,compartment;compartment_best;lopit_map;lopit_mcmc;lopit_unified,0.1367891770653307,0.24725274725274723,ER,17,0
compartment,expression_raw+published_screens+interactions,median,rank,15,0.0,60,42,3000,34,5,0.007,5,compartment;compartment_best;lopit_map;lopit_mcmc;lopit_unified,0.13655430487470974,0.21556886227544908,cytosol,17,0
compartment,interactions,median,rank,15,0.25,25,42,3000,4,35,0.04533333333333334,5,compartment;compartment_best;lopit_map;lopit_mcmc;lopit_unified,0.13652637789302957,0.24068767908309455,cytosol,17,0
compartment,protein_features,median,rank,50,0.25,25,42,3000,13,18,0.013,5,compartment;compartment_best;lopit_map;lopit_mcmc;lopit_unified,0.1364988759314808,0.23913043478260868,PM - peripheral 1,17,0
compartment,expression_summary+fitness_screens+protein_features,median,rank,15,0.0,25,42,3000,25,8,0.057,5,compartment;compartment_best;lopit_map;lopit_mcmc;lopit_unified,0.13607737804957998,0.24731182795698922,cytosol,16,0
compartment,fitness_screens+published_screens+interactions,median,rank,50,0.0,60,42,3000,24,5,0.11366666666666667,5,compartment;compartment_best;lopit_map;lopit_mcmc;lopit_unified,0.1359195699699463,0.22458100558659214,nucleus - chromatin,15,0
compartment,protein_features,median,rank,15,0.25,60,42,3000,13,12,0.049,5,compartment;compartment_best;lopit_map;lopit_mcmc;lopit_unified,0.13577303194152082,0.21195652173913046,nucleus - chromatin,17,0
compartment,expression_summary+published_screens+interactions,median,rank,15,0.0,60,42,3000,20,5,0.035,5,compartment;compartment_best;lopit_map;lopit_mcmc;lopit_unified,0.1354777360747984,0.22032085561497328,nucleus - chromatin,16,0
compartment,published_screens+interactions,median,rank,15,0.0,60,42,3000,16,6,0.030666666666666665,5,compartment;compartment_best;lopit_map;lopit_mcmc;lopit_unified,0.1348456938347745,0.22497055359246174,nucleus - chromatin,17,0
compartment,fitness_screens+interactions,median,rank,50,0.0,60,42,3000,12,5,0.042333333333333334,5,compartment;compartment_best;lopit_map;lopit_mcmc;lopit_unified,0.13393743942723785,0.22686567164179106,cytosol,17,0
compartment,expression_summary+expression_raw+interactions,median,rank,15,0.0,25,42,3000,26,6,0.0,5,compartment;compartment_best;lopit_map;lopit_mcmc;lopit_unified,0.1338702593365618,0.23423423423423426,cytosol,17,0
compartment,expression_summary+expression_raw,median,rank,15,0.0,60,42,3000,22,4,0.1,5,compartment;compartment_best;lopit_map;lopit_mcmc;lopit_unified,0.1338246172552967,0.20840336134453782,nucleus - chromatin,15,0
compartment,fitness_screens+interactions,median,rank,15,0.0,25,42,3000,12,9,0.009666666666666667,5,compartment;compartment_best;lopit_map;lopit_mcmc;lopit_unified,0.13341328792638568,0.22287390029325516,cytosol,17,0
compartment,fitness_screens+published_screens+interactions,median,rank,15,0.0,25,42,3000,24,9,0.017666666666666667,5,compartment;compartment_best;lopit_map;lopit_mcmc;lopit_unified,0.1333592136151243,0.22209631728045323,nucleus - chromatin,17,0
compartment,expression_summary+fitness_screens+interactions,median,rank,15,0.25,60,42,3000,16,4,0.13333333333333333,5,compartment;compartment_best;lopit_map;lopit_mcmc;lopit_unified,0.13323276196510722,0.23225806451612901,cytosol,15,0
compartment,published_screens+interactions,median,rank,50,0.0,60,42,3000,16,6,0.0,5,compartment;compartment_best;lopit_map;lopit_mcmc;lopit_unified,0.13294849637112402,0.22094361334867665,nucleus - chromatin,17,0
compartment,published_screens+interactions,median,rank,50,0.0,25,42,3000,16,6,0.0,5,compartment;compartment_best;lopit_map;lopit_mcmc;lopit_unified,0.13294849637112402,0.22094361334867665,nucleus - chromatin,17,0
compartment,interactions,median,rank,50,0.0,25,42,3000,4,49,0.09033333333333333,5,compartment;compartment_best;lopit_map;lopit_mcmc;lopit_unified,0.13265181501814585,0.24925816023738875,cytosol,16,0
compartment,protein_features+interactions,median,rank,15,0.25,60,42,3000,17,7,0.056,5,compartment;compartment_best;lopit_map;lopit_mcmc;lopit_unified,0.1320581740260812,0.2502172024326672,nucleus - chromatin,15,0
compartment,fitness_screens+published_screens+interactions,median,rank,15,0.0,60,42,3000,24,5,0.03233333333333333,5,compartment;compartment_best;lopit_map;lopit_mcmc;lopit_unified,0.13203347238585697,0.2220963172804533,nucleus - chromatin,17,0
compartment,protein_features,median,rank,50,0.25,60,42,3000,13,8,0.005,5,compartment;compartment_best;lopit_map;lopit_mcmc;lopit_unified,0.13200989313317762,0.22705314009661837,nucleus - chromatin,17,0
compartment,fitness_screens+interactions,median,rank,15,0.0,60,42,3000,12,5,0.002,5,compartment;compartment_best;lopit_map;lopit_mcmc;lopit_unified,0.13175522753542704,0.22287390029325516,cytosol,17,0
compartment,interactions,median,rank,15,0.0,60,42,3000,4,19,0.17733333333333334,5,compartment;compartment_best;lopit_map;lopit_mcmc;lopit_unified,0.13134511931242032,0.25,cytosol,16,0
compartment,fitness_screens+published_screens+interactions,median,rank,15,0.25,60,42,3000,24,4,0.2786666666666667,5,compartment;compartment_best;lopit_map;lopit_mcmc;lopit_unified,0.1302168612010275,0.23331173039533376,nucleus - chromatin,14,0
compartment,fitness_screens+protein_features,median,rank,15,0.0,60,42,3000,21,4,0.01,5,compartment;compartment_best;lopit_map;lopit_mcmc;lopit_unified,0.12932468444905962,0.24444444444444444,PM - peripheral 1,17,0
compartment,fitness_screens+published_screens+interactions,median,rank,50,0.25,60,42,3000,24,4,0.33266666666666667,5,compartment;compartment_best;lopit_map;lopit_mcmc;lopit_unified,0.12898921645896402,0.22674813306177868,nucleus - chromatin,13,0
compartment,interactions,median,rank,15,0.0,25,42,3000,4,49,0.06566666666666666,5,compartment;compartment_best;lopit_map;lopit_mcmc;lopit_unified,0.12892250764139795,0.24561403508771934,cytosol,15,0
compartment,expression_summary+protein_features,median,rank,50,0.25,60,42,3000,17,3,0.033,5,compartment;compartment_best;lopit_map;lopit_mcmc;lopit_unified,0.12889925063708277,0.22760290556900728,nucleus - chromatin,16,0
compartment,expression_summary+interactions,median,rank,15,0.0,60,42,3000,8,5,0.0,5,compartment;compartment_best;lopit_map;lopit_mcmc;lopit_unified,0.12832320352524604,0.22608695652173913,cytosol,17,0
compartment,expression_summary+protein_features,median,rank,50,0.25,25,42,3000,17,3,0.01,5,compartment;compartment_best;lopit_map;lopit_mcmc;lopit_unified,0.12669617166001776,0.22434367541766106,nucleus - chromatin,16,0
compartment,fitness_screens+protein_features,median,rank,15,0.0,25,42,3000,21,16,0.10266666666666667,5,compartment;compartment_best;lopit_map;lopit_mcmc;lopit_unified,0.12616967511424185,0.20010422094841063,nucleus - chromatin,15,0
compartment,fitness_screens+interactions,median,rank,50,0.25,25,42,3000,12,5,0.033666666666666664,5,compartment;compartment_best;lopit_map;lopit_mcmc;lopit_unified,0.12574899122528418,0.225705329153605,cytosol,15,0
compartment,published_screens+protein_features+interactions,median,rank,15,0.0,60,42,3000,29,5,0.0,5,compartment;compartment_best;lopit_map;lopit_mcmc;lopit_unified,0.1255894055050408,0.26422372227579555,nucleus - chromatin,17,0
compartment,expression_raw+protein_features,median,rank,50,0.0,60,42,3000,31,3,0.0,5,compartment;compartment_best;lopit_map;lopit_mcmc;lopit_unified,0.1253728675633905,0.22505985634477257,nucleus - chromatin,17,0
compartment,expression_summary+protein_features,median,rank,50,0.0,60,42,3000,17,3,0.0,5,compartment;compartment_best;lopit_map;lopit_mcmc;lopit_unified,0.12530199732377248,0.22488038277511962,nucleus - chromatin,17,0
compartment,expression_summary+fitness_screens+interactions,median,rank,15,0.0,25,42,3000,16,4,0.008333333333333333,5,compartment;compartment_best;lopit_map;lopit_mcmc;lopit_unified,0.12462545011971259,0.2195845697329377,cytosol,16,0
compartment,expression_summary+interactions,median,rank,50,0.0,25,42,3000,8,5,0.0003333333333333333,5,compartment;compartment_best;lopit_map;lopit_mcmc;lopit_unified,0.12301467781297777,0.2222222222222222,cytosol,17,0
compartment,expression_summary+interactions,median,rank,50,0.0,60,42,3000,8,4,0.0,5,compartment;compartment_best;lopit_map;lopit_mcmc;lopit_unified,0.12295301795793993,0.2215743440233236,cytosol,17,0
compartment,published_screens+protein_features+interactions,median,rank,50,0.0,25,42,3000,29,13,0.059666666666666666,5,compartment;compartment_best;lopit_map;lopit_mcmc;lopit_unified,0.12218356205273341,0.21749408983451535,nucleus - chromatin,17,0
compartment,fitness_screens+interactions,median,rank,50,0.25,60,42,3000,12,4,0.11466666666666667,5,compartment;compartment_best;lopit_map;lopit_mcmc;lopit_unified,0.12123976361910478,0.18726591760299624,cytosol,14,0
compartment,expression_summary+interactions,median,rank,50,0.25,25,42,3000,8,3,0.0003333333333333333,5,compartment;compartment_best;lopit_map;lopit_mcmc;lopit_unified,0.12080605847873738,0.22740524781341107,cytosol,17,0
compartment,expression_summary+interactions,median,rank,15,0.25,60,42,3000,8,3,0.0,5,compartment;compartment_best;lopit_map;lopit_mcmc;lopit_unified,0.12062320748992195,0.22608695652173913,cytosol,17,0
compartment,expression_summary+interactions,median,rank,15,0.25,25,42,3000,8,3,0.0,5,compartment;compartment_best;lopit_map;lopit_mcmc;lopit_unified,0.12062320748992195,0.22608695652173913,cytosol,17,0
compartment,expression_summary+fitness_screens+interactions,median,rank,15,0.0,60,42,3000,16,3,0.0003333333333333333,5,compartment;compartment_best;lopit_map;lopit_mcmc;lopit_unified,0.12006841519234891,0.2195845697329377,cytosol,17,0
compartment,expression_raw+fitness_screens,median,rank,15,0.25,25,42,3000,26,4,0.35633333333333334,5,compartment;compartment_best;lopit_map;lopit_mcmc;lopit_unified,0.11927205429186091,0.23140495867768598,dense granules,12,0
compartment,expression_raw+published_screens,median,rank,15,0.0,60,42,3000,30,2,0.0,5,compartment;compartment_best;lopit_map;lopit_mcmc;lopit_unified,0.11856368401799064,0.21009098428453268,cytosol,17,0
compartment,expression_summary+interactions,median,rank,50,0.25,60,42,3000,8,2,0.0,5,compartment;compartment_best;lopit_map;lopit_mcmc;lopit_unified,0.11826849116128622,0.22674418604651161,cytosol,17,0
compartment,expression_raw+interactions,median,rank,50,0.25,60,42,3000,22,2,0.0,5,compartment;compartment_best;lopit_map;lopit_mcmc;lopit_unified,0.11705105391723292,0.23564954682779454,cytosol,17,0
compartment,expression_raw+interactions,median,rank,50,0.25,25,42,3000,22,2,0.0,5,compartment;compartment_best;lopit_map;lopit_mcmc;lopit_unified,0.11705105391723292,0.23564954682779454,cytosol,17,0
compartment,expression_raw+interactions,median,rank,15,0.25,60,42,3000,22,2,0.0,5,compartment;compartment_best;lopit_map;lopit_mcmc;lopit_unified,0.11702517170211418,0.2349397590361446,cytosol,17,0
compartment,expression_summary+expression_raw,median,rank,15,0.25,25,42,3000,22,6,0.139,5,compartment;compartment_best;lopit_map;lopit_mcmc;lopit_unified,0.11597738881856709,0.20454545454545456,nucleus - chromatin,14,0
compartment,expression_raw+protein_features,median,rank,15,0.25,60,42,3000,31,2,0.009,5,compartment;compartment_best;lopit_map;lopit_mcmc;lopit_unified,0.11507783803706177,0.20052219321148826,nucleus - chromatin,16,0
compartment,expression_raw+protein_features+interactions,median,rank,15,0.25,25,42,3000,35,4,0.0036666666666666666,5,compartment;compartment_best;lopit_map;lopit_mcmc;lopit_unified,0.11452733227856338,0.23243933588761176,nucleus - chromatin,17,0
compartment,expression_summary+fitness_screens,median,rank,50,0.25,25,42,3000,12,5,0.3433333333333333,5,compartment;compartment_best;lopit_map;lopit_mcmc;lopit_unified,0.11362144190145684,0.18672665916760406,nucleus - chromatin,12,0
compartment,expression_raw+fitness_screens,median,rank,15,0.0,60,42,3000,26,2,0.134,5,compartment;compartment_best;lopit_map;lopit_mcmc;lopit_unified,0.11314745475034832,0.20994475138121546,dense granules,16,0
compartment,expression_summary+expression_raw+fitness_screens,median,rank,15,0.25,60,42,3000,30,2,0.4116666666666667,5,compartment;compartment_best;lopit_map;lopit_mcmc;lopit_unified,0.11299152297384218,0.19270549809471968,nucleus - chromatin,12,0
compartment,expression_summary,median,rank,15,0.25,60,42,3000,4,2,0.21833333333333332,5,compartment;compartment_best;lopit_map;lopit_mcmc;lopit_unified,0.11265754891717006,0.20609462710505214,nucleus - chromatin,15,0
compartment,fitness_screens+protein_features,median,rank,50,0.0,25,42,3000,21,2,0.0,5,compartment;compartment_best;lopit_map;lopit_mcmc;lopit_unified,0.11255495768531251,0.19804022692109335,nucleus - chromatin,17,0
compartment,fitness_screens+protein_features,median,rank,50,0.25,60,42,3000,21,2,0.0,5,compartment;compartment_best;lopit_map;lopit_mcmc;lopit_unified,0.11255495768531251,0.19804022692109335,nucleus - chromatin,17,0
compartment,fitness_screens+protein_features,median,rank,50,0.25,25,42,3000,21,2,0.0,5,compartment;compartment_best;lopit_map;lopit_mcmc;lopit_unified,0.11255495768531251,0.19804022692109335,nucleus - chromatin,17,0
compartment,fitness_screens+protein_features,median,rank,50,0.0,60,42,3000,21,2,0.0,5,compartment;compartment_best;lopit_map;lopit_mcmc;lopit_unified,0.11255495768531251,0.19804022692109335,nucleus - chromatin,17,0
compartment,expression_raw+protein_features,median,rank,50,0.25,60,42,3000,31,2,0.0003333333333333333,5,compartment;compartment_best;lopit_map;lopit_mcmc;lopit_unified,0.11254323242560947,0.2003129890453834,nucleus - chromatin,17,0
compartment,fitness_screens+protein_features,median,rank,15,0.25,60,42,3000,21,2,0.0,5,compartment;compartment_best;lopit_map;lopit_mcmc;lopit_unified,0.11253271020946325,0.1981424148606811,nucleus - chromatin,17,0
compartment,fitness_screens+protein_features,median,rank,15,0.25,25,42,3000,21,2,0.0,5,compartment;compartment_best;lopit_map;lopit_mcmc;lopit_unified,0.11253271020946325,0.1981424148606811,nucleus - chromatin,17,0
compartment,expression_raw+protein_features,median,rank,50,0.25,25,42,3000,31,2,0.0,5,compartment;compartment_best;lopit_map;lopit_mcmc;lopit_unified,0.11243939185512088,0.20020855057351408,nucleus - chromatin,17,0
compartment,expression_summary,median,rank,50,0.25,60,42,3000,4,3,0.16366666666666665,5,compartment;compartment_best;lopit_map;lopit_mcmc;lopit_unified,0.11196490286928977,0.1987720644666155,nucleus - chromatin,14,0
compartment,expression_raw+published_screens+protein_features,median,rank,15,0.25,60,42,3000,43,2,0.02033333333333333,5,compartment;compartment_best;lopit_map;lopit_mcmc;lopit_unified,0.11184689547532597,0.2257309941520468,nucleus - chromatin,16,0
compartment,expression_raw+published_screens+protein_features,median,rank,50,0.25,25,42,3000,43,2,0.017333333333333333,5,compartment;compartment_best;lopit_map;lopit_mcmc;lopit_unified,0.11166898870878755,0.22533566841798014,nucleus - chromatin,16,0
compartment,expression_raw+protein_features+interactions,median,rank,15,0.25,60,42,3000,35,3,0.025666666666666667,5,compartment;compartment_best;lopit_map;lopit_mcmc;lopit_unified,0.11159196470090565,0.23184713375796182,nucleus - chromatin,17,0
compartment,expression_raw+published_screens+protein_features,median,rank,50,0.25,60,42,3000,43,2,0.013666666666666667,5,compartment;compartment_best;lopit_map;lopit_mcmc;lopit_unified,0.11152340476122458,0.2248107163657542,nucleus - chromatin,16,0
compartment,fitness_screens+published_screens+protein_features,median,rank,15,0.25,60,42,3000,33,2,0.017666666666666667,5,compartment;compartment_best;lopit_map;lopit_mcmc;lopit_unified,0.11130380768739709,0.227140361094933,nucleus - chromatin,16,0
compartment,fitness_screens+published_screens+protein_features,median,rank,50,0.25,60,42,3000,33,2,0.012666666666666666,5,compartment;compartment_best;lopit_map;lopit_mcmc;lopit_unified,0.11062431842113528,0.22687609075043627,nucleus - chromatin,16,0
compartment,protein_features+interactions,median,rank,50,0.25,60,42,3000,17,2,0.0,5,compartment;compartment_best;lopit_map;lopit_mcmc;lopit_unified,0.11045386188369856,0.23297262889879056,nucleus - chromatin,17,0
compartment,expression_summary+protein_features+interactions,median,rank,15,0.25,60,42,3000,21,3,0.007333333333333333,5,compartment;compartment_best;lopit_map;lopit_mcmc;lopit_unified,0.10969082418773514,0.2256857855361596,nucleus - chromatin,17,0
compartment,published_screens+protein_features,median,rank,50,0.25,60,42,3000,25,2,0.006666666666666667,5,compartment;compartment_best;lopit_map;lopit_mcmc;lopit_unified,0.10926033613022774,0.22727272727272727,nucleus - chromatin,17,0
compartment,published_screens+protein_features+interactions,median,rank,50,0.25,25,42,3000,29,2,0.0,5,compartment;compartment_best;lopit_map;lopit_mcmc;lopit_unified,0.10925197095782241,0.22676797194623025,nucleus - chromatin,17,0
compartment,published_screens+protein_features+interactions,median,rank,50,0.25,60,42,3000,29,2,0.0,5,compartment;compartment_best;lopit_map;lopit_mcmc;lopit_unified,0.10925197095782241,0.22676797194623025,nucleus - chromatin,17,0
compartment,expression_summary+expression_raw,median,rank,15,0.0,25,42,3000,22,5,0.007333333333333333,5,compartment;compartment_best;lopit_map;lopit_mcmc;lopit_unified,0.10911821540085195,0.19846210179421458,nucleus - chromatin,17,0
compartment,expression_summary+expression_raw+fitness_screens,median,rank,50,0.25,60,42,3000,30,2,0.22233333333333333,5,compartment;compartment_best;lopit_map;lopit_mcmc;lopit_unified,0.10909206542390981,0.18855496088925486,nucleus - chromatin,13,0
compartment,fitness_screens+protein_features+interactions,median,rank,50,0.25,25,42,3000,25,2,0.0,5,compartment;compartment_best;lopit_map;lopit_mcmc;lopit_unified,0.10907362061516364,0.2234891676168757,nucleus - chromatin,17,0
compartment,fitness_screens+protein_features+interactions,median,rank,50,0.25,60,42,3000,25,2,0.0,5,compartment;compartment_best;lopit_map;lopit_mcmc;lopit_unified,0.10907362061516364,0.2234891676168757,nucleus - chromatin,17,0
compartment,expression_summary+protein_features+interactions,median,rank,15,0.25,25,42,3000,21,3,0.0,5,compartment;compartment_best;lopit_map;lopit_mcmc;lopit_unified,0.10904086799954245,0.22386223862238624,nucleus - chromatin,17,0
compartment,published_screens+protein_features+interactions,median,rank,50,0.0,60,42,3000,29,2,0.0,5,compartment;compartment_best;lopit_map;lopit_mcmc;lopit_unified,0.10902852080875541,0.2257309941520468,nucleus - chromatin,17,0
compartment,published_screens+protein_features+interactions,median,rank,15,0.25,25,42,3000,29,2,0.0,5,compartment;compartment_best;lopit_map;lopit_mcmc;lopit_unified,0.10898305510794988,0.22520420070011668,nucleus - chromatin,17,0
compartment,published_screens+protein_features+interactions,median,rank,15,0.25,60,42,3000,29,2,0.0,5,compartment;compartment_best;lopit_map;lopit_mcmc;lopit_unified,0.10898305510794988,0.22520420070011668,nucleus - chromatin,17,0
compartment,fitness_screens+protein_features+interactions,median,rank,15,0.25,60,42,3000,25,2,0.0,5,compartment;compartment_best;lopit_map;lopit_mcmc;lopit_unified,0.10889358127731252,0.2234891676168757,nucleus - chromatin,17,0
compartment,fitness_screens+protein_features+interactions,median,rank,15,0.0,60,42,3000,25,2,0.0,5,compartment;compartment_best;lopit_map;lopit_mcmc;lopit_unified,0.10889358127731252,0.2234891676168757,nucleus - chromatin,17,0
compartment,fitness_screens+protein_features+interactions,median,rank,15,0.25,25,42,3000,25,2,0.0,5,compartment;compartment_best;lopit_map;lopit_mcmc;lopit_unified,0.10889358127731252,0.2234891676168757,nucleus - chromatin,17,0
compartment,fitness_screens+published_screens+protein_features,median,rank,50,0.25,25,42,3000,33,2,0.013,5,compartment;compartment_best;lopit_map;lopit_mcmc;lopit_unified,0.1088135973490663,0.22453703703703703,nucleus - chromatin,17,0
compartment,expression_raw+published_screens+protein_features,median,rank,15,0.0,60,42,3000,43,2,0.0,5,compartment;compartment_best;lopit_map;lopit_mcmc;lopit_unified,0.10880191176652898,0.22676797194623025,nucleus - chromatin,17,0
compartment,expression_raw+published_screens+protein_features,median,rank,15,0.0,25,42,3000,43,2,0.0,5,compartment;compartment_best;lopit_map;lopit_mcmc;lopit_unified,0.10880191176652898,0.22676797194623025,nucleus - chromatin,17,0
compartment,fitness_screens+protein_features+interactions,median,rank,50,0.0,60,42,3000,25,2,0.0,5,compartment;compartment_best;lopit_map;lopit_mcmc;lopit_unified,0.1086851888020808,0.22492753623188405,nucleus - chromatin,17,0
compartment,fitness_screens+protein_features+interactions,median,rank,50,0.0,25,42,3000,25,2,0.0,5,compartment;compartment_best;lopit_map;lopit_mcmc;lopit_unified,0.1086851888020808,0.22492753623188405,nucleus - chromatin,17,0
compartment,expression_summary+protein_features+interactions,median,rank,50,0.25,25,42,3000,21,2,0.0,5,compartment;compartment_best;lopit_map;lopit_mcmc;lopit_unified,0.10863466364001671,0.2248107163657542,nucleus - chromatin,17,0
compartment,expression_summary+protein_features+interactions,median,rank,50,0.25,60,42,3000,21,2,0.0,5,compartment;compartment_best;lopit_map;lopit_mcmc;lopit_unified,0.10863466364001671,0.2248107163657542,nucleus - chromatin,17,0
compartment,expression_summary+protein_features+interactions,median,rank,50,0.0,60,42,3000,21,2,0.0,5,compartment;compartment_best;lopit_map;lopit_mcmc;lopit_unified,0.10857329867186864,0.2248107163657542,nucleus - chromatin,17,0
compartment,fitness_screens+published_screens+protein_features,median,rank,15,0.0,60,42,3000,33,2,0.0,5,compartment;compartment_best;lopit_map;lopit_mcmc;lopit_unified,0.10837243566859761,0.22439585730724973,nucleus - chromatin,17,0
compartment,expression_summary,median,rank,15,0.0,60,42,3000,4,3,0.045,5,compartment;compartment_best;lopit_map;lopit_mcmc;lopit_unified,0.10836722263810916,0.18774080560420317,nucleus - chromatin,17,0
compartment,expression_raw+protein_features+interactions,median,rank,50,0.25,60,42,3000,35,2,0.0,5,compartment;compartment_best;lopit_map;lopit_mcmc;lopit_unified,0.1083436396056403,0.22234891676168755,nucleus - chromatin,17,0
compartment,expression_raw+protein_features+interactions,median,rank,50,0.25,25,42,3000,35,2,0.0,5,compartment;compartment_best;lopit_map;lopit_mcmc;lopit_unified,0.1083436396056403,0.22234891676168755,nucleus - chromatin,17,0
compartment,expression_raw+protein_features+interactions,median,rank,50,0.0,60,42,3000,35,2,0.0,5,compartment;compartment_best;lopit_map;lopit_mcmc;lopit_unified,0.1083436396056403,0.22234891676168755,nucleus - chromatin,17,0
compartment,fitness_screens+published_screens+protein_features,median,rank,50,0.0,60,42,3000,33,2,0.0,5,compartment;compartment_best;lopit_map;lopit_mcmc;lopit_unified,0.10826995483111025,0.22362385321100917,nucleus - chromatin,17,0
compartment,fitness_screens+published_screens+protein_features,median,rank,50,0.0,25,42,3000,33,2,0.0,5,compartment;compartment_best;lopit_map;lopit_mcmc;lopit_unified,0.10826995483111025,0.22362385321100917,nucleus - chromatin,17,0
compartment,expression_raw+published_screens+protein_features,median,rank,50,0.0,25,42,3000,43,2,0.0,5,compartment;compartment_best;lopit_map;lopit_mcmc;lopit_unified,0.10817482642499646,0.22325043377674958,nucleus - chromatin,17,0
compartment,expression_raw+published_screens+protein_features,median,rank,50,0.0,60,42,3000,43,2,0.0,5,compartment;compartment_best;lopit_map;lopit_mcmc;lopit_unified,0.10817482642499646,0.22325043377674958,nucleus - chromatin,17,0
compartment,expression_summary+published_screens+protein_features,median,rank,50,0.0,25,42,3000,29,2,0.0,5,compartment;compartment_best;lopit_map;lopit_mcmc;lopit_unified,0.108153606581657,0.22388920946335836,nucleus - chromatin,17,0
compartment,expression_summary+published_screens+protein_features,median,rank,50,0.0,60,42,3000,29,2,0.0,5,compartment;compartment_best;lopit_map;lopit_mcmc;lopit_unified,0.108153606581657,0.22388920946335836,nucleus - chromatin,17,0
compartment,expression_summary+published_screens+protein_features,median,rank,50,0.25,60,42,3000,29,2,0.0006666666666666666,5,compartment;compartment_best;lopit_map;lopit_mcmc;lopit_unified,0.10814639422247257,0.22363112391930837,nucleus - chromatin,17,0
compartment,expression_summary+published_screens+protein_features,median,rank,50,0.25,25,42,3000,29,2,0.0003333333333333333,5,compartment;compartment_best;lopit_map;lopit_mcmc;lopit_unified,0.10810579473315077,0.22350230414746544,nucleus - chromatin,17,0
compartment,expression_summary+published_screens+protein_features,median,rank,15,0.0,25,42,3000,29,2,0.0,5,compartment;compartment_best;lopit_map;lopit_mcmc;lopit_unified,0.10796716696483125,0.223121387283237,nucleus - chromatin,17,0
compartment,expression_summary+published_screens+protein_features,median,rank,15,0.0,60,42,3000,29,2,0.0,5,compartment;compartment_best;lopit_map;lopit_mcmc;lopit_unified,0.10796716696483125,0.223121387283237,nucleus - chromatin,17,0
compartment,expression_summary+published_screens+protein_features,median,rank,15,0.25,25,42,3000,29,2,0.0,5,compartment;compartment_best;lopit_map;lopit_mcmc;lopit_unified,0.10786065752513309,0.2219666474985624,nucleus - chromatin,17,0
compartment,expression_summary+published_screens+protein_features,median,rank,15,0.25,60,42,3000,29,2,0.0,5,compartment;compartment_best;lopit_map;lopit_mcmc;lopit_unified,0.10786065752513309,0.2219666474985624,nucleus - chromatin,17,0
compartment,expression_raw+fitness_screens,median,rank,15,0.25,60,42,3000,26,2,0.41733333333333333,5,compartment;compartment_best;lopit_map;lopit_mcmc;lopit_unified,0.107574938349907,0.18383167220376523,nucleus - chromatin,10,0
compartment,expression_summary,median,rank,15,0.0,25,42,3000,4,5,0.0,5,compartment;compartment_best;lopit_map;lopit_mcmc;lopit_unified,0.10640984583226289,0.18381344307270236,nucleus - chromatin,17,0
compartment,expression_summary+expression_raw+published_screens,median,rank,50,0.25,60,42,3000,34,2,0.196,5,compartment;compartment_best;lopit_map;lopit_mcmc;lopit_unified,0.10590066313398222,0.1844698462751281,nucleus - chromatin,14,0
compartment,expression_raw,median,rank,15,0.25,60,42,3000,18,2,0.07466666666666667,5,compartment;compartment_best;lopit_map;lopit_mcmc;lopit_unified,0.10334117328198816,0.18730703259005146,nucleus - chromatin,16,0
compartment,expression_raw+fitness_screens,median,rank,50,0.25,60,42,3000,26,2,0.3863333333333333,5,compartment;compartment_best;lopit_map;lopit_mcmc;lopit_unified,0.10313349122237317,0.18172157279489906,nucleus - chromatin,11,0
compartment,expression_summary,median,rank,50,0.0,60,42,3000,4,2,0.06133333333333333,5,compartment;compartment_best;lopit_map;lopit_mcmc;lopit_unified,0.10295783756476824,0.18847083189506386,nucleus - chromatin,17,0
compartment,expression_raw,median,rank,50,0.25,60,42,3000,18,2,0.07733333333333334,5,compartment;compartment_best;lopit_map;lopit_mcmc;lopit_unified,0.10234062944194279,0.18661116892126256,nucleus - chromatin,17,0
compartment,expression_raw,median,rank,15,0.25,25,42,3000,18,4,0.029666666666666668,5,compartment;compartment_best;lopit_map;lopit_mcmc;lopit_unified,0.10046302816069858,0.18163606010016695,nucleus - chromatin,16,0
compartment,expression_summary+fitness_screens,median,rank,50,0.0,60,42,3000,12,2,0.166,5,compartment;compartment_best;lopit_map;lopit_mcmc;lopit_unified,0.09962052800826396,0.17187500000000003,nucleus - chromatin,15,0
compartment,expression_summary+fitness_screens,median,rank,50,0.25,60,42,3000,12,2,0.47633333333333333,5,compartment;compartment_best;lopit_map;lopit_mcmc;lopit_unified,0.09804624946575274,0.16209628275441806,nucleus - chromatin,12,0
compartment,expression_raw,median,rank,15,0.0,25,42,3000,18,4,0.0,5,compartment;compartment_best;lopit_map;lopit_mcmc;lopit_unified,0.09793626798904846,0.17907510659232537,nucleus - chromatin,17,0
compartment,fitness_screens,median,rank,50,0.25,25,42,3000,8,2,0.0,5,compartment;compartment_best;lopit_map;lopit_mcmc;lopit_unified,0.0977964039323274,0.179124135660191,nucleus - chromatin,17,0
compartment,fitness_screens,median,rank,50,0.0,25,42,3000,8,2,0.0,5,compartment;compartment_best;lopit_map;lopit_mcmc;lopit_unified,0.0977964039323274,0.179124135660191,nucleus - chromatin,17,0
compartment,fitness_screens,median,rank,50,0.0,60,42,3000,8,2,0.0,5,compartment;compartment_best;lopit_map;lopit_mcmc;lopit_unified,0.0977964039323274,0.179124135660191,nucleus - chromatin,17,0
compartment,fitness_screens,median,rank,50,0.25,60,42,3000,8,2,0.0,5,compartment;compartment_best;lopit_map;lopit_mcmc;lopit_unified,0.0977964039323274,0.179124135660191,nucleus - chromatin,17,0
compartment,fitness_screens,median,rank,15,0.25,60,42,3000,8,2,0.0,5,compartment;compartment_best;lopit_map;lopit_mcmc;lopit_unified,0.09773037706120759,0.17900625205659756,nucleus - chromatin,17,0
compartment,fitness_screens,median,rank,15,0.0,25,42,3000,8,2,0.0,5,compartment;compartment_best;lopit_map;lopit_mcmc;lopit_unified,0.09773037706120759,0.17900625205659756,nucleus - chromatin,17,0
compartment,fitness_screens,median,rank,15,0.0,60,42,3000,8,2,0.0,5,compartment;compartment_best;lopit_map;lopit_mcmc;lopit_unified,0.09773037706120759,0.17900625205659756,nucleus - chromatin,17,0
compartment,fitness_screens,median,rank,15,0.25,25,42,3000,8,2,0.0,5,compartment;compartment_best;lopit_map;lopit_mcmc;lopit_unified,0.09773037706120759,0.17900625205659756,nucleus - chromatin,17,0
compartment,expression_raw,median,rank,50,0.25,25,42,3000,18,3,0.021333333333333333,5,compartment;compartment_best;lopit_map;lopit_mcmc;lopit_unified,0.09739915446909934,0.17790811339198437,nucleus - chromatin,17,0
compartment,expression_summary+fitness_screens+published_screens,median,rank,15,0.25,25,42,3000,24,4,0.12666666666666668,5,compartment;compartment_best;lopit_map;lopit_mcmc;lopit_unified,0.09720636953255098,0.16728076639646278,nucleus - chromatin,15,0
compartment,published_screens,median,rank,15,0.25,25,42,3000,12,2,0.0,5,compartment;compartment_best;lopit_map;lopit_mcmc;lopit_unified,0.09669263347658627,0.17714099641810482,nucleus - chromatin,17,0
compartment,published_screens,median,rank,15,0.25,60,42,3000,12,2,0.0,5,compartment;compartment_best;lopit_map;lopit_mcmc;lopit_unified,0.09669263347658627,0.17714099641810482,nucleus - chromatin,17,0
compartment,published_screens,median,rank,15,0.0,60,42,3000,12,2,0.0,5,compartment;compartment_best;lopit_map;lopit_mcmc;lopit_unified,0.09669078549177389,0.17719869706840388,nucleus - chromatin,17,0
compartment,published_screens,median,rank,15,0.0,25,42,3000,12,2,0.0,5,compartment;compartment_best;lopit_map;lopit_mcmc;lopit_unified,0.09669078549177389,0.17719869706840388,nucleus - chromatin,17,0
compartment,published_screens,median,rank,50,0.25,60,42,3000,12,2,0.0,5,compartment;compartment_best;lopit_map;lopit_mcmc;lopit_unified,0.09662996077258526,0.17700849118223386,nucleus - chromatin,17,0
compartment,published_screens,median,rank,50,0.25,25,42,3000,12,2,0.0,5,compartment;compartment_best;lopit_map;lopit_mcmc;lopit_unified,0.09662996077258526,0.17700849118223386,nucleus - chromatin,17,0
compartment,published_screens,median,rank,50,0.0,60,42,3000,12,2,0.0,5,compartment;compartment_best;lopit_map;lopit_mcmc;lopit_unified,0.09659883621124932,0.17695070192621615,nucleus - chromatin,17,0
compartment,published_screens,median,rank,50,0.0,25,42,3000,12,2,0.0,5,compartment;compartment_best;lopit_map;lopit_mcmc;lopit_unified,0.09659883621124932,0.17695070192621615,nucleus - chromatin,17,0
compartment,expression_raw,median,rank,15,0.0,60,42,3000,18,2,0.0,5,compartment;compartment_best;lopit_map;lopit_mcmc;lopit_unified,0.09640283200912514,0.17618586640851888,nucleus - chromatin,17,0
compartment,expression_raw,median,rank,50,0.0,25,42,3000,18,3,0.005,5,compartment;compartment_best;lopit_map;lopit_mcmc;lopit_unified,0.09640283200912514,0.17618586640851888,nucleus - chromatin,17,0
compartment,expression_raw,median,rank,50,0.0,60,42,3000,18,2,0.0,5,compartment;compartment_best;lopit_map;lopit_mcmc;lopit_unified,0.09640283200912514,0.17618586640851888,nucleus - chromatin,17,0
compartment,expression_summary+expression_raw+fitness_screens,median,rank,15,0.25,25,42,3000,30,2,0.07366666666666667,5,compartment;compartment_best;lopit_map;lopit_mcmc;lopit_unified,0.09636701238638401,0.1735900033772374,nucleus - chromatin,16,0
compartment,fitness_screens+published_screens,median,rank,15,0.25,60,42,3000,20,2,0.0,5,compartment;compartment_best;lopit_map;lopit_mcmc;lopit_unified,0.09634161090600772,0.1766990291262136,nucleus - chromatin,17,0
compartment,fitness_screens+published_screens,median,rank,15,0.25,25,42,3000,20,2,0.0,5,compartment;compartment_best;lopit_map;lopit_mcmc;lopit_unified,0.09634161090600772,0.1766990291262136,nucleus - chromatin,17,0
compartment,fitness_screens+published_screens,median,rank,15,0.0,60,42,3000,20,2,0.0,5,compartment;compartment_best;lopit_map;lopit_mcmc;lopit_unified,0.09634161090600772,0.1766990291262136,nucleus - chromatin,17,0
compartment,fitness_screens+published_screens,median,rank,15,0.0,25,42,3000,20,2,0.0,5,compartment;compartment_best;lopit_map;lopit_mcmc;lopit_unified,0.09634161090600772,0.1766990291262136,nucleus - chromatin,17,0
compartment,fitness_screens+published_screens,median,rank,50,0.0,25,42,3000,20,2,0.0,5,compartment;compartment_best;lopit_map;lopit_mcmc;lopit_unified,0.09631777447787691,0.17687074829931973,nucleus - chromatin,17,0
compartment,fitness_screens+published_screens,median,rank,50,0.0,60,42,3000,20,2,0.0,5,compartment;compartment_best;lopit_map;lopit_mcmc;lopit_unified,0.09631777447787691,0.17687074829931973,nucleus - chromatin,17,0
compartment,fitness_screens+published_screens,median,rank,50,0.25,25,42,3000,20,2,0.0,5,compartment;compartment_best;lopit_map;lopit_mcmc;lopit_unified,0.09624782938627009,0.17633711507293356,nucleus - chromatin,17,0
compartment,fitness_screens+published_screens,median,rank,50,0.25,60,42,3000,20,2,0.0,5,compartment;compartment_best;lopit_map;lopit_mcmc;lopit_unified,0.09624782938627009,0.17633711507293356,nucleus - chromatin,17,0
compartment,expression_summary+expression_raw,median,rank,50,0.0,25,42,3000,22,3,0.0006666666666666666,5,compartment;compartment_best;lopit_map;lopit_mcmc;lopit_unified,0.09592672046224161,0.17533718689788055,nucleus - chromatin,17,0
compartment,expression_summary+expression_raw,median,rank,50,0.0,60,42,3000,22,2,0.0,5,compartment;compartment_best;lopit_map;lopit_mcmc;lopit_unified,0.09592672046224161,0.17533718689788055,nucleus - chromatin,17,0
compartment,published_screens+interactions,median,rank,15,0.25,60,42,3000,16,2,0.0,5,compartment;compartment_best;lopit_map;lopit_mcmc;lopit_unified,0.09515885877750212,0.1674656439757111,nucleus - chromatin,17,0
compartment,published_screens+interactions,median,rank,15,0.25,25,42,3000,16,2,0.0,5,compartment;compartment_best;lopit_map;lopit_mcmc;lopit_unified,0.09515885877750212,0.1674656439757111,nucleus - chromatin,17,0
compartment,expression_raw+fitness_screens+published_screens,median,rank,15,0.25,25,42,3000,38,3,0.08866666666666667,5,compartment;compartment_best;lopit_map;lopit_mcmc;lopit_unified,0.09486581002594507,0.17202072538860105,nucleus - chromatin,17,0
compartment,expression_summary+expression_raw,median,rank,50,0.25,25,42,3000,22,2,0.019,5,compartment;compartment_best;lopit_map;lopit_mcmc;lopit_unified,0.09462643302786589,0.17045454545454544,nucleus - chromatin,16,0
compartment,expression_summary+fitness_screens+published_screens,median,rank,15,0.0,25,42,3000,24,3,0.0033333333333333335,5,compartment;compartment_best;lopit_map;lopit_mcmc;lopit_unified,0.09396319889863551,0.17166298516882295,nucleus - chromatin,17,0
compartment,expression_summary,median,rank,50,0.0,25,42,3000,4,2,0.0,5,compartment;compartment_best;lopit_map;lopit_mcmc;lopit_unified,0.0923392856964299,0.16893564356435642,nucleus - chromatin,17,0
compartment,expression_summary,median,rank,15,0.25,25,42,3000,4,2,0.0,5,compartment;compartment_best;lopit_map;lopit_mcmc;lopit_unified,0.0923392856964299,0.16893564356435642,nucleus - chromatin,17,0
compartment,expression_summary,median,rank,50,0.25,25,42,3000,4,2,0.0,5,compartment;compartment_best;lopit_map;lopit_mcmc;lopit_unified,0.09228079413351163,0.1688311688311688,nucleus - chromatin,17,0
compartment,expression_summary+fitness_screens,median,rank,15,0.0,25,42,3000,12,2,0.0,5,compartment;compartment_best;lopit_map;lopit_mcmc;lopit_unified,0.09201849706180817,0.16836262719703976,nucleus - chromatin,17,0
compartment,expression_summary+fitness_screens,median,rank,15,0.25,25,42,3000,12,2,0.0,5,compartment;compartment_best;lopit_map;lopit_mcmc;lopit_unified,0.09198944501249882,0.1683107274969174,nucleus - chromatin,17,0
compartment,expression_summary+published_screens,median,rank,15,0.0,25,42,3000,16,2,0.0,5,compartment;compartment_best;lopit_map;lopit_mcmc;lopit_unified,0.09196041131313491,0.1682588597842835,nucleus - chromatin,17,0
compartment,expression_summary+published_screens,median,rank,15,0.25,25,42,3000,16,2,0.0,5,compartment;compartment_best;lopit_map;lopit_mcmc;lopit_unified,0.09196041131313491,0.1682588597842835,nucleus - chromatin,17,0
