organism,strategy,parameter,value,runs,skill,skill_low,skill_high,pass_rate
Pf,attention_correction,target,is_exported,15,0.10689476954296737,-0.040016179448407796,0.25380571853434253,0.0
Pf,attention_correction,target,pb_transferred_phenotype,15,0.2850789162451261,0.2678433203429486,0.3023145121473036,0.2
Pf,attention_correction,target,stage_enriched_derived,15,,,,0.0
Pf,attention_correction,top,1000,15,0.26122063628989034,0.22048756040097714,0.3019537121788035,0.06666666666666667
Pf,attention_correction,top,200,15,0.2612206362898904,0.2204875604009772,0.30195371217880357,0.06666666666666667
Pf,attention_correction,top,50,15,0.06551925610235947,-0.16360288854182403,0.29464140074654294,0.06666666666666667
Pf,blind_battery,map_from,antisense,5,0.9566430031707576,0.9365958522693788,0.9766901540721363,1.0
Pf,blind_battery,map_from,chromprox,5,0.9425171632161339,0.9241254597657784,0.9609088666664893,1.0
Pf,blind_battery,map_from,codon,5,0.9413810797169436,0.8606170830180251,1.0221450764158622,1.0
Pf,blind_battery,map_from,complex,5,0.874078390223972,0.660671799965332,1.087484980482612,0.8
Pf,blind_battery,map_from,engaged,5,0.9551272657812238,0.9280121667025371,0.9822423648599105,1.0
Pf,blind_battery,map_from,ev,5,0.5719401523127979,0.23565660053727044,0.9082237040883254,1.0
Pf,blind_battery,map_from,exon,5,0.8054117812165693,0.7432696272154579,0.8675539352176808,1.0
Pf,blind_battery,map_from,export,5,0.8993661398809929,0.8236066399903472,0.9751256397716386,1.0
Pf,blind_battery,map_from,expr,5,0.9506098937022285,0.8705608966284608,1.0306588907759962,1.0
Pf,blind_battery,map_from,febrile,5,0.9665623327072824,0.9445797278489192,0.9885449375656457,1.0
Pf,blind_battery,map_from,fertility,5,0.8232590948719981,0.626636689128418,1.0198815006155784,1.0
Pf,blind_battery,map_from,gametocyte,5,0.9204511668251824,0.8919904399373048,0.94891189371306,1.0
Pf,blind_battery,map_from,has,5,0.9398533545971276,0.8991066922468018,0.9806000169474534,1.0
Pf,blind_battery,map_from,idc,5,0.8625433211564719,0.8120085040846629,0.913078138228281,1.0
Pf,blind_battery,map_from,is,5,0.9305337821439146,0.8811719192293798,0.9798956450584494,1.0
Pf,blind_battery,map_from,isoelectric,5,0.9769523809523809,0.9257033440814664,1.0282014178232954,1.0
Pf,blind_battery,map_from,latency,5,0.8733403179449057,0.7891054685092691,0.9575751673805424,1.0
Pf,blind_battery,map_from,length,5,0.9300568693536089,0.8776777383139157,0.982436000393302,1.0
Pf,blind_battery,map_from,m6a,5,0.9688085661866594,0.9219549945906702,1.0156621377826487,1.0
Pf,blind_battery,map_from,mean,5,0.9749045206011224,0.950257111488602,0.9995519297136428,1.0
Pf,blind_battery,map_from,melting,5,0.9297738871455923,0.8778917668300759,0.9816560074611087,1.0
Pf,blind_battery,map_from,molecular,5,0.9511320804519767,0.9044265638337997,0.9978375970701537,1.0
Pf,blind_battery,map_from,n,5,0.9564573615938052,0.9325722150445441,0.9803425081430663,1.0
Pf,blind_battery,map_from,novel,5,0.9188027032425289,0.8716049914984542,0.9660004149866036,1.0
Pf,blind_battery,map_from,ortholog,5,0.920815616878872,0.8662005260042145,0.9754307077535296,1.0
Pf,blind_battery,map_from,paralog,5,0.9198373287892878,0.8185769809981817,1.0210976765803939,1.0
Pf,blind_battery,map_from,pb,5,0.9516790045336692,0.9369023241984208,0.9664556848689175,1.0
Pf,blind_battery,map_from,piggybac,5,0.8502954898427817,0.771485593840324,0.9291053858452394,1.0
Pf,blind_battery,map_from,plddt,5,0.9224927223350001,0.8863573715260229,0.9586280731439774,1.0
Pf,blind_battery,map_from,polysomal,5,0.9752692140455844,0.9507714273966428,0.9997670006945261,1.0
Pf,blind_battery,map_from,protein,5,0.9652441863903898,0.9489726807154978,0.9815156920652818,1.0
Pf,blind_battery,map_from,riboseq,5,0.952039914624837,0.9125495073766046,0.9915303218730693,1.0
Pf,blind_battery,map_from,sir2,5,0.8331432249953314,0.699788914723035,0.9664975352676279,1.0
Pf,blind_battery,map_from,sir2a,5,0.8470438738221141,0.6783647676045114,1.0157229800397167,1.0
Pf,blind_battery,map_from,sir2b,5,0.8668041595761418,0.7683529891262328,0.9652553300260507,1.0
Pf,blind_battery,map_from,snp,5,0.9539008715731845,0.904498204616344,1.0033035385300249,1.0
Pf,blind_battery,map_from,stage,5,0.8621022195148786,0.7079916643513007,1.0162127746784566,1.0
Pf,blind_battery,map_from,steady,5,0.9565791760067844,0.9216440277934889,0.99151432422008,1.0
Pf,blind_battery,map_from,transcript,5,0.9335970330099543,0.9062680093843135,0.9609260566355952,1.0
Pf,block_ablation,k,15,15,0.1091116578730043,0.05988735193883754,0.15833596380717105,0.5333333333333333
Pf,block_ablation,k,5,15,0.13674545920495768,0.10006391119016148,0.17342700721975388,0.5333333333333333
Pf,block_ablation,k,50,15,0.1448960290229528,0.0838566869323166,0.20593537111358898,0.6
Pf,block_ablation,target,is_exported,15,0.06139666747312903,0.024212554120914075,0.098580780825344,0.0
Pf,block_ablation,target,pb_transferred_phenotype,15,0.1686493061752779,0.14830849776419647,0.18899011458635934,1.0
Pf,block_ablation,target,stage_enriched_derived,15,0.1607071724525079,0.1008564491307437,0.2205578957742721,0.6666666666666666
Pf,cluster_guilt,min_cluster_size,10,60,0.5373753917566912,0.4009325373066446,0.6738182462067379,0.3333333333333333
Pf,cluster_guilt,min_cluster_size,25,60,0.542621508697123,0.4287663130181273,0.6564767043761187,0.36666666666666664
Pf,cluster_guilt,min_cluster_size,60,60,0.45068089364380964,0.3534152956291954,0.5479464916584239,0.45
Pf,cluster_guilt,min_lift,1.5,90,0.5354802062900177,0.45366396514747354,0.6172964474325618,0.45555555555555555
Pf,cluster_guilt,min_lift,3.0,90,0.464828526529118,0.35578297038998447,0.5738740826682515,0.3111111111111111
Pf,cluster_guilt,selection,eom,90,0.4066485553075392,0.32124877102752736,0.492048339587551,0.26666666666666666
Pf,cluster_guilt,selection,leaf,90,0.5437907995049738,0.46178331447944315,0.6257982845305043,0.5
Pf,cluster_guilt,target,is_exported,60,0.3551471905787787,0.30330107018474484,0.40699331097281255,0.8333333333333334
Pf,cluster_guilt,target,pb_transferred_phenotype,60,0.7716052092306356,0.6802851114840678,0.8629253069772034,0.31666666666666665
Pf,cluster_guilt,target,stage_enriched_derived,60,0.6527777777777778,0.4427896897029687,0.8627658658525869,0.0
Pf,condition_shift,model,boosted,10,0.6418487723069515,0.6384789240837973,0.6452186205301057,1.0
Pf,condition_shift,model,ridge,10,0.5798297073896541,0.5729514107641279,0.5867080040151803,1.0
Pf,condition_shift,own_kind,include,10,0.6108392398483027,0.5868373791441659,0.6348411005524395,1.0
Pf,condition_shift,own_kind,leave out,10,0.6108392398483027,0.5868373791441659,0.6348411005524395,1.0
Pf,conjunctions,min_cluster_size,15,5,,,,0.0
Pf,conjunctions,min_cluster_size,30,5,,,,0.0
Pf,conjunctions,min_cluster_size,8,5,,,,0.0
Pf,consensus_modules,target,is_exported,15,0.23929826708225688,0.13305202488253334,0.34554450928198044,0.0
Pf,consensus_modules,target,pb_transferred_phenotype,15,0.06731484842614627,0.03866131317216978,0.09596838368012275,0.4666666666666667
Pf,consensus_modules,target,stage_enriched_derived,15,0.017944707168281462,0.003486388682396894,0.03240302565416603,0.06666666666666667
Pf,consensus_modules,threshold,0.3,15,0.1486937158357226,0.05201691926558259,0.2453705124058626,0.2
Pf,consensus_modules,threshold,0.5,15,0.1434770563296974,0.04951254961636002,0.23744156304303476,0.13333333333333333
Pf,consensus_modules,threshold,0.8,15,0.03238705051126455,0.01899148630834433,0.04578261471418477,0.2
Pf,feature_knn,k,15,45,-0.027686770584349388,-0.19764400350364447,0.14227046233494572,0.4222222222222222
Pf,feature_knn,k,5,45,0.04027065383979638,-0.13077886166964478,0.21132016934923756,0.6666666666666666
Pf,feature_knn,k,50,45,-0.09645194272701797,-0.2727476964696294,0.07984381101559344,0.3333333333333333
Pf,feature_knn,min_share,0.0,45,-0.017540595219840836,-0.18286353056158536,0.1477823401219037,0.4666666666666667
Pf,feature_knn,min_share,0.3,45,-0.01754059521984085,-0.18286353056158539,0.14778234012190367,0.4666666666666667
Pf,feature_knn,min_share,0.6,45,-0.048786869031889266,-0.23683729600604625,0.13926355794226775,0.4888888888888889
Pf,feature_knn,target,is_exported,45,-0.568927903334406,-0.777864746490331,-0.359991060178481,0.0
Pf,feature_knn,target,pb_transferred_phenotype,45,0.35794698372052836,0.35021156309020335,0.36568240435085336,1.0
Pf,feature_knn,target,stage_enriched_derived,45,0.12711286014230652,0.06888876453064191,0.18533695575397113,0.4222222222222222
Pf,geneset_hunt,exclude,is_exported,20,0.2112951623078581,0.19354480169208785,0.22904552292362837,1.0
Pf,geneset_hunt,exclude,pb_transferred_phenotype,20,0.4488664436786058,0.42085151586466085,0.4768813714925507,1.0
Pf,geneset_hunt,exclude,stage_enriched_derived,20,0.06026807932787287,0.051080090340942456,0.06945606831480328,0.7
Pf,geneset_hunt,min_cluster_size,"10, 25",30,0.2456111799506359,0.17825892932078463,0.31296343058048715,0.9
Pf,geneset_hunt,min_cluster_size,"20, 50",30,0.23467527692558868,0.17697318599300563,0.29237736785817175,0.9
Pf,geneset_hunt,n_neighbors,"10, 30",30,0.24069262437363528,0.17909022798333982,0.3022950207639308,0.9
Pf,geneset_hunt,n_neighbors,"15, 50",30,0.23959383250258925,0.1757225574684843,0.3034651075366942,0.9
Pf,holdout_search,min_cluster_size,"10, 25",45,0.04844828396338329,0.01827737253809829,0.0786191953886683,0.0
Pf,holdout_search,min_cluster_size,"20, 50",45,0.07928692103509175,0.03645840513477609,0.1221154369354074,0.0
Pf,holdout_search,n_neighbors,"10, 30",30,0.06604826805991651,0.019010082610880344,0.11308645350895268,0.0
Pf,holdout_search,n_neighbors,"15, 50",30,0.061789713276824844,0.016690255997977438,0.10688917055567225,0.0
Pf,holdout_search,n_neighbors,"25, 100",30,0.06376482616097122,0.01593442299830832,0.11159522932363411,0.0
Pf,holdout_search,selection,"eom, leaf",90,0.06386760249923752,0.03798323527629314,0.08975196972218191,0.0
Pf,holdout_search,target,is_exported,30,0.18335558504212107,0.12498549802805542,0.24172567205618672,0.0
Pf,holdout_search,target,pb_transferred_phenotype,30,0.00019639657395659508,-0.00031251083619451196,0.0007053039841077021,0.0
Pf,holdout_search,target,stage_enriched_derived,30,0.00805082588163493,0.0021535670683672393,0.01394808469490262,0.0
Pf,label_outliers,k,15,15,0.7574591658749183,0.6406232812525848,0.8742950504972519,1.0
Pf,label_outliers,k,5,15,0.7462486029032891,0.6266874738281722,0.8658097319784059,1.0
Pf,label_outliers,k,50,15,0.7146155427768381,0.5878727165939008,0.8413583689597754,1.0
Pf,label_outliers,target,is_exported,15,0.9914350741819964,0.9905188789334425,0.9923512694305503,1.0
Pf,label_outliers,target,pb_transferred_phenotype,15,0.5018167175184091,0.4841653909248831,0.519468044111935,1.0
Pf,label_outliers,target,stage_enriched_derived,15,0.7250715198546404,0.6577295652909131,0.7924134744183676,1.0
Pf,layer_propagation,layer,coexpression,45,0.25953849098129556,0.2109414343566935,0.3081355476058976,0.6444444444444445
Pf,layer_propagation,layer,comention,45,0.006593714425006453,0.002598880463756389,0.010588548386256518,0.0
Pf,layer_propagation,layer,cotranslation,45,0.04479963111415611,0.03791833575328558,0.05168092647502664,0.2222222222222222
Pf,layer_propagation,layer,domain,45,0.09940026974455667,0.08531648711276914,0.1134840523763442,0.8
Pf,layer_propagation,layer,ip_ms,45,-0.005545915737161314,-0.007278100742499086,-0.0038137307318235423,0.0
Pf,layer_propagation,layer,orthogroup,45,0.0,0.0,0.0,0.0
Pf,layer_propagation,layer,struct,45,0.01535371175385137,0.007317064020347718,0.02339035948735502,0.022222222222222223
Pf,layer_propagation,layer,xlms,45,0.002489780688991068,0.0006806434068287225,0.004298917971153413,0.0
Pf,layer_propagation,restart,0.2,120,0.04590782986481743,0.029115553888274276,0.06270010584136058,0.225
Pf,layer_propagation,restart,0.5,120,0.043545473233061766,0.0276139419676786,0.05947700449844493,0.2
Pf,layer_propagation,restart,0.8,120,0.04207068271918065,0.026895025588380667,0.057246339849980635,0.20833333333333334
Pf,layer_propagation,target,is_exported,120,0.07087022687061961,0.04855402897589831,0.09318642476534092,0.25833333333333336
Pf,layer_propagation,target,pb_transferred_phenotype,120,0.039034401714576665,0.02901375304884487,0.04905505038030846,0.225
Pf,layer_propagation,target,stage_enriched_derived,120,0.01844478989274598,0.009494515631079413,0.02739506415441255,0.15
Pf,layer_vote,k,15,15,0.49304546925628157,0.3455899115393224,0.6405010269732407,0.7333333333333333
Pf,layer_vote,k,5,15,0.5539663449145427,0.3880866912696854,0.7198459985593999,0.8
Pf,layer_vote,k,50,15,0.31067829218576815,0.06462203192319654,0.5567345524483398,0.6666666666666666
Pf,layer_vote,target,is_exported,15,0.4364837365910286,0.13021914593363787,0.7427483272484194,0.26666666666666666
Pf,layer_vote,target,pb_transferred_phenotype,15,0.4113000112612255,0.3796595951386124,0.4429404273838386,1.0
Pf,layer_vote,target,stage_enriched_derived,15,0.5099063585043381,0.3555989437373911,0.6642137732712851,0.9333333333333333
Pf,link_prediction,layer,struct,5,0.958266107954886,0.9545859076767963,0.9619463082329757,1.0
Pf,map_neighbours,k,15,45,-0.11955814475430052,-0.32017359870368534,0.08105730919508433,0.5333333333333333
Pf,map_neighbours,k,5,45,-0.049035487536164823,-0.22993295894389104,0.1318619838715614,0.5333333333333333
Pf,map_neighbours,k,50,45,-0.08677143057032466,-0.24586695027162223,0.07232408913097291,0.3333333333333333
Pf,map_neighbours,n_neighbors,10,45,-0.04620953669553407,-0.21489313534775406,0.12247406195668592,0.4666666666666667
Pf,map_neighbours,n_neighbors,25,45,-0.09072511015468278,-0.27962273349099803,0.09817251318163246,0.4888888888888889
Pf,map_neighbours,n_neighbors,60,45,-0.11843041601057319,-0.30317405445954515,0.06631322243839874,0.4444444444444444
Pf,map_neighbours,target,is_exported,45,-0.6270643024961337,-0.8598010921400258,-0.39432751285224155,0.0
Pf,map_neighbours,target,pb_transferred_phenotype,45,0.2641560400285927,0.2545503391782935,0.27376174087889193,1.0
Pf,map_neighbours,target,stage_enriched_derived,45,0.10754319960675097,0.05801630572663129,0.15707009348687068,0.4
Pf,masked_imputation,rank,20,5,0.6999243541465692,0.6841345659071392,0.7157141423859992,1.0
Pf,masked_imputation,rank,5,5,0.5260174412489544,0.5128317024122807,0.5392031800856282,1.0
Pf,masked_imputation,rank,60,5,0.671038510028892,0.6353903881549261,0.706686631902858,1.0
Pf,multiplex_modules,agreement,0.3,45,0.017556410343879017,-0.00816913250707298,0.04328195319483101,0.35555555555555557
Pf,multiplex_modules,agreement,0.5,45,0.028588052944000155,0.007003702933475235,0.050172402954525075,0.37777777777777777
Pf,multiplex_modules,resolution,0.5,30,0.013678554377636815,-0.02261956399234958,0.049976672747623206,0.36666666666666664
Pf,multiplex_modules,resolution,1.0,30,0.012882669460748735,-0.013518431177246963,0.03928377009874443,0.3333333333333333
Pf,multiplex_modules,resolution,2.0,30,0.04265547109343321,0.019019612867413518,0.0662913293194529,0.4
Pf,multiplex_modules,target,is_exported,30,-0.021836210424021226,-0.037200580562421905,-0.006471840285620548,0.0
Pf,multiplex_modules,target,pb_transferred_phenotype,30,0.0979705972448341,0.09116418225442155,0.10477701223524666,1.0
Pf,multiplex_modules,target,stage_enriched_derived,30,-0.006917691888994119,-0.040741846690252805,0.02690646291226457,0.1
Pf,neighbour_space,k,10,30,0.5431283089860518,0.4726511408189701,0.6136054771531335,1.0
Pf,neighbour_space,k,25,30,0.5431283089860518,0.4726511408189701,0.6136054771531335,1.0
Pf,neighbour_space,k,5,30,0.5431283089860518,0.4726511408189701,0.6136054771531335,1.0
Pf,neighbour_space,knn,15,45,0.5431283089860516,0.48674724146929327,0.5995093765028099,1.0
Pf,neighbour_space,knn,5,45,0.5431283089860516,0.48674724146929327,0.5995093765028099,1.0
Pf,neighbour_space,layer,coexpression,30,0.392383202438945,0.3827862842836789,0.40198012059421107,1.0
Pf,neighbour_space,layer,cotranslation,30,0.44212765415363803,0.4240419005821926,0.46021340772508346,1.0
Pf,neighbour_space,layer,struct,30,0.7948740703655717,0.7705552180657047,0.8191929226654386,1.0
Pf,network_training,fraction,0.25,30,0.5404011066948063,0.46531818976149314,0.6154840236281196,1.0
Pf,network_training,fraction,0.4,30,0.5356072566163436,0.46836175259279333,0.6028527606398938,1.0
Pf,network_training,layer,coexpression,20,0.38126591114894676,0.3668901660162946,0.3956416562815989,1.0
Pf,network_training,layer,cotranslation,20,0.4373608911348385,0.4213781311057473,0.4533436511639297,1.0
Pf,network_training,layer,struct,20,0.7953857426829395,0.7703306808152336,0.8204408045506454,1.0
Pf,network_training,model,embedding,30,0.5334188467807335,0.4596784719545733,0.6071592216068936,1.0
Pf,network_training,model,logistic,30,0.5425895165304164,0.4739065393466517,0.6112724937141811,1.0
Pf,paralog_divergence,min_shared,10,15,-0.02136383252718021,-0.12533678914140942,0.08260912408704899,0.3333333333333333
Pf,paralog_divergence,min_shared,30,15,-0.02136383252718021,-0.12533678914140942,0.08260912408704899,0.3333333333333333
Pf,paralog_divergence,min_shared,5,15,-0.02136383252718021,-0.12533678914140942,0.08260912408704899,0.3333333333333333
Pf,paralog_divergence,target,is_exported,15,0.11612234257999836,0.11189791551201247,0.12034676964798424,1.0
Pf,paralog_divergence,target,pb_transferred_phenotype,15,-0.15885000763435878,-0.16622788539004035,-0.1514721298786772,0.0
Pf,paralog_divergence,target,stage_enriched_derived,15,,,,0.0
Pf,physical_partners,target,is_exported,5,0.14865824337189995,-0.11407711798641015,0.41139360473021,0.0
Pf,physical_partners,target,pb_transferred_phenotype,5,0.018352468002953332,-0.15976221699142432,0.196467152997331,0.0
Pf,physical_partners,target,stage_enriched_derived,5,,,,0.0
Pf,positive_unlabeled,bags,15,15,0.8919813985048431,0.8376531787315011,0.9463096182781852,1.0
Pf,positive_unlabeled,bags,40,15,0.8916442893342704,0.8369811926032108,0.94630738606533,1.0
Pf,positive_unlabeled,bags,5,15,0.8891631805054262,0.8332537079488016,0.9450726530620508,1.0
Pf,positive_unlabeled,exclude,is_exported,15,0.9118514737929446,0.9024212755528381,0.9212816720330511,1.0
Pf,positive_unlabeled,exclude,pb_transferred_phenotype,15,0.9952782077661646,0.9946394891828828,0.9959169263494464,1.0
Pf,positive_unlabeled,exclude,stage_enriched_derived,15,0.7656591867854307,0.7556689811255173,0.775649392445344,1.0
Pf,recoverability_atlas,k,15,15,0.6236463347909503,0.5253582052996726,0.7219344642822281,1.0
Pf,recoverability_atlas,k,5,15,0.5306474579268878,0.4433717520935745,0.6179231637602012,1.0
Pf,recoverability_atlas,k,50,15,0.6709183509373282,0.586001429483282,0.7558352723913744,1.0
Pf,recoverability_atlas,target,is_exported,15,0.6451838247922764,0.5470567707434643,0.7433108788410886,1.0
Pf,recoverability_atlas,target,pb_transferred_phenotype,15,0.48407585005421233,0.4436841320503258,0.5244675680580988,1.0
Pf,recoverability_atlas,target,stage_enriched_derived,15,0.6959524688086777,0.6035773340362529,0.7883276035811024,1.0
Pf,seed_expansion,exclude,is_exported,30,0.8416354531438676,0.8142933289404801,0.868977577347255,1.0
Pf,seed_expansion,exclude,pb_transferred_phenotype,30,0.8874158907142558,0.8469200710064065,0.927911710422105,1.0
Pf,seed_expansion,exclude,stage_enriched_derived,30,0.19575244636283456,0.010550233848410834,0.3809546588772583,0.5
Pf,seed_expansion,mode,networks,45,0.4257818282538466,0.2716136414975625,0.5799500150101307,0.6666666666666666
Pf,seed_expansion,mode,networks + measurements,45,0.8574206985601253,0.8161899045201376,0.8986514926001129,1.0
Pf,seed_expansion,restart,0.1,30,0.6393049761175463,0.47650519154995735,0.8021047606851353,0.8333333333333334
Pf,seed_expansion,restart,0.3,30,0.6415700145664379,0.4784423291810427,0.8046976999518332,0.8333333333333334
Pf,seed_expansion,restart,0.6,30,0.643928799536974,0.48043293030514855,0.8074246687687995,0.8333333333333334
Pf,set_enrichment,exclude,is_exported,5,0.8987292274093118,0.8736999433979051,0.9237585114207185,1.0
Pf,set_enrichment,exclude,pb_transferred_phenotype,5,0.9487084929671342,0.9443682313616217,0.9530487545726467,1.0
Pf,set_enrichment,exclude,stage_enriched_derived,5,0.69287251243708,0.6476277402098972,0.7381172846642629,1.0
Pf,split_clusters,min_cluster_size,15,5,,,,0.0
Pf,split_clusters,min_cluster_size,40,5,,,,0.0
Pf,split_clusters,min_cluster_size,80,5,,,,0.0
Pf,stratum_focus,stratum,conserved,15,-0.021740173233418626,-0.3324799927503415,0.2889996462835042,0.4
Pf,stratum_focus,stratum,hypothetical protein,15,,,,0.0
Pf,stratum_focus,stratum,lineage-specific,15,-0.02040816326530617,-0.02040816326530617,-0.02040816326530617,0.0
Pf,stratum_focus,stratum,understudied,15,-0.1064583628243599,-0.4743137801195675,0.2613970544708477,0.3333333333333333
Pf,stratum_focus,target,is_exported,20,-0.6159298984088177,-1.1764982353023763,-0.05536156151525917,0.0
Pf,stratum_focus,target,pb_transferred_phenotype,20,0.3635865327530953,0.3511359865094758,0.37603707899671485,0.5
Pf,stratum_focus,target,stage_enriched_derived,20,0.05273158658411275,-0.010083384918911274,0.11554655808713676,0.05
Pf,structural_homology,level,1,5,0.587120137332662,0.5263022470203661,0.6479380276449579,1.0
Pf,structural_homology,level,2,5,0.663219901295135,0.573748903990156,0.752690898600114,1.0
Pf,structural_homology,level,3,5,0.749108808616065,0.6485654986445187,0.8496521185876112,1.0
Pf,supervised_classifier,C,0.01,15,0.3866774189926768,0.34569137481564555,0.4276634631697081,1.0
Pf,supervised_classifier,C,0.1,15,0.39797032568476454,0.3606039389564575,0.4353367124130716,1.0
Pf,supervised_classifier,C,1.0,15,0.3991465102326569,0.3456692627569903,0.4526237577083235,0.9333333333333333
Pf,supervised_classifier,C,10.0,15,0.35828759548660083,0.32037130201530856,0.3962038889578931,0.8666666666666667
Pf,supervised_classifier,target,is_exported,20,0.3996390380231535,0.3590870037894973,0.44019107225680965,0.85
Pf,supervised_classifier,target,pb_transferred_phenotype,20,0.32897620336938355,0.3176430189190019,0.3403093878197652,1.0
Pf,supervised_classifier,target,stage_enriched_derived,20,0.42794614640498707,0.3948268429644936,0.46106544984548054,1.0
Pf,trait_regression,model,boosted,30,0.5166491065365246,0.4213582676843518,0.6119399453886974,1.0
Pf,trait_regression,model,ridge,30,0.4558237802658367,0.3446333225402459,0.5670142379914275,0.8666666666666667
Pf,trait_regression,own_kind,include,30,0.4862364434011806,0.3820479460486559,0.5904249407537053,0.9333333333333333
Pf,trait_regression,own_kind,leave out,30,0.4862364434011806,0.3820479460486559,0.5904249407537053,0.9333333333333333
Pf,trait_regression,target,expr_schizont,20,0.18029132816567967,0.13918404932811415,0.22139860700324518,0.8
Pf,trait_regression,target,mean_plddt,20,0.8357945865577084,0.8288037546725342,0.8427854184428827,1.0
Pf,trait_regression,target,piggybac_mis,20,0.4426234154801539,0.4314854920360221,0.45376133892428566,1.0
Pf,triangulation,min_agree,1,15,0.034696963831477225,-0.28143256261079796,0.35082649027375246,0.4666666666666667
Pf,triangulation,min_agree,2,15,0.1507290464561017,-0.19381089160233345,0.4952689845145368,0.6666666666666666
Pf,triangulation,min_agree,3,15,0.6483687820181256,0.5169323524178783,0.779805211618373,0.4
Pf,triangulation,target,is_exported,15,-0.07075648910652696,-0.5424322709472179,0.40091929273416393,0.0
Pf,triangulation,target,pb_transferred_phenotype,15,0.4454108577480605,0.3982483368284702,0.4925733786676508,1.0
Pf,triangulation,target,stage_enriched_derived,15,0.4591404236641709,0.3138531181200718,0.60442772920827,0.5333333333333333
Pf,understudied_first,min_agree,1,15,-0.0478157820645312,-0.4299288890419569,0.33429732491289454,0.4
Pf,understudied_first,min_agree,2,15,0.06489106000771744,-0.3398713576933568,0.4696534777087917,0.6
Pf,understudied_first,min_agree,3,15,0.6264041788696183,0.4367588435955505,0.8160495141436861,0.3333333333333333
Pf,understudied_first,target,is_exported,15,-0.17756667478693594,-0.7346955401210198,0.37956219054714796,0.0
Pf,understudied_first,target,pb_transferred_phenotype,15,0.4472370752874825,0.4005668364777856,0.4939073140971794,1.0
Pf,understudied_first,target,stage_enriched_derived,15,0.3738090563122581,0.16812740733799963,0.5794907052865166,0.3333333333333333
Pf,unwritten_links,min_layers,1,5,0.1079946931532286,0.1051729009624932,0.110816485343964,1.0
Pf,unwritten_links,min_layers,2,5,0.1079946931532286,0.1051729009624932,0.110816485343964,1.0
Pf,unwritten_links,min_layers,3,5,0.1079946931532286,0.1051729009624932,0.110816485343964,1.0
Tg,attention_correction,target,compartment,15,0.5199030844320025,0.4298856018001034,0.6099205670639016,1.0
Tg,attention_correction,target,dtm_class,15,0.12378392854009578,0.10096473502312761,0.14660312205706394,0.3333333333333333
Tg,attention_correction,target,lopit_unified,15,0.565137117200616,0.4834731743768621,0.6468010600243699,1.0
Tg,attention_correction,target,screen_any_phenotype,15,0.1833418159629728,0.17390556330257698,0.19277806862336863,0.0
Tg,attention_correction,target,stage_enriched_derived,15,0.3431103530054964,0.3313614345968313,0.3548592714141615,1.0
Tg,attention_correction,top,1000,25,0.25562876323717215,0.20840447781650082,0.3028530486578435,0.6
Tg,attention_correction,top,200,25,0.375615065963951,0.294263820391528,0.456966311536374,0.8
Tg,attention_correction,top,50,25,0.409921950283587,0.3086163346456038,0.5112275659215703,0.6
Tg,blind_battery,map_from,PTM,5,0.948564475636792,0.9075339579447699,0.9895949933288142,1.0
Tg,blind_battery,map_from,chemistry,5,0.9676437787556995,0.9496287230055378,0.9856588345058612,1.0
Tg,blind_battery,map_from,fitness,5,0.9434895982294984,0.8871663944137483,0.9998128020452485,1.0
Tg,blind_battery,map_from,host effect,5,0.8583198299187218,0.6917009945140731,1.0249386653233705,1.0
Tg,blind_battery,map_from,immunity,5,0.6419121608027155,0.3219308607406327,0.9618934608647983,1.0
Tg,blind_battery,map_from,localization,5,0.9624937206776689,0.9172066619171276,1.0077807794382103,1.0
Tg,blind_battery,map_from,metabolism,5,0.8403120037110652,0.7473502365806111,0.9332737708415193,1.0
Tg,blind_battery,map_from,phenotype,5,0.8191872278381152,0.7137815435214967,0.9245929121547336,1.0
Tg,blind_battery,map_from,protein abundance,5,0.9414227841876329,0.9074231081615532,0.9754224602137126,1.0
Tg,blind_battery,map_from,regulation,5,0.905242516496789,0.8037132466606633,1.0067717863329146,1.0
Tg,blind_battery,map_from,relation,5,0.9233430122419339,0.8512928450167085,0.9953931794671593,1.0
Tg,blind_battery,map_from,sequence,5,0.9598335693134041,0.9370756692619078,0.9825914693649005,1.0
Tg,blind_battery,map_from,transcription,5,0.9487876833706803,0.8593490469259388,1.0382263198154218,1.0
Tg,blind_battery,map_from,translation,5,0.9659863775217158,0.9461325038906127,0.9858402511528189,1.0
Tg,block_ablation,k,15,25,0.13987125040030002,0.09212526420222711,0.18761723659837293,0.64
Tg,block_ablation,k,5,25,0.16492490629118983,0.12162042413118908,0.2082293884511906,0.76
Tg,block_ablation,k,50,25,0.10451974834956994,0.06509106025097516,0.1439484364481647,0.6
Tg,block_ablation,target,compartment,15,0.12046829254732258,0.10631769966306989,0.13461888543157527,1.0
Tg,block_ablation,target,dtm_class,15,0.04316435867480954,0.024491910953150738,0.061836806396468345,0.26666666666666666
Tg,block_ablation,target,lopit_unified,15,0.12617613325349017,0.11381304379519612,0.1385392227117842,1.0
Tg,block_ablation,target,screen_any_phenotype,15,0.07736752113895169,0.028486006716925152,0.12624903556097822,0.06666666666666667
Tg,block_ablation,target,stage_enriched_derived,15,0.31501686945385904,0.2844821378311327,0.3455516010765854,1.0
Tg,cluster_guilt,min_cluster_size,10,100,0.35842102568769685,0.32048140111682305,0.39636065025857065,0.58
Tg,cluster_guilt,min_cluster_size,25,100,0.30557095508262166,0.2518810130568785,0.35926089710836484,0.51
Tg,cluster_guilt,min_cluster_size,60,100,0.25242960255577057,0.19197074495172822,0.3128884601598129,0.41
Tg,cluster_guilt,min_lift,1.5,150,0.27433156061447067,0.23993407019046853,0.3087290510384728,0.5933333333333334
Tg,cluster_guilt,min_lift,3.0,150,0.35685161180205577,0.3066993892914576,0.4070038343126539,0.4066666666666667
Tg,cluster_guilt,selection,eom,150,0.25187286759493455,0.19015489976355412,0.31359083542631494,0.26666666666666666
Tg,cluster_guilt,selection,leaf,150,0.3432261585108755,0.3157480935644665,0.37070422345728454,0.7333333333333333
Tg,cluster_guilt,target,compartment,60,0.320885190092611,0.2500946422107544,0.39167573797446764,0.65
Tg,cluster_guilt,target,dtm_class,60,0.2275148523903438,0.20206756394994674,0.25296214083074087,0.7
Tg,cluster_guilt,target,lopit_unified,60,0.27856952383060724,0.220500041487901,0.3366390061733135,0.5833333333333334
Tg,cluster_guilt,target,screen_any_phenotype,60,,,,0.0
Tg,cluster_guilt,target,stage_enriched_derived,60,0.4417475733970026,0.39644162731438487,0.48705351947962033,0.5666666666666667
Tg,condition_shift,model,boosted,10,0.09597064333474874,0.07258449580240137,0.11935679086709611,0.4
Tg,condition_shift,model,ridge,10,0.07919281936848807,0.05648688420024535,0.10189875453673079,0.2
Tg,condition_shift,own_kind,include,10,0.10701912859634395,0.0852039250466736,0.1288343321460143,0.6
Tg,condition_shift,own_kind,leave out,10,0.06814433410689287,0.05275108182181241,0.08353758639197333,0.0
Tg,conjunctions,min_cluster_size,15,5,0.4896497422085216,0.2962268926409373,0.6830725917761058,1.0
Tg,conjunctions,min_cluster_size,30,5,0.6609195402298851,0.5878953750794559,0.7339437053803143,0.4
Tg,conjunctions,min_cluster_size,8,5,0.48259583684603735,-0.10849842278156985,1.0736900964736447,0.6
Tg,consensus_modules,target,compartment,15,0.058947890111457214,0.03849314161560051,0.07940263860731392,0.5333333333333333
Tg,consensus_modules,target,dtm_class,15,0.06717300357450252,0.04470216010756788,0.08964384704143716,0.3333333333333333
Tg,consensus_modules,target,lopit_unified,15,0.08305773767038073,0.05723958947315416,0.1088758858676073,0.8
Tg,consensus_modules,target,screen_any_phenotype,15,-0.02520092944416498,-0.05980733292872241,0.00940547404039245,0.0
Tg,consensus_modules,target,stage_enriched_derived,15,0.13720568727633997,0.10998728193399841,0.16442409261868152,0.8
Tg,consensus_modules,threshold,0.3,25,0.06966401389980877,0.0364337509135748,0.10289427688604273,0.52
Tg,consensus_modules,threshold,0.5,25,0.07301435784368654,0.039176866935508224,0.10685184875186485,0.56
Tg,consensus_modules,threshold,0.8,25,0.05003166176961399,0.032709342330904376,0.0673539812083236,0.4
Tg,feature_knn,k,15,75,0.20322326677550895,0.16590432610051323,0.24054220745050467,0.6
Tg,feature_knn,k,5,75,0.27121262819881836,0.23146446770502738,0.31096078869260935,0.7866666666666666
Tg,feature_knn,k,50,75,0.12022925093434417,0.08813088251398779,0.15232761935470054,0.4666666666666667
Tg,feature_knn,min_share,0.0,75,0.21867025388498143,0.18290127793785194,0.2544392298321109,0.6533333333333333
Tg,feature_knn,min_share,0.3,75,0.2268131403699566,0.1900771262719829,0.26354915446793026,0.6533333333333333
Tg,feature_knn,min_share,0.6,75,0.1491817516537335,0.10684754600357196,0.19151595730389506,0.5466666666666666
Tg,feature_knn,target,compartment,45,0.22830424458558352,0.1966479441966189,0.2599605449745481,0.8888888888888888
Tg,feature_knn,target,dtm_class,45,0.10022522932042151,0.06853261954685923,0.1319178390939838,0.28888888888888886
Tg,feature_knn,target,lopit_unified,45,0.2982305927609487,0.2767328456901183,0.3197283398317791,1.0
Tg,feature_knn,target,screen_any_phenotype,45,-0.004705838721317728,-0.029666371392211236,0.02025469394957578,0.022222222222222223
Tg,feature_knn,target,stage_enriched_derived,45,0.36905434856881647,0.32712776021184964,0.4109809369257833,0.8888888888888888
Tg,geneset_hunt,exclude,compartment,20,0.04552302988621258,0.0373760745610921,0.053669985211333066,0.4
Tg,geneset_hunt,exclude,dtm_class,20,0.0215917925258704,0.011967156104605844,0.031216428947134958,0.0
Tg,geneset_hunt,exclude,lopit_unified,20,0.038952640823231396,0.031214430840740236,0.04669085080572256,0.2
Tg,geneset_hunt,exclude,screen_any_phenotype,20,0.038553221561995886,0.028673029228294535,0.04843341389569723,0.3
Tg,geneset_hunt,exclude,stage_enriched_derived,20,-0.011517545746459575,-0.01708999091911445,-0.005945100573804698,0.0
Tg,geneset_hunt,min_cluster_size,"10, 25",50,0.026840123139684494,0.01872151191545435,0.03495873436391464,0.2
Tg,geneset_hunt,min_cluster_size,"20, 50",50,0.026401132480655776,0.01904962486993672,0.03375264009137483,0.16
Tg,geneset_hunt,n_neighbors,"10, 30",50,0.02988603661666457,0.021879310002776306,0.03789276323055284,0.24
Tg,geneset_hunt,n_neighbors,"15, 50",50,0.023355219003675706,0.016000003670001536,0.030710434337349875,0.12
Tg,holdout_search,min_cluster_size,"10, 25",75,0.06184033037904437,0.04974529628363646,0.07393536447445229,0.4266666666666667
Tg,holdout_search,min_cluster_size,"20, 50",75,0.07285603993046995,0.06105252783826014,0.08465955202267976,0.52
Tg,holdout_search,n_neighbors,"10, 30",50,0.06393777959120346,0.049857794649413034,0.07801776453299389,0.5
Tg,holdout_search,n_neighbors,"15, 50",50,0.060426749413635863,0.04670477057494611,0.07414872825232562,0.4
Tg,holdout_search,n_neighbors,"25, 100",50,0.07768002645943216,0.061389973480076736,0.09397007943878757,0.52
Tg,holdout_search,selection,"eom, leaf",150,0.06734818515475716,0.05894895584137384,0.07574741446814047,0.47333333333333333
Tg,holdout_search,target,compartment,30,0.06912857437333601,0.06202309907512904,0.07623404967154299,0.8
Tg,holdout_search,target,dtm_class,30,0.07680219628331968,0.07005780973944423,0.08354658282719513,0.0
Tg,holdout_search,target,lopit_unified,30,0.09837501814467418,0.08789209632993679,0.10885793995941158,1.0
Tg,holdout_search,target,screen_any_phenotype,30,0.001236637608276242,-0.00399118110459333,0.0064644563211458134,0.0
Tg,holdout_search,target,stage_enriched_derived,30,0.09119849936417969,0.062153124986366,0.12024387374199338,0.5666666666666667
Tg,label_outliers,k,15,25,0.6377300182946487,0.5648044756988003,0.7106555608904971,1.0
Tg,label_outliers,k,5,25,0.6271221210952508,0.5552128255131068,0.6990314166773948,1.0
Tg,label_outliers,k,50,25,0.6258772665859271,0.5531736342627044,0.6985808989091499,0.96
Tg,label_outliers,target,compartment,15,0.5966676922716571,0.5798970737824226,0.6134383107608915,1.0
Tg,label_outliers,target,dtm_class,15,0.7919155395680187,0.7870162920563477,0.7968147870796898,1.0
Tg,label_outliers,target,lopit_unified,15,0.6205507774123651,0.6060126264888686,0.6350889283358616,1.0
Tg,label_outliers,target,screen_any_phenotype,15,0.34111281971787066,0.29558764867828025,0.3866379907574611,0.9333333333333333
Tg,label_outliers,target,stage_enriched_derived,15,0.8009688476564657,0.7911888822639904,0.810748813048941,1.0
Tg,layer_propagation,layer,coexpression,75,0.12568877422896974,0.11286154890334527,0.1385159995545942,0.6266666666666667
Tg,layer_propagation,layer,cofitness,75,0.07070617493962507,0.05668441041249292,0.08472793946675722,0.37333333333333335
Tg,layer_propagation,layer,comention,75,0.01069013545103113,0.008596773850252898,0.012783497051809364,0.0
Tg,layer_propagation,layer,comention_ft,75,0.059224729676625995,0.047164781352990195,0.0712846780002618,0.4533333333333333
Tg,layer_propagation,layer,cotranslation,75,0.01727546380894055,0.010295638135000675,0.02425528948288043,0.16
Tg,layer_propagation,layer,domain,75,0.044494569191758794,0.033156322980233105,0.05583281540328448,0.6
Tg,layer_propagation,layer,ip_ms,75,0.0018000831490762408,0.0010865584253230928,0.002513607872829389,0.0
Tg,layer_propagation,layer,orthogroup,75,0.0,0.0,0.0,0.0
Tg,layer_propagation,layer,struct,75,0.07518384335920218,0.06194364001837077,0.08842404670003359,0.6
Tg,layer_propagation,layer,structural_hole,75,0.0076733677642315005,0.005684599071300579,0.00966213645716242,0.0
Tg,layer_propagation,layer,unwritten_interaction,75,0.06734063999701811,0.052033048401072104,0.08264823159296412,0.5466666666666666
Tg,layer_propagation,layer,xlms,75,0.07454326253783729,0.05830342962733883,0.09078309544833574,0.5733333333333334
Tg,layer_propagation,restart,0.2,300,0.045427553501098866,0.03866617160496893,0.052188935397228804,0.3433333333333333
Tg,layer_propagation,restart,0.5,300,0.04501359732662483,0.038387039540285425,0.05164015511296423,0.3333333333333333
Tg,layer_propagation,restart,0.8,300,0.044173244746477,0.03753473471241481,0.05081175478053919,0.30666666666666664
Tg,layer_propagation,target,compartment,180,0.058132129064635614,0.050220213478221976,0.06604404465104925,0.5
Tg,layer_propagation,target,dtm_class,180,0.06131033703602217,0.052792178320302946,0.0698284957517414,0.4888888888888889
Tg,layer_propagation,target,lopit_unified,180,0.07717070655847402,0.06742030094882423,0.08692111216812382,0.5111111111111111
Tg,layer_propagation,target,screen_any_phenotype,180,0.006614115981349393,0.0012636925930566128,0.011964539369642173,0.011111111111111112
Tg,layer_propagation,target,stage_enriched_derived,180,0.0189717256915308,0.01347254793599855,0.02447090344706305,0.12777777777777777
Tg,layer_vote,k,15,25,0.3003064377117962,0.12902724446284353,0.4715856309607489,0.8
Tg,layer_vote,k,5,25,0.2979818631762029,0.13449466060478432,0.4614690657476215,0.84
Tg,layer_vote,k,50,25,0.3265167355138862,0.17235490719425148,0.4806785638335209,0.8
Tg,layer_vote,target,compartment,15,0.31833106339427825,0.307940605227582,0.3287215215609745,1.0
Tg,layer_vote,target,dtm_class,15,0.5061967306951504,0.4446190117274851,0.5677744496628157,1.0
Tg,layer_vote,target,lopit_unified,15,0.3745138701430265,0.3490372143553137,0.3999905259307393,1.0
Tg,layer_vote,target,screen_any_phenotype,15,-0.28145486221969657,-0.5590871817612013,-0.0038225426781918204,0.06666666666666667
Tg,layer_vote,target,stage_enriched_derived,15,0.6237549253237169,0.563426424864688,0.6840834257827458,1.0
Tg,link_prediction,layer,struct,5,0.9275224034440429,0.9228907911914105,0.9321540156966753,1.0
Tg,link_prediction,layer,xlms,5,0.6061006999194121,0.5783863860890983,0.6338150137497258,1.0
Tg,map_neighbours,k,15,75,0.13348187895252103,0.10237109769776719,0.16459266020727487,0.6
Tg,map_neighbours,k,5,75,0.15248541326786277,0.1186593700899659,0.18631145644575964,0.6
Tg,map_neighbours,k,50,75,0.1336580221265541,0.10801705822498256,0.15929898602812562,0.5466666666666666
Tg,map_neighbours,n_neighbors,10,75,0.15167832121144353,0.12016051412787873,0.18319612829500834,0.5733333333333334
Tg,map_neighbours,n_neighbors,25,75,0.14030338908611806,0.11075715868660571,0.1698496194856304,0.5866666666666667
Tg,map_neighbours,n_neighbors,60,75,0.12764360404937627,0.09763566816404154,0.157651539934711,0.5866666666666667
Tg,map_neighbours,target,compartment,45,0.1994024073584956,0.19116347375054477,0.20764134096644643,1.0
Tg,map_neighbours,target,dtm_class,45,0.01842873562707056,0.00382042494122963,0.03303704631291149,0.0
Tg,map_neighbours,target,lopit_unified,45,0.25820012033107603,0.25043012611864174,0.2659701145435103,1.0
Tg,map_neighbours,target,screen_any_phenotype,45,-0.024185976230196908,-0.05141333960149061,0.0030413871410967935,0.044444444444444446
Tg,map_neighbours,target,stage_enriched_derived,45,0.24753023682511782,0.2285536760894495,0.26650679756078616,0.8666666666666667
Tg,masked_imputation,rank,20,5,0.8682531905144277,0.8612032591060035,0.875303121922852,1.0
Tg,masked_imputation,rank,5,5,0.7371016172572246,0.7322643324315419,0.7419389020829072,1.0
Tg,masked_imputation,rank,60,5,0.9020757599391442,0.897401083968839,0.9067504359094495,1.0
Tg,multiplex_modules,agreement,0.3,75,0.03917311238095788,0.02838745577158729,0.04995876899032847,0.21333333333333335
Tg,multiplex_modules,agreement,0.5,75,0.03788838844838036,0.027456124113800065,0.04832065278296066,0.21333333333333335
Tg,multiplex_modules,resolution,0.5,50,0.01353335261911835,-0.0005213232983331678,0.02758802853656987,0.0
Tg,multiplex_modules,resolution,1.0,50,0.053880558484409924,0.04155326540462209,0.06620785156419776,0.4
Tg,multiplex_modules,resolution,2.0,50,0.04817834014047907,0.03864754521390212,0.05770913506705603,0.24
Tg,multiplex_modules,target,compartment,30,0.0303176497191227,0.024815498047730887,0.035819801390514515,0.0
Tg,multiplex_modules,target,dtm_class,30,0.03270616854352837,0.019062231121230094,0.04635010596582664,0.2
Tg,multiplex_modules,target,lopit_unified,30,0.06833256885797459,0.05494459268748471,0.08172054502846447,0.6666666666666666
Tg,multiplex_modules,target,screen_any_phenotype,30,0.026690333494027864,-0.0007148324925301958,0.054095499480585924,0.06666666666666667
Tg,multiplex_modules,target,stage_enriched_derived,30,0.034607031458692074,0.020402804292717402,0.048811258624666745,0.13333333333333333
Tg,neighbour_space,k,10,50,0.47412072481769146,0.39702717386133834,0.5512142757740446,0.92
Tg,neighbour_space,k,25,50,0.4741207248176915,0.3970271738613384,0.5512142757740447,0.92
Tg,neighbour_space,k,5,50,0.4741207248176915,0.3970271738613384,0.5512142757740447,0.92
Tg,neighbour_space,knn,15,75,0.4741207248176915,0.4119188077491372,0.5363226418862458,0.92
Tg,neighbour_space,knn,5,75,0.47412072481769146,0.41191880774913714,0.5363226418862458,0.92
Tg,neighbour_space,layer,coexpression,30,0.5874031947858089,0.5852730743652316,0.5895333152063863,1.0
Tg,neighbour_space,layer,cofitness,30,0.1351261204305587,0.12936435744605249,0.1408878834150649,1.0
Tg,neighbour_space,layer,cotranslation,30,0.8945412164017141,0.8842028517442493,0.904879581059179,1.0
Tg,neighbour_space,layer,struct,30,0.49002006169618745,0.45413802154160865,0.5259021018507662,1.0
Tg,neighbour_space,layer,xlms,30,0.26351303077418814,0.2486454341628929,0.27838062738548336,0.6
Tg,network_training,fraction,0.25,50,0.49698284640270124,0.42266580140482435,0.5712998914005781,0.96
Tg,network_training,fraction,0.4,50,0.4849147889733312,0.41220242962184933,0.557627148324813,0.98
Tg,network_training,layer,coexpression,20,0.5880210577591547,0.5844432356092514,0.591598879909058,1.0
Tg,network_training,layer,cofitness,20,0.14405695581309275,0.1368797238049881,0.15123418782119738,1.0
Tg,network_training,layer,cotranslation,20,0.8873471680188476,0.8758649098463086,0.8988294261913866,1.0
Tg,network_training,layer,struct,20,0.4973748918128752,0.45085468911908727,0.5438950945066632,1.0
Tg,network_training,layer,xlms,20,0.3379440150361108,0.2963127497220331,0.37957528035018856,0.85
Tg,network_training,model,embedding,50,0.5148143611993156,0.4450987655768149,0.5845299568218162,1.0
Tg,network_training,model,logistic,50,0.4670832741767169,0.39051980397633,0.5436467443771038,0.94
Tg,paralog_divergence,min_shared,10,25,0.16371363468288783,0.09889078682301733,0.22853648254275832,0.48
Tg,paralog_divergence,min_shared,30,25,0.16371363468288783,0.09889078682301733,0.22853648254275832,0.48
Tg,paralog_divergence,min_shared,5,25,0.16371363468288785,0.09889078682301737,0.22853648254275832,0.48
Tg,paralog_divergence,target,compartment,15,0.0940632182019385,0.08777846952736171,0.10034796687651529,0.4
Tg,paralog_divergence,target,dtm_class,15,0.02610764609973036,0.023230593821416113,0.02898469837804461,0.0
Tg,paralog_divergence,target,lopit_unified,15,0.15053489723919494,0.1443703986985396,0.1566993957798503,1.0
Tg,paralog_divergence,target,screen_any_phenotype,15,,,,0.0
Tg,paralog_divergence,target,stage_enriched_derived,15,0.3841487771906876,0.3788331784985379,0.3894643758828372,1.0
Tg,physical_partners,target,compartment,5,0.4281165101143639,0.40424211644032715,0.4519909037884007,1.0
Tg,physical_partners,target,dtm_class,5,0.3023814944847165,0.25748717922810266,0.3472758097413304,1.0
Tg,physical_partners,target,lopit_unified,5,0.4877897346809844,0.4498430307781219,0.525736438583847,1.0
Tg,physical_partners,target,screen_any_phenotype,5,0.007568360205566192,-0.021106319528169357,0.03624303993930174,0.0
Tg,physical_partners,target,stage_enriched_derived,5,0.02139692053668109,-0.0007839088104035288,0.043577749883765705,0.0
Tg,positive_unlabeled,bags,15,25,0.7873751569430489,0.7545045368542715,0.8202457770318263,1.0
Tg,positive_unlabeled,bags,40,25,0.7880792560445761,0.755352466070252,0.8208060460189002,1.0
Tg,positive_unlabeled,bags,5,25,0.7856428998722247,0.7530261689699912,0.8182596307744582,1.0
Tg,positive_unlabeled,exclude,compartment,15,0.8812781575569174,0.8734986546616266,0.8890576604522082,1.0
Tg,positive_unlabeled,exclude,dtm_class,15,0.664457311435405,0.6473270151459976,0.6815876077248124,1.0
Tg,positive_unlabeled,exclude,lopit_unified,15,0.843888590047642,0.8347493186868722,0.8530278614084119,1.0
Tg,positive_unlabeled,exclude,screen_any_phenotype,15,0.7869381122029301,0.773015207903188,0.8008610165026722,1.0
Tg,positive_unlabeled,exclude,stage_enriched_derived,15,0.7586000168568543,0.7481959579547672,0.7690040757589414,1.0
Tg,recoverability_atlas,k,15,25,0.4994546448146533,0.37743567769329345,0.6214736119360131,0.8
Tg,recoverability_atlas,k,5,25,0.45077426044427404,0.34164449666304797,0.5599040242255001,0.8
Tg,recoverability_atlas,k,50,25,0.5239147178874269,0.39976587172616274,0.6480635640486911,0.8
Tg,recoverability_atlas,target,compartment,15,0.6136114938399383,0.5579406761347484,0.6692823115451282,1.0
Tg,recoverability_atlas,target,dtm_class,15,0.5359896794587924,0.49776505073805616,0.5742143081795287,1.0
Tg,recoverability_atlas,target,lopit_unified,15,0.6772596032369638,0.6434064479692896,0.711112758504638,1.0
Tg,recoverability_atlas,target,screen_any_phenotype,15,-0.04314657149028464,-0.10490354615225281,0.018610403171683533,0.0
Tg,recoverability_atlas,target,stage_enriched_derived,15,0.6731918335318475,0.6490967157306651,0.69728695133303,1.0
Tg,seed_expansion,exclude,compartment,30,0.5848167287416245,0.5342951641140891,0.6353382933691599,1.0
Tg,seed_expansion,exclude,dtm_class,30,0.5597373953752288,0.5443277668151811,0.5751470239352765,1.0
Tg,seed_expansion,exclude,lopit_unified,30,0.6255372841923585,0.5948576752977542,0.6562168930869628,1.0
Tg,seed_expansion,exclude,screen_any_phenotype,30,0.5628887294028856,0.5475644294080836,0.5782130293976876,1.0
Tg,seed_expansion,exclude,stage_enriched_derived,30,0.25636012826058857,0.20260005824273633,0.3101201982784408,0.6
Tg,seed_expansion,mode,networks,75,0.4425266730590282,0.4036485124620836,0.4814048336559728,0.84
Tg,seed_expansion,mode,networks + measurements,75,0.593209433330046,0.565045685578341,0.6213731810817511,1.0
Tg,seed_expansion,restart,0.1,50,0.5156429731188532,0.4684717980706408,0.5628141481670657,0.92
Tg,seed_expansion,restart,0.3,50,0.5183216549317012,0.4709883375664778,0.5656549722969247,0.92
Tg,seed_expansion,restart,0.6,50,0.519639531533057,0.4722294026763196,0.5670496603897943,0.92
Tg,set_enrichment,exclude,compartment,5,0.7910609433147705,0.7508413655375116,0.8312805210920294,1.0
Tg,set_enrichment,exclude,dtm_class,5,0.5648480852345192,0.4151362049476416,0.7145599655213969,1.0
Tg,set_enrichment,exclude,lopit_unified,5,0.6778788134910003,0.6290181220983335,0.7267395048836671,1.0
Tg,set_enrichment,exclude,screen_any_phenotype,5,0.5979762322183594,0.47934690130785657,0.7166055631288621,1.0
Tg,set_enrichment,exclude,stage_enriched_derived,5,0.4421926567377872,0.3503801438049543,0.5340051696706201,1.0
Tg,split_clusters,min_cluster_size,15,5,,,,0.0
Tg,split_clusters,min_cluster_size,40,5,,,,0.0
Tg,split_clusters,min_cluster_size,80,5,,,,0.0
Tg,stratum_focus,stratum,conserved,25,0.25444242104660136,0.16393633003964897,0.34494851205355376,0.6
Tg,stratum_focus,stratum,hypothetical protein,25,0.20721089012026248,0.15681382141073535,0.2576079588297896,0.64
Tg,stratum_focus,stratum,lineage-specific,25,0.26447517024507156,0.21150230286557375,0.31744803762456936,0.6
Tg,stratum_focus,stratum,understudied,25,0.21447415221323493,0.15115812783211552,0.27779017659435434,0.64
Tg,stratum_focus,target,compartment,20,0.2923300808249917,0.27263116007867566,0.3120290015713077,1.0
Tg,stratum_focus,target,dtm_class,20,0.06223694243683733,0.04934612215006074,0.0751277627236139,0.0
Tg,stratum_focus,target,lopit_unified,20,0.3380640710903847,0.3266909783332424,0.34943716384752704,1.0
Tg,stratum_focus,target,screen_any_phenotype,20,0.041519756874764745,-0.01721313732484997,0.10025265107437946,0.1
Tg,stratum_focus,target,stage_enriched_derived,20,0.3858635874619075,0.3303104002925941,0.4414167746312209,1.0
Tg,structural_homology,level,1,5,0.6367787703758216,0.5876413885999813,0.685916152151662,1.0
Tg,structural_homology,level,2,5,0.6971572675660471,0.6473536640706363,0.7469608710614579,1.0
Tg,structural_homology,level,3,5,0.7131975034890582,0.6905426105895993,0.7358523963885171,1.0
Tg,supervised_classifier,C,0.01,25,0.31831502017160146,0.24718469414368052,0.3894453461995224,0.8
Tg,supervised_classifier,C,0.1,25,0.36836120940950806,0.27577931720376997,0.46094310161524615,0.8
Tg,supervised_classifier,C,1.0,25,0.37627218482680996,0.2765246353057131,0.47601973434790684,0.8
Tg,supervised_classifier,C,10.0,25,0.3718462057977476,0.2931946835059619,0.45049772808953326,0.8
Tg,supervised_classifier,target,compartment,20,0.37336854592551144,0.3411769839428375,0.40556010790818536,1.0
Tg,supervised_classifier,target,dtm_class,20,0.3381282486578046,0.3233211841228865,0.3529353131927227,1.0
Tg,supervised_classifier,target,lopit_unified,20,0.4723835665220709,0.4464234238687799,0.4983437091753619,1.0
Tg,supervised_classifier,target,screen_any_phenotype,20,0.010043319340113342,-0.03377481100688562,0.0538614496871123,0.0
Tg,supervised_classifier,target,stage_enriched_derived,20,0.5995695948115836,0.575278906508775,0.6238602831143921,1.0
Tg,trait_regression,model,boosted,30,0.6112788543928626,0.4673039475023117,0.7552537612834134,0.8333333333333334
Tg,trait_regression,model,ridge,30,0.5736945701946875,0.437913763232077,0.709475377157298,0.7333333333333333
Tg,trait_regression,own_kind,include,30,0.6361345021634656,0.4947226269993386,0.7775463773275926,0.9
Tg,trait_regression,own_kind,leave out,30,0.5488389224240844,0.41201726537742556,0.6856605794707432,0.6666666666666666
Tg,trait_regression,target,expr_tachy,20,0.9180783479745624,0.8975229326705234,0.9386337632786015,1.0
Tg,trait_regression,target,fit_invitro_hff,20,0.776497954834197,0.7411896687062005,0.8118062409621936,1.0
Tg,trait_regression,target,fit_invivo_PE,20,0.08288383407256569,0.06400189719622876,0.10176577094890263,0.35
Tg,triangulation,min_agree,1,25,0.2795935998518718,0.21287637329877124,0.3463108264049724,0.6
Tg,triangulation,min_agree,2,25,0.3480192527442418,0.26733256227138613,0.42870594321709743,0.6
Tg,triangulation,min_agree,3,25,0.5979627842902704,0.46151294381872576,0.734412624761815,0.8
Tg,triangulation,target,compartment,15,0.519728391043143,0.4298080115488248,0.6096487705374611,1.0
Tg,triangulation,target,dtm_class,15,0.43419964852341153,0.2882934032875602,0.5801058937592629,0.3333333333333333
Tg,triangulation,target,lopit_unified,15,0.5310761249679741,0.44680959683641996,0.6153426530995282,1.0
Tg,triangulation,target,screen_any_phenotype,15,-0.008466145859751802,-0.06272498306027012,0.04579269134076652,0.0
Tg,triangulation,target,stage_enriched_derived,15,0.5660880428025299,0.47606147200266397,0.6561146136023958,1.0
Tg,understudied_first,min_agree,1,25,0.25681838519563555,0.1879381735311702,0.3256985968601009,0.6
Tg,understudied_first,min_agree,2,25,0.319560518874955,0.23755199790762682,0.4015690398422832,0.6
Tg,understudied_first,min_agree,3,25,0.5715720175022877,0.43365243385702534,0.70949160114755,0.8
Tg,understudied_first,target,compartment,15,0.4960732219820574,0.4076429334511203,0.5845035105129944,1.0
Tg,understudied_first,target,dtm_class,15,0.41531522571808244,0.26882946812986425,0.5618009833063007,0.3333333333333333
Tg,understudied_first,target,lopit_unified,15,0.5008635465120618,0.4164033441062594,0.5853237489178642,1.0
Tg,understudied_first,target,screen_any_phenotype,15,-0.03812288997156314,-0.10514735415930435,0.02890157421617806,0.0
Tg,understudied_first,target,stage_enriched_derived,15,0.5391224317141583,0.4486499460083699,0.6295949174199467,1.0
Tg,unwritten_links,min_layers,1,5,0.11176611908986392,0.1112211336897994,0.11231110448992844,1.0
Tg,unwritten_links,min_layers,2,5,0.11176611908986392,0.1112211336897994,0.11231110448992844,1.0
Tg,unwritten_links,min_layers,3,5,0.11176611908986392,0.1112211336897994,0.11231110448992844,1.0
