label,support,prevalence,average_precision,precision,recall,task,method,features
19S proteasome,17,0.0044421217663966,0.7034947127341519,0.7142857142857143,0.2941176470588235,compartment,boosted,published
20S proteasome,14,0.0036582179252678,0.7850755274886724,1.0,0.4285714285714285,compartment,boosted,published
40S ribosome,28,0.0073164358505356,0.4813749504354884,0.4583333333333333,0.3928571428571428,compartment,boosted,published
60S ribosome,40,0.0104520512150509,0.6100218024264907,0.6444444444444445,0.725,compartment,boosted,published
ER,248,0.0648027175333159,0.5207123224557709,0.5066225165562914,0.6169354838709677,compartment,boosted,published
ER 2,17,0.0044421217663966,0.1560194430417162,0.0,0.0,compartment,boosted,published
Golgi,153,0.0399790958975699,0.28785350451937,0.3018867924528302,0.2091503267973856,compartment,boosted,published
IMC,96,0.0250849229161222,0.4364391365779215,0.4864864864864865,0.375,compartment,boosted,published
PM - integral,135,0.0352756728507969,0.3269926310801865,0.392156862745098,0.2962962962962963,compartment,boosted,published
PM - peripheral 1,49,0.0128037627384374,0.8142344175825443,0.875,0.7142857142857143,compartment,boosted,published
PM - peripheral 2,44,0.011497256336556,0.0286631751355112,0.0,0.0,compartment,boosted,published
apical 1,59,0.0154167755422001,0.3829183818985398,0.4444444444444444,0.2033898305084746,compartment,boosted,published
apical 2,17,0.0044421217663966,0.0651518695899468,0.0,0.0,compartment,boosted,published
apicoplast,167,0.0436373138228377,0.4680333690762593,0.5841584158415841,0.3532934131736527,compartment,boosted,published
cytosol,599,0.156519466945388,0.595766323448276,0.5077120822622108,0.659432387312187,compartment,boosted,published
dense granules,193,0.0504311471126208,0.694145925165472,0.7011494252873564,0.6321243523316062,compartment,boosted,published
endomembrane vesicles,34,0.0088842435327933,0.1326624837936668,1.0,0.0294117647058823,compartment,boosted,published
micronemes,56,0.0146328717010713,0.6000143279981799,0.7352941176470589,0.4464285714285714,compartment,boosted,published
mitochondrion - membranes,193,0.0504311471126208,0.5710387997249242,0.6875,0.3989637305699481,compartment,boosted,published
mitochondrion - soluble,274,0.071596550823099,0.5240819614149248,0.4937759336099585,0.4343065693430657,compartment,boosted,published
nucleolus,32,0.0083616409720407,0.1571419258519441,0.2,0.03125,compartment,boosted,published
nucleus - chromatin,769,0.2009406846093545,0.6266212092973443,0.5,0.7269180754226268,compartment,boosted,published
nucleus - non-chromatin,461,0.1204598902534622,0.4774003706829068,0.4801864801864802,0.4468546637744034,compartment,boosted,published
rhoptries 1,71,0.0185523909067154,0.6682344545497579,0.660377358490566,0.4929577464788732,compartment,boosted,published
rhoptries 2,52,0.0135876665795662,0.4505707260008174,0.5384615384615384,0.4038461538461538,compartment,boosted,published
tubulin cytoskeleton,9,0.0023517115233864,0.1133510059602963,0.0,0.0,compartment,boosted,published
19S proteasome,17,0.0044421217663966,0.7169976672358631,0.7777777777777778,0.4117647058823529,compartment,boosted,published_af3
20S proteasome,14,0.0036582179252678,0.7737125322463667,1.0,0.4285714285714285,compartment,boosted,published_af3
40S ribosome,28,0.0073164358505356,0.4788470916712964,0.4782608695652174,0.3928571428571428,compartment,boosted,published_af3
60S ribosome,40,0.0104520512150509,0.6188383163863086,0.6,0.675,compartment,boosted,published_af3
ER,248,0.0648027175333159,0.5035554132488059,0.4933333333333333,0.5967741935483871,compartment,boosted,published_af3
ER 2,17,0.0044421217663966,0.1886617179052459,1.0,0.0588235294117647,compartment,boosted,published_af3
Golgi,153,0.0399790958975699,0.2722160169539363,0.2767857142857143,0.2026143790849673,compartment,boosted,published_af3
IMC,96,0.0250849229161222,0.4507826294955389,0.52,0.40625,compartment,boosted,published_af3
PM - integral,135,0.0352756728507969,0.3320776308848144,0.392156862745098,0.2962962962962963,compartment,boosted,published_af3
PM - peripheral 1,49,0.0128037627384374,0.8055244122493453,0.8809523809523809,0.7551020408163265,compartment,boosted,published_af3
PM - peripheral 2,44,0.011497256336556,0.027665203683673,0.0,0.0,compartment,boosted,published_af3
apical 1,59,0.0154167755422001,0.3692846813386963,0.4285714285714285,0.2542372881355932,compartment,boosted,published_af3
apical 2,17,0.0044421217663966,0.0674579461590277,0.0,0.0,compartment,boosted,published_af3
apicoplast,167,0.0436373138228377,0.4853151513208999,0.6421052631578947,0.3652694610778443,compartment,boosted,published_af3
cytosol,599,0.156519466945388,0.5963880347187644,0.5064102564102564,0.659432387312187,compartment,boosted,published_af3
dense granules,193,0.0504311471126208,0.6925536618278443,0.7058823529411765,0.6217616580310881,compartment,boosted,published_af3
endomembrane vesicles,34,0.0088842435327933,0.1327234806248154,1.0,0.0294117647058823,compartment,boosted,published_af3
micronemes,56,0.0146328717010713,0.6069699993909473,0.6944444444444444,0.4464285714285714,compartment,boosted,published_af3
mitochondrion - membranes,193,0.0504311471126208,0.5682453982973578,0.6964285714285714,0.4041450777202072,compartment,boosted,published_af3
mitochondrion - soluble,274,0.071596550823099,0.5267195869923157,0.5,0.4270072992700729,compartment,boosted,published_af3
nucleolus,32,0.0083616409720407,0.172391845424378,0.0,0.0,compartment,boosted,published_af3
nucleus - chromatin,769,0.2009406846093545,0.6428469711281221,0.5031503150315032,0.7269180754226268,compartment,boosted,published_af3
nucleus - non-chromatin,461,0.1204598902534622,0.4850860707590192,0.4851936218678815,0.4620390455531453,compartment,boosted,published_af3
rhoptries 1,71,0.0185523909067154,0.674936044471517,0.7307692307692307,0.5352112676056338,compartment,boosted,published_af3
rhoptries 2,52,0.0135876665795662,0.4518408105507621,0.525,0.4038461538461538,compartment,boosted,published_af3
tubulin cytoskeleton,9,0.0023517115233864,0.1219708360984244,0.0,0.0,compartment,boosted,published_af3
19S proteasome,17,0.0044421217663966,0.5987995634981932,0.7777777777777778,0.4117647058823529,compartment,boosted,published_af3_esm
20S proteasome,14,0.0036582179252678,0.7348661141207661,1.0,0.2857142857142857,compartment,boosted,published_af3_esm
40S ribosome,28,0.0073164358505356,0.4957608185525522,0.5185185185185185,0.5,compartment,boosted,published_af3_esm
60S ribosome,40,0.0104520512150509,0.7712812887112688,0.7878787878787878,0.65,compartment,boosted,published_af3_esm
ER,248,0.0648027175333159,0.5767720961128184,0.5503355704697986,0.6612903225806451,compartment,boosted,published_af3_esm
ER 2,17,0.0044421217663966,0.0847116808357941,0.0,0.0,compartment,boosted,published_af3_esm
Golgi,153,0.0399790958975699,0.2965617775372356,0.3303571428571428,0.2418300653594771,compartment,boosted,published_af3_esm
IMC,96,0.0250849229161222,0.5100366114216338,0.6164383561643836,0.46875,compartment,boosted,published_af3_esm
PM - integral,135,0.0352756728507969,0.4241744591958892,0.4545454545454545,0.3333333333333333,compartment,boosted,published_af3_esm
PM - peripheral 1,49,0.0128037627384374,0.8580973968149099,0.9069767441860463,0.7959183673469388,compartment,boosted,published_af3_esm
PM - peripheral 2,44,0.011497256336556,0.0547137672765927,0.0,0.0,compartment,boosted,published_af3_esm
apical 1,59,0.0154167755422001,0.4692476038347719,0.5625,0.3050847457627119,compartment,boosted,published_af3_esm
apical 2,17,0.0044421217663966,0.2328838761556261,0.5,0.1764705882352941,compartment,boosted,published_af3_esm
apicoplast,167,0.0436373138228377,0.5328272522012745,0.6272727272727273,0.4131736526946107,compartment,boosted,published_af3_esm
cytosol,599,0.156519466945388,0.6462086121571041,0.5146699266503667,0.7028380634390651,compartment,boosted,published_af3_esm
dense granules,193,0.0504311471126208,0.708044955620325,0.6949152542372882,0.6373056994818653,compartment,boosted,published_af3_esm
endomembrane vesicles,34,0.0088842435327933,0.0704468830116341,0.3333333333333333,0.0294117647058823,compartment,boosted,published_af3_esm
micronemes,56,0.0146328717010713,0.6121698773899852,0.7368421052631579,0.5,compartment,boosted,published_af3_esm
mitochondrion - membranes,193,0.0504311471126208,0.6373489883374714,0.7304347826086957,0.4352331606217616,compartment,boosted,published_af3_esm
mitochondrion - soluble,274,0.071596550823099,0.6100853187125365,0.5601503759398496,0.5437956204379562,compartment,boosted,published_af3_esm
nucleolus,32,0.0083616409720407,0.1781822440948584,0.5,0.03125,compartment,boosted,published_af3_esm
nucleus - chromatin,769,0.2009406846093545,0.6853188937442081,0.5454545454545454,0.7490247074122237,compartment,boosted,published_af3_esm
nucleus - non-chromatin,461,0.1204598902534622,0.5913720502442549,0.5857843137254902,0.5184381778741866,compartment,boosted,published_af3_esm
rhoptries 1,71,0.0185523909067154,0.6932541528897129,0.6721311475409836,0.5774647887323944,compartment,boosted,published_af3_esm
rhoptries 2,52,0.0135876665795662,0.5600151703309049,0.5454545454545454,0.3461538461538461,compartment,boosted,published_af3_esm
tubulin cytoskeleton,9,0.0023517115233864,0.2569084504165546,0.0,0.0,compartment,boosted,published_af3_esm
19S proteasome,17,0.0044421217663966,0.4853996656336849,0.5,0.3529411764705882,compartment,linear,published
20S proteasome,14,0.0036582179252678,0.8215078950577468,0.6363636363636364,0.5,compartment,linear,published
40S ribosome,28,0.0073164358505356,0.4172240125127779,0.4,0.4285714285714285,compartment,linear,published
60S ribosome,40,0.0104520512150509,0.6379371072504647,0.55,0.55,compartment,linear,published
ER,248,0.0648027175333159,0.477067022325008,0.5021097046413502,0.4798387096774194,compartment,linear,published
ER 2,17,0.0044421217663966,0.1202903121161728,0.375,0.1764705882352941,compartment,linear,published
Golgi,153,0.0399790958975699,0.2830745062157999,0.3037037037037037,0.2679738562091503,compartment,linear,published
IMC,96,0.0250849229161222,0.3386982624234533,0.391304347826087,0.375,compartment,linear,published
PM - integral,135,0.0352756728507969,0.308408200955747,0.336283185840708,0.2814814814814815,compartment,linear,published
PM - peripheral 1,49,0.0128037627384374,0.7475535070335128,0.8333333333333334,0.6122448979591837,compartment,linear,published
PM - peripheral 2,44,0.011497256336556,0.0355670029686264,0.03125,0.0227272727272727,compartment,linear,published
apical 1,59,0.0154167755422001,0.2799582731429965,0.293103448275862,0.288135593220339,compartment,linear,published
apical 2,17,0.0044421217663966,0.0714644883171451,0.2,0.0588235294117647,compartment,linear,published
apicoplast,167,0.0436373138228377,0.4961810076783213,0.4848484848484848,0.4790419161676646,compartment,linear,published
cytosol,599,0.156519466945388,0.5240194918363225,0.4854517611026033,0.5292153589315526,compartment,linear,published
dense granules,193,0.0504311471126208,0.5186703553494326,0.5243243243243243,0.5025906735751295,compartment,linear,published
endomembrane vesicles,34,0.0088842435327933,0.0569036449958183,0.1363636363636363,0.088235294117647,compartment,linear,published
micronemes,56,0.0146328717010713,0.4230764306153798,0.4615384615384615,0.4285714285714285,compartment,linear,published
mitochondrion - membranes,193,0.0504311471126208,0.4928088121733286,0.5176470588235295,0.4559585492227979,compartment,linear,published
mitochondrion - soluble,274,0.071596550823099,0.4186453527190575,0.4119496855345912,0.4781021897810219,compartment,linear,published
nucleolus,32,0.0083616409720407,0.147948623335745,0.1764705882352941,0.09375,compartment,linear,published
nucleus - chromatin,769,0.2009406846093545,0.5385500040754087,0.5016797312430011,0.5825747724317295,compartment,linear,published
nucleus - non-chromatin,461,0.1204598902534622,0.4042379824333417,0.4133949191685912,0.3882863340563991,compartment,linear,published
rhoptries 1,71,0.0185523909067154,0.5697689478856769,0.5714285714285714,0.5070422535211268,compartment,linear,published
rhoptries 2,52,0.0135876665795662,0.5286996301139587,0.4883720930232558,0.4038461538461538,compartment,linear,published
tubulin cytoskeleton,9,0.0023517115233864,0.1480137248713004,0.25,0.1111111111111111,compartment,linear,published
19S proteasome,17,0.0044421217663966,0.4842181334924004,0.5,0.3529411764705882,compartment,linear,published_af3
20S proteasome,14,0.0036582179252678,0.8217091023012075,0.7,0.5,compartment,linear,published_af3
40S ribosome,28,0.0073164358505356,0.4151957436159303,0.3870967741935484,0.4285714285714285,compartment,linear,published_af3
60S ribosome,40,0.0104520512150509,0.6379417228659116,0.575,0.575,compartment,linear,published_af3
ER,248,0.0648027175333159,0.4750830990805847,0.5145228215767634,0.5,compartment,linear,published_af3
ER 2,17,0.0044421217663966,0.1205946500245838,0.375,0.1764705882352941,compartment,linear,published_af3
Golgi,153,0.0399790958975699,0.2871514427756026,0.2985074626865671,0.261437908496732,compartment,linear,published_af3
IMC,96,0.0250849229161222,0.341102719843121,0.3617021276595745,0.3541666666666667,compartment,linear,published_af3
PM - integral,135,0.0352756728507969,0.3043926557112874,0.3451327433628318,0.2888888888888888,compartment,linear,published_af3
PM - peripheral 1,49,0.0128037627384374,0.7415873808656058,0.8333333333333334,0.6122448979591837,compartment,linear,published_af3
PM - peripheral 2,44,0.011497256336556,0.0344902991544635,0.03125,0.0227272727272727,compartment,linear,published_af3
apical 1,59,0.0154167755422001,0.2878303787550684,0.3272727272727272,0.3050847457627119,compartment,linear,published_af3
apical 2,17,0.0044421217663966,0.0816497051941958,0.1428571428571428,0.0588235294117647,compartment,linear,published_af3
apicoplast,167,0.0436373138228377,0.4997740944492415,0.4785276073619632,0.467065868263473,compartment,linear,published_af3
cytosol,599,0.156519466945388,0.5213154198919052,0.4780635400907715,0.5275459098497496,compartment,linear,published_af3
dense granules,193,0.0504311471126208,0.5272621156924598,0.5351351351351351,0.5129533678756477,compartment,linear,published_af3
endomembrane vesicles,34,0.0088842435327933,0.0559736728779525,0.1428571428571428,0.088235294117647,compartment,linear,published_af3
micronemes,56,0.0146328717010713,0.4198750658473859,0.490566037735849,0.4642857142857143,compartment,linear,published_af3
mitochondrion - membranes,193,0.0504311471126208,0.4923346452672882,0.5232558139534884,0.466321243523316,compartment,linear,published_af3
mitochondrion - soluble,274,0.071596550823099,0.4200180281371827,0.4147909967845659,0.4708029197080292,compartment,linear,published_af3
nucleolus,32,0.0083616409720407,0.1491046476824169,0.1176470588235294,0.0625,compartment,linear,published_af3
nucleus - chromatin,769,0.2009406846093545,0.5507252322724578,0.497737556561086,0.5721716514954487,compartment,linear,published_af3
nucleus - non-chromatin,461,0.1204598902534622,0.400853289950128,0.4123006833712984,0.3926247288503254,compartment,linear,published_af3
rhoptries 1,71,0.0185523909067154,0.582488133664167,0.5714285714285714,0.5070422535211268,compartment,linear,published_af3
rhoptries 2,52,0.0135876665795662,0.5304037286151916,0.5121951219512195,0.4038461538461538,compartment,linear,published_af3
tubulin cytoskeleton,9,0.0023517115233864,0.1510707545645826,0.25,0.1111111111111111,compartment,linear,published_af3
19S proteasome,17,0.0044421217663966,0.5371350143632021,0.6666666666666666,0.4705882352941176,compartment,linear,published_af3_esm
20S proteasome,14,0.0036582179252678,0.8376179245283017,0.6666666666666666,0.4285714285714285,compartment,linear,published_af3_esm
40S ribosome,28,0.0073164358505356,0.4305138284059246,0.4074074074074074,0.3928571428571428,compartment,linear,published_af3_esm
60S ribosome,40,0.0104520512150509,0.6683466693279527,0.5681818181818182,0.625,compartment,linear,published_af3_esm
ER,248,0.0648027175333159,0.5187835185011225,0.5230125523012552,0.5040322580645161,compartment,linear,published_af3_esm
ER 2,17,0.0044421217663966,0.1318439385440744,0.5,0.1764705882352941,compartment,linear,published_af3_esm
Golgi,153,0.0399790958975699,0.2873247762385885,0.2790697674418604,0.2352941176470588,compartment,linear,published_af3_esm
IMC,96,0.0250849229161222,0.4019338029430508,0.4545454545454545,0.4166666666666667,compartment,linear,published_af3_esm
PM - integral,135,0.0352756728507969,0.345287529114927,0.3833333333333333,0.3407407407407407,compartment,linear,published_af3_esm
PM - peripheral 1,49,0.0128037627384374,0.775260101364948,0.8611111111111112,0.6326530612244898,compartment,linear,published_af3_esm
PM - peripheral 2,44,0.011497256336556,0.0411688601850268,0.0606060606060606,0.0454545454545454,compartment,linear,published_af3_esm
apical 1,59,0.0154167755422001,0.335974747468393,0.4375,0.3559322033898305,compartment,linear,published_af3_esm
apical 2,17,0.0044421217663966,0.1205743504699083,0.2,0.0588235294117647,compartment,linear,published_af3_esm
apicoplast,167,0.0436373138228377,0.5574380958116892,0.5178571428571429,0.5209580838323353,compartment,linear,published_af3_esm
cytosol,599,0.156519466945388,0.5921517672034333,0.5326409495548962,0.5993322203672788,compartment,linear,published_af3_esm
dense granules,193,0.0504311471126208,0.5769774140687073,0.6065573770491803,0.5751295336787565,compartment,linear,published_af3_esm
endomembrane vesicles,34,0.0088842435327933,0.0657205023231887,0.1428571428571428,0.088235294117647,compartment,linear,published_af3_esm
micronemes,56,0.0146328717010713,0.4439788847553795,0.4347826086956521,0.3571428571428571,compartment,linear,published_af3_esm
mitochondrion - membranes,193,0.0504311471126208,0.5814246061127936,0.5578947368421052,0.5492227979274611,compartment,linear,published_af3_esm
mitochondrion - soluble,274,0.071596550823099,0.5057284332195169,0.48,0.5255474452554745,compartment,linear,published_af3_esm
nucleolus,32,0.0083616409720407,0.1552567078631946,0.2,0.09375,compartment,linear,published_af3_esm
nucleus - chromatin,769,0.2009406846093545,0.584166445596272,0.5373626373626373,0.635890767230169,compartment,linear,published_af3_esm
nucleus - non-chromatin,461,0.1204598902534622,0.5372240745189744,0.5669099756690997,0.5054229934924078,compartment,linear,published_af3_esm
rhoptries 1,71,0.0185523909067154,0.6141903284381691,0.5714285714285714,0.5070422535211268,compartment,linear,published_af3_esm
rhoptries 2,52,0.0135876665795662,0.5418785108292032,0.5116279069767442,0.4230769230769231,compartment,linear,published_af3_esm
tubulin cytoskeleton,9,0.0023517115233864,0.1777848409950809,0.2857142857142857,0.2222222222222222,compartment,linear,published_af3_esm
19S proteasome,17,0.0044421217663966,0.0085643340587049,0.0,0.0,compartment,linear,shuffled_labels
20S proteasome,14,0.0036582179252678,0.0032715790052725,0.0,0.0,compartment,linear,shuffled_labels
40S ribosome,28,0.0073164358505356,0.0082562033647461,0.0,0.0,compartment,linear,shuffled_labels
60S ribosome,40,0.0104520512150509,0.0117370531779707,0.0,0.0,compartment,linear,shuffled_labels
ER,248,0.0648027175333159,0.0691287388707925,0.0769230769230769,0.0483870967741935,compartment,linear,shuffled_labels
ER 2,17,0.0044421217663966,0.0051179673061575,0.0,0.0,compartment,linear,shuffled_labels
Golgi,153,0.0399790958975699,0.0462280878027453,0.0657894736842105,0.0326797385620915,compartment,linear,shuffled_labels
IMC,96,0.0250849229161222,0.0255266968609622,0.0169491525423728,0.0104166666666666,compartment,linear,shuffled_labels
PM - integral,135,0.0352756728507969,0.0428067827566993,0.0547945205479452,0.0296296296296296,compartment,linear,shuffled_labels
PM - peripheral 1,49,0.0128037627384374,0.0110289166415065,0.0,0.0,compartment,linear,shuffled_labels
PM - peripheral 2,44,0.011497256336556,0.0107850186229088,0.0476190476190476,0.0227272727272727,compartment,linear,shuffled_labels
apical 1,59,0.0154167755422001,0.0174108000706835,0.0,0.0,compartment,linear,shuffled_labels
apical 2,17,0.0044421217663966,0.0094247205574514,0.0,0.0,compartment,linear,shuffled_labels
apicoplast,167,0.0436373138228377,0.0389602993729832,0.0217391304347826,0.0119760479041916,compartment,linear,shuffled_labels
cytosol,599,0.156519466945388,0.158886857778907,0.1684088269454123,0.2420701168614357,compartment,linear,shuffled_labels
dense granules,193,0.0504311471126208,0.0488755626781018,0.08,0.0414507772020725,compartment,linear,shuffled_labels
endomembrane vesicles,34,0.0088842435327933,0.0093882502458268,0.0,0.0,compartment,linear,shuffled_labels
micronemes,56,0.0146328717010713,0.0241628322017805,0.0277777777777777,0.0178571428571428,compartment,linear,shuffled_labels
mitochondrion - membranes,193,0.0504311471126208,0.0513219851611701,0.0520833333333333,0.0259067357512953,compartment,linear,shuffled_labels
mitochondrion - soluble,274,0.071596550823099,0.0644893601919092,0.0393258426966292,0.0255474452554744,compartment,linear,shuffled_labels
nucleolus,32,0.0083616409720407,0.0061888512007958,0.0,0.0,compartment,linear,shuffled_labels
nucleus - chromatin,769,0.2009406846093545,0.19892026864023,0.1982696467195385,0.3576072821846554,compartment,linear,shuffled_labels
nucleus - non-chromatin,461,0.1204598902534622,0.1287985686538796,0.1271551724137931,0.1279826464208243,compartment,linear,shuffled_labels
rhoptries 1,71,0.0185523909067154,0.0182274523697123,0.0,0.0,compartment,linear,shuffled_labels
rhoptries 2,52,0.0135876665795662,0.011479708533588,0.0,0.0,compartment,linear,shuffled_labels
tubulin cytoskeleton,9,0.0023517115233864,0.0016365317844241,0.0,0.0,compartment,linear,shuffled_labels
19S proteasome,17,0.0044421217663966,0.2248634477002019,0.6,0.1764705882352941,compartment,multiview,published
20S proteasome,14,0.0036582179252678,0.3527057449107138,0.75,0.4285714285714285,compartment,multiview,published
40S ribosome,28,0.0073164358505356,0.3389622509248207,0.2941176470588235,0.1785714285714285,compartment,multiview,published
60S ribosome,40,0.0104520512150509,0.4111292473788038,0.4705882352941176,0.8,compartment,multiview,published
ER,248,0.0648027175333159,0.0991766579387308,0.2763157894736842,0.1693548387096774,compartment,multiview,published
ER 2,17,0.0044421217663966,0.0073388922124873,0.0,0.0,compartment,multiview,published
Golgi,153,0.0399790958975699,0.0777524876060932,0.2037037037037037,0.0718954248366013,compartment,multiview,published
IMC,96,0.0250849229161222,0.0930773030488918,0.2875,0.2395833333333333,compartment,multiview,published
PM - integral,135,0.0352756728507969,0.0646638050047271,0.2619047619047619,0.0814814814814814,compartment,multiview,published
PM - peripheral 1,49,0.0128037627384374,0.4125762744039623,0.88,0.4489795918367347,compartment,multiview,published
PM - peripheral 2,44,0.011497256336556,0.025463469631661,0.0,0.0,compartment,multiview,published
apical 1,59,0.0154167755422001,0.0706597601084018,0.22,0.1864406779661017,compartment,multiview,published
apical 2,17,0.0044421217663966,0.0125090832159468,0.0,0.0,compartment,multiview,published
apicoplast,167,0.0436373138228377,0.139283153435804,0.4126984126984127,0.155688622754491,compartment,multiview,published
cytosol,599,0.156519466945388,0.3141320423457578,0.3840399002493765,0.5141903171953256,compartment,multiview,published
dense granules,193,0.0504311471126208,0.2231172604291736,0.4506172839506173,0.3782383419689119,compartment,multiview,published
endomembrane vesicles,34,0.0088842435327933,0.0154045717263509,0.0,0.0,compartment,multiview,published
micronemes,56,0.0146328717010713,0.2253811384984449,0.8333333333333334,0.0892857142857142,compartment,multiview,published
mitochondrion - membranes,193,0.0504311471126208,0.2671191798197398,0.4824561403508772,0.2849740932642487,compartment,multiview,published
mitochondrion - soluble,274,0.071596550823099,0.1894953201644938,0.2949852507374631,0.364963503649635,compartment,multiview,published
nucleolus,32,0.0083616409720407,0.0954177489288061,0.0,0.0,compartment,multiview,published
nucleus - chromatin,769,0.2009406846093545,0.3514385187826022,0.3685427910562837,0.6215864759427828,compartment,multiview,published
nucleus - non-chromatin,461,0.1204598902534622,0.2530568164874542,0.3204545454545454,0.3058568329718004,compartment,multiview,published
rhoptries 1,71,0.0185523909067154,0.1829342959636815,0.4285714285714285,0.2957746478873239,compartment,multiview,published
rhoptries 2,52,0.0135876665795662,0.2244405630817826,0.4130434782608695,0.3653846153846153,compartment,multiview,published
tubulin cytoskeleton,9,0.0023517115233864,0.015897676255259,0.0,0.0,compartment,multiview,published
19S proteasome,17,0.0044421217663966,0.4367393294372928,1.0,0.3529411764705882,compartment,neighbors,published
20S proteasome,14,0.0036582179252678,0.4692897408133348,1.0,0.3571428571428571,compartment,neighbors,published
40S ribosome,28,0.0073164358505356,0.5035404533215679,0.4444444444444444,0.2857142857142857,compartment,neighbors,published
60S ribosome,40,0.0104520512150509,0.4605103704712838,0.5223880597014925,0.875,compartment,neighbors,published
ER,248,0.0648027175333159,0.1333124075921874,0.3513513513513513,0.157258064516129,compartment,neighbors,published
ER 2,17,0.0044421217663966,0.0099254950940741,0.0,0.0,compartment,neighbors,published
Golgi,153,0.0399790958975699,0.0840270495275135,0.1515151515151515,0.065359477124183,compartment,neighbors,published
IMC,96,0.0250849229161222,0.1015985327903273,0.3950617283950617,0.3333333333333333,compartment,neighbors,published
PM - integral,135,0.0352756728507969,0.0807170640077505,0.4074074074074074,0.0814814814814814,compartment,neighbors,published
PM - peripheral 1,49,0.0128037627384374,0.4861721691132883,0.9642857142857144,0.5510204081632653,compartment,neighbors,published
PM - peripheral 2,44,0.011497256336556,0.0179897458861893,0.0,0.0,compartment,neighbors,published
apical 1,59,0.0154167755422001,0.0953912949050084,0.2372881355932203,0.2372881355932203,compartment,neighbors,published
apical 2,17,0.0044421217663966,0.0174347060839132,0.0,0.0,compartment,neighbors,published
apicoplast,167,0.0436373138228377,0.2128520429314594,0.4776119402985074,0.1916167664670658,compartment,neighbors,published
cytosol,599,0.156519466945388,0.321925160826541,0.3896424167694204,0.5275459098497496,compartment,neighbors,published
dense granules,193,0.0504311471126208,0.233642636414761,0.5178571428571429,0.3005181347150259,compartment,neighbors,published
endomembrane vesicles,34,0.0088842435327933,0.013970202442143,0.0,0.0,compartment,neighbors,published
micronemes,56,0.0146328717010713,0.2171742478420719,0.7777777777777778,0.125,compartment,neighbors,published
mitochondrion - membranes,193,0.0504311471126208,0.3141173863598609,0.52,0.2694300518134715,compartment,neighbors,published
mitochondrion - soluble,274,0.071596550823099,0.25722714104909,0.3086680761099366,0.5328467153284672,compartment,neighbors,published
nucleolus,32,0.0083616409720407,0.2212061578720758,0.0,0.0,compartment,neighbors,published
nucleus - chromatin,769,0.2009406846093545,0.369855914389055,0.4006284367635506,0.6631989596879063,compartment,neighbors,published
nucleus - non-chromatin,461,0.1204598902534622,0.2504536644862273,0.3548387096774194,0.334056399132321,compartment,neighbors,published
rhoptries 1,71,0.0185523909067154,0.2392377369470165,0.4571428571428571,0.2253521126760563,compartment,neighbors,published
rhoptries 2,52,0.0135876665795662,0.2030512530489686,0.3902439024390244,0.3076923076923077,compartment,neighbors,published
tubulin cytoskeleton,9,0.0023517115233864,0.0348928678741992,0.0,0.0,compartment,neighbors,published
19S proteasome,17,0.0044421217663966,0.395586808693332,0.6666666666666666,0.3529411764705882,compartment,pca,published
20S proteasome,14,0.0036582179252678,0.361288084247637,0.6666666666666666,0.2857142857142857,compartment,pca,published
40S ribosome,28,0.0073164358505356,0.4463604836568626,0.3333333333333333,0.25,compartment,pca,published
60S ribosome,40,0.0104520512150509,0.5091741675662695,0.4714285714285714,0.825,compartment,pca,published
ER,248,0.0648027175333159,0.1002078057161752,0.2148760330578512,0.1048387096774193,compartment,pca,published
ER 2,17,0.0044421217663966,0.0086327631165795,0.0,0.0,compartment,pca,published
Golgi,153,0.0399790958975699,0.0702710368173976,0.144927536231884,0.065359477124183,compartment,pca,published
IMC,96,0.0250849229161222,0.0948949924556301,0.2560975609756097,0.21875,compartment,pca,published
PM - integral,135,0.0352756728507969,0.0516145858444844,0.2093023255813953,0.0666666666666666,compartment,pca,published
PM - peripheral 1,49,0.0128037627384374,0.3382767860312541,0.8235294117647058,0.5714285714285714,compartment,pca,published
PM - peripheral 2,44,0.011497256336556,0.0197971993543103,0.0,0.0,compartment,pca,published
apical 1,59,0.0154167755422001,0.0637109287936792,0.2545454545454545,0.2372881355932203,compartment,pca,published
apical 2,17,0.0044421217663966,0.024933653225463,0.0,0.0,compartment,pca,published
apicoplast,167,0.0436373138228377,0.1312036855383964,0.3061224489795918,0.0898203592814371,compartment,pca,published
cytosol,599,0.156519466945388,0.2972015843985399,0.3770700636942675,0.4941569282136895,compartment,pca,published
dense granules,193,0.0504311471126208,0.2561860734112073,0.4680851063829787,0.4559585492227979,compartment,pca,published
endomembrane vesicles,34,0.0088842435327933,0.0138360719418524,0.0,0.0,compartment,pca,published
micronemes,56,0.0146328717010713,0.1966960244039328,0.4444444444444444,0.0714285714285714,compartment,pca,published
mitochondrion - membranes,193,0.0504311471126208,0.2770279847379522,0.4471544715447154,0.2849740932642487,compartment,pca,published
mitochondrion - soluble,274,0.071596550823099,0.2014988527809711,0.293010752688172,0.3978102189781022,compartment,pca,published
nucleolus,32,0.0083616409720407,0.1516920181376356,0.0,0.0,compartment,pca,published
nucleus - chromatin,769,0.2009406846093545,0.3280337310314238,0.3651642475171887,0.6215864759427828,compartment,pca,published
nucleus - non-chromatin,461,0.1204598902534622,0.2588791793741269,0.3421052631578947,0.281995661605206,compartment,pca,published
rhoptries 1,71,0.0185523909067154,0.2270999560469589,0.5128205128205128,0.2816901408450704,compartment,pca,published
rhoptries 2,52,0.0135876665795662,0.1609442399404091,0.375,0.4038461538461538,compartment,pca,published
tubulin cytoskeleton,9,0.0023517115233864,0.0473566748232627,0.0,0.0,compartment,pca,published
19S proteasome,17,0.0044421217663966,0.0046283057098398,0.0,0.0,compartment,prior,published
20S proteasome,14,0.0036582179252678,0.0034633691469794,0.0,0.0,compartment,prior,published
40S ribosome,28,0.0073164358505356,0.0072816835121819,0.0,0.0,compartment,prior,published
60S ribosome,40,0.0104520512150509,0.0104165244880288,0.0,0.0,compartment,prior,published
ER,248,0.0648027175333159,0.0645583500056332,0.0,0.0,compartment,prior,published
ER 2,17,0.0044421217663966,0.0046283057098398,0.0,0.0,compartment,prior,published
Golgi,153,0.0399790958975699,0.0399930319658566,0.0,0.0,compartment,prior,published
IMC,96,0.0250849229161222,0.0250936671158316,0.0,0.0,compartment,prior,published
PM - integral,135,0.0352756728507969,0.0352879693816382,0.0,0.0,compartment,prior,published
PM - peripheral 1,49,0.0128037627384374,0.0155936050820759,0.0,0.0,compartment,prior,published
PM - peripheral 2,44,0.011497256336556,0.0112902856940576,0.0,0.0,compartment,prior,published
apical 1,59,0.0154167755422001,0.0154686311243084,0.0,0.0,compartment,prior,published
apical 2,17,0.0044421217663966,0.0046283057098398,0.0,0.0,compartment,prior,published
apicoplast,167,0.0436373138228377,0.0438279517756322,0.0,0.0,compartment,prior,published
cytosol,599,0.156519466945388,0.1564950787234351,0.0,0.0,compartment,prior,published
dense granules,193,0.0504311471126208,0.0504061022224519,0.0,0.0,compartment,prior,published
endomembrane vesicles,34,0.0088842435327933,0.0087180836459455,0.0,0.0,compartment,prior,published
micronemes,56,0.0146328717010713,0.0148154678647,0.0,0.0,compartment,prior,published
mitochondrion - membranes,193,0.0504311471126208,0.0502752466400831,0.0,0.0,compartment,prior,published
mitochondrion - soluble,274,0.071596550823099,0.0714291844844347,0.0,0.0,compartment,prior,published
nucleolus,32,0.0083616409720407,0.0085443853527823,0.0,0.0,compartment,prior,published
nucleus - chromatin,769,0.2009406846093545,0.2006795051010799,0.2009406846093545,1.0,compartment,prior,published
nucleus - non-chromatin,461,0.1204598902534622,0.1201907381208573,0.0,0.0,compartment,prior,published
rhoptries 1,71,0.0185523909067154,0.0187356958115374,0.0,0.0,compartment,prior,published
rhoptries 2,52,0.0135876665795662,0.0135522273470904,0.0,0.0,compartment,prior,published
tubulin cytoskeleton,9,0.0023517115233864,0.0023525312921092,0.0,0.0,compartment,prior,published
19S proteasome,17,0.0044421217663966,0.1648476464961967,0.2142857142857142,0.1764705882352941,compartment,umap,published
20S proteasome,14,0.0036582179252678,0.3968276284872923,0.7142857142857143,0.7142857142857143,compartment,umap,published
40S ribosome,28,0.0073164358505356,0.3191149788542012,0.3636363636363636,0.1428571428571428,compartment,umap,published
60S ribosome,40,0.0104520512150509,0.6106270177793387,0.4594594594594595,0.85,compartment,umap,published
ER,248,0.0648027175333159,0.0912786930981576,0.1696969696969697,0.1129032258064516,compartment,umap,published
ER 2,17,0.0044421217663966,0.009319860015144,0.0,0.0,compartment,umap,published
Golgi,153,0.0399790958975699,0.0605812469511125,0.0963855421686747,0.0522875816993464,compartment,umap,published
IMC,96,0.0250849229161222,0.069596328060864,0.2608695652173913,0.125,compartment,umap,published
PM - integral,135,0.0352756728507969,0.0541782215032232,0.1590909090909091,0.0518518518518518,compartment,umap,published
PM - peripheral 1,49,0.0128037627384374,0.4760559741919871,0.509090909090909,0.5714285714285714,compartment,umap,published
PM - peripheral 2,44,0.011497256336556,0.0114304977249398,0.0,0.0,compartment,umap,published
apical 1,59,0.0154167755422001,0.0594017596488153,0.1777777777777777,0.135593220338983,compartment,umap,published
apical 2,17,0.0044421217663966,0.0051886636208982,0.0,0.0,compartment,umap,published
apicoplast,167,0.0436373138228377,0.0878927361305209,0.1650485436893204,0.1017964071856287,compartment,umap,published
cytosol,599,0.156519466945388,0.2570882762349499,0.3388116308470291,0.4474123539232053,compartment,umap,published
dense granules,193,0.0504311471126208,0.1650807308149223,0.358695652173913,0.3419689119170984,compartment,umap,published
endomembrane vesicles,34,0.0088842435327933,0.0102679683321231,0.2,0.0294117647058823,compartment,umap,published
micronemes,56,0.0146328717010713,0.0869295156484494,0.4444444444444444,0.1428571428571428,compartment,umap,published
mitochondrion - membranes,193,0.0504311471126208,0.2770365397913112,0.3169014084507042,0.233160621761658,compartment,umap,published
mitochondrion - soluble,274,0.071596550823099,0.1605692593283184,0.2578796561604584,0.3284671532846715,compartment,umap,published
nucleolus,32,0.0083616409720407,0.0747903099494589,0.375,0.09375,compartment,umap,published
nucleus - chromatin,769,0.2009406846093545,0.3591675833340262,0.3648029330889092,0.517555266579974,compartment,umap,published
nucleus - non-chromatin,461,0.1204598902534622,0.2169908625739668,0.29004329004329,0.2906724511930585,compartment,umap,published
rhoptries 1,71,0.0185523909067154,0.1742338802204928,0.2692307692307692,0.1971830985915492,compartment,umap,published
rhoptries 2,52,0.0135876665795662,0.2002355072309259,0.2537313432835821,0.3269230769230769,compartment,umap,published
tubulin cytoskeleton,9,0.0023517115233864,0.0065387902327211,0.0,0.0,compartment,umap,published
19S proteasome,17,0.0044421217663966,0.2346299335194541,0.25,0.2352941176470588,compartment,umap,published_3d
20S proteasome,14,0.0036582179252678,0.4229992272261977,0.6,0.6428571428571429,compartment,umap,published_3d
40S ribosome,28,0.0073164358505356,0.2943728806148021,0.3,0.1071428571428571,compartment,umap,published_3d
60S ribosome,40,0.0104520512150509,0.5372494717029894,0.4285714285714285,0.825,compartment,umap,published_3d
ER,248,0.0648027175333159,0.0733215369281445,0.1146496815286624,0.0725806451612903,compartment,umap,published_3d
ER 2,17,0.0044421217663966,0.01153411745539,0.0,0.0,compartment,umap,published_3d
Golgi,153,0.0399790958975699,0.0549259186006254,0.1486486486486486,0.0718954248366013,compartment,umap,published_3d
IMC,96,0.0250849229161222,0.0669585883071727,0.2826086956521739,0.1354166666666666,compartment,umap,published_3d
PM - integral,135,0.0352756728507969,0.0488497534026448,0.225,0.0666666666666666,compartment,umap,published_3d
PM - peripheral 1,49,0.0128037627384374,0.4944852555262342,0.5510204081632653,0.5510204081632653,compartment,umap,published_3d
PM - peripheral 2,44,0.011497256336556,0.013626448083376,0.0,0.0,compartment,umap,published_3d
apical 1,59,0.0154167755422001,0.0468161075147282,0.2285714285714285,0.135593220338983,compartment,umap,published_3d
apical 2,17,0.0044421217663966,0.0067285109617902,0.0,0.0,compartment,umap,published_3d
apicoplast,167,0.0436373138228377,0.100890370028545,0.1709401709401709,0.1197604790419161,compartment,umap,published_3d
cytosol,599,0.156519466945388,0.2443393153776056,0.3294255568581477,0.4691151919866444,compartment,umap,published_3d
dense granules,193,0.0504311471126208,0.1597275380398211,0.3426966292134831,0.3160621761658031,compartment,umap,published_3d
endomembrane vesicles,34,0.0088842435327933,0.0115543331007429,0.0,0.0,compartment,umap,published_3d
micronemes,56,0.0146328717010713,0.0965777358882698,0.3333333333333333,0.1607142857142857,compartment,umap,published_3d
mitochondrion - membranes,193,0.0504311471126208,0.2480841891180273,0.3211678832116788,0.2279792746113989,compartment,umap,published_3d
mitochondrion - soluble,274,0.071596550823099,0.1616386619821797,0.228486646884273,0.2810218978102189,compartment,umap,published_3d
nucleolus,32,0.0083616409720407,0.0685123350811197,0.1666666666666666,0.03125,compartment,umap,published_3d
nucleus - chromatin,769,0.2009406846093545,0.3530727343721978,0.3668582375478927,0.4980494148244473,compartment,umap,published_3d
nucleus - non-chromatin,461,0.1204598902534622,0.214727233093647,0.2725321888412017,0.2754880694143167,compartment,umap,published_3d
rhoptries 1,71,0.0185523909067154,0.1850336045310917,0.26,0.1830985915492957,compartment,umap,published_3d
rhoptries 2,52,0.0135876665795662,0.1629312877621983,0.2051282051282051,0.3076923076923077,compartment,umap,published_3d
tubulin cytoskeleton,9,0.0023517115233864,0.0078950001260537,0.0,0.0,compartment,umap,published_3d
