gene_id	febrile_phospho_max_abs_log2fc	febrile_phospho_n_sites_up	febrile_phospho_n_sites_down
PF3D7_0102200	0.770277	0	0
PF3D7_0102600	0.528657	0	0
PF3D7_0102800	0.166772	0	0
PF3D7_0103100	0.144116	0	0
PF3D7_0103200	0.376643	0	0
PF3D7_0103300	0.353857	0	0
PF3D7_0103400	0.0850487	0	0
PF3D7_0104300	0.474592	0	0
PF3D7_0104800	0.567178	0	0
PF3D7_0105200	0.0251818	0	0
PF3D7_0105700	0.475047	0	0
PF3D7_0105800	0.610952	0	0
PF3D7_0106000	0.439898	0	0
PF3D7_0106100	0.599652	0	0
PF3D7_0106300	0.668372	0	0
PF3D7_0106400	0.373922	0	0
PF3D7_0106700	0.283167	0	0
PF3D7_0107500	0.347452	0	0
PF3D7_0107800	0.191672	0	0
PF3D7_0108300	0.532792	0	0
PF3D7_0108500	0.246572	0	0
PF3D7_0108700	0.532473	0	0
PF3D7_0109000	0.180322	0	0
PF3D7_0109800	0.0368528	0	0
PF3D7_0110400	0.494292	0	0
PF3D7_0110500	0.416281	0	0
PF3D7_0110600	0.604273	0	0
PF3D7_0110700	0.567523	0	0
PF3D7_0111000	0.0477219	0	0
PF3D7_0111400	0.667103	0	0
PF3D7_0111500	0.661552	0	0
PF3D7_0111600	0.205173	0	0
PF3D7_0111800	0.360073	0	0
PF3D7_0112200	0.665723	0	0
PF3D7_0113000	0.722718	0	0
PF3D7_0113200	1.48808	8	0
PF3D7_0113700	0.00341797	0	0
PF3D7_0201500	0.200398	0	0
PF3D7_0201800	0.564808	0	0
PF3D7_0201900	0.833162	0	0
PF3D7_0202000	1.23967	1	1
PF3D7_0202100	0.289293	0	0
PF3D7_0202200	0.659853	0	0
PF3D7_0202400	0.675978	0	0
PF3D7_0202500	0.143442	0	0
PF3D7_0202600	0.616282	0	0
PF3D7_0203000	0.00806141	0	0
PF3D7_0203200	0.134768	0	0
PF3D7_0203300	0.113767	0	0
PF3D7_0204100	0.224762	0	0
PF3D7_0204700	0.905928	0	0
PF3D7_0205900	0.159462	0	0
PF3D7_0206000	0.440207	0	0
PF3D7_0206300	0.710547	0	0
PF3D7_0206700	0.199944	0	0
PF3D7_0207100	0.194493	0	0
PF3D7_0207500	0.387387	0	0
PF3D7_0208100	0.307716	0	0
PF3D7_0208200	0.384048	0	0
PF3D7_0208400	0.184213	0	0
PF3D7_0209100	0.550122	0	0
PF3D7_0209800	0.786497	0	0
PF3D7_0210200	0.149878	0	0
PF3D7_0210900	0.564377	0	0
PF3D7_0211700	0.179163	0	0
PF3D7_0211800	0.165322	0	0
PF3D7_0212100	0.818632	0	0
PF3D7_0212300	0.436603	0	0
PF3D7_0212400	0.420253	0	0
PF3D7_0212500	0.918178	0	0
PF3D7_0212800	1.47442	1	0
PF3D7_0212900	0.395177	0	0
PF3D7_0213700	0.140162	0	0
PF3D7_0214100	1.03562	0	1
PF3D7_0214300	0.260518	0	0
PF3D7_0214400	0.354757	0	0
PF3D7_0214800	0.312407	0	0
PF3D7_0215100	0.267781	0	0
PF3D7_0215300	0.744108	0	0
PF3D7_0215400	0.386748	0	0
PF3D7_0215600	0.668232	0	0
PF3D7_0215700	0.0484133	0	0
PF3D7_0215800	0.418193	0	0
PF3D7_0216600	0.0318727	0	0
PF3D7_0217500	0.769747	0	0
PF3D7_0217600	0.141633	0	0
PF3D7_0217700	0.137352	0	0
PF3D7_0217800	0.0275564	0	0
PF3D7_0218200	0.166862	0	0
PF3D7_0218500	0.564282	0	0
PF3D7_0218600	0.409408	0	0
PF3D7_0218700	0.365263	0	0
PF3D7_0219200	0.150867	0	0
PF3D7_0219400	0.126212	0	0
PF3D7_0219600	0.729077	0	0
PF3D7_0219700	0.428743	0	0
PF3D7_0220000	0.691318	0	0
PF3D7_0220100	1.131	1	0
PF3D7_0220200	0.0066967	0	0
PF3D7_0220300	1.26253	1	0
PF3D7_0220600	0.775152	0	0
PF3D7_0221200	0.563684	0	0
PF3D7_0301300	0.342212	0	0
PF3D7_0301600	0.819292	0	0
PF3D7_0301700	0.877083	0	0
PF3D7_0302000	0.0339766	0	0
PF3D7_0302100	0.691867	0	0
PF3D7_0302500	0.369409	0	0
PF3D7_0302800	0.378592	0	0
PF3D7_0302900	0.0218525	0	0
PF3D7_0303000	0.310892	0	0
PF3D7_0303100	0.753193	0	0
PF3D7_0303200	0.613717	0	0
PF3D7_0303300	0.161342	0	0
PF3D7_0303400	0.108652	0	0
PF3D7_0303500	0.434387	0	0
PF3D7_0304800	0.0521326	0	0
PF3D7_0305100	0.107497	0	0
PF3D7_0305200	0.698539	0	0
PF3D7_0305300	0.718342	0	0
PF3D7_0305500	0.399833	0	0
PF3D7_0305600	0.281697	0	0
PF3D7_0305700	0.146122	0	0
PF3D7_0306100	0.358107	0	0
PF3D7_0306200	0.233577	0	0
PF3D7_0306800	0.417348	0	0
PF3D7_0306900	0.326372	0	0
PF3D7_0307100	0.830338	0	0
PF3D7_0307200	0.937102	0	0
PF3D7_0307500	0.153543	0	0
PF3D7_0307600	0.0576525	0	0
PF3D7_0307700	0.415993	0	0
PF3D7_0308200	0.185513	0	0
PF3D7_0308900	0.232838	0	0
PF3D7_0309000	0.265121	0	0
PF3D7_0309200	0.193287	0	0
PF3D7_0309300	0.401196	0	0
PF3D7_0309500	0.881903	0	0
PF3D7_0309600	0.331522	0	0
PF3D7_0309700	0.0261126	0	0
PF3D7_0310200	0.619864	0	0
PF3D7_0310300	0.479008	0	0
PF3D7_0310500	0.305287	0	0
PF3D7_0310800	0.204338	0	0
PF3D7_0310900	0.475118	0	0
PF3D7_0311100	0.978667	0	0
PF3D7_0311300	0.676518	0	0
PF3D7_0312400	0.451912	0	0
PF3D7_0312500	0.362187	0	0
PF3D7_0313000	0.569464	0	0
PF3D7_0313400	0.353392	0	0
PF3D7_0314100	0.427777	0	0
PF3D7_0314600	0.168248	0	0
PF3D7_0314700	0.212297	0	0
PF3D7_0315000	0.454283	0	0
PF3D7_0315100	0.800183	0	0
PF3D7_0315400	1.62248	0	1
PF3D7_0315600	0.00983238	0	0
PF3D7_0315800	0.433223	0	0
PF3D7_0316200	0.312258	0	0
PF3D7_0316500	0.417898	0	0
PF3D7_0316600	0.336578	0	0
PF3D7_0316700	0.407659	0	0
PF3D7_0316900	0.0734577	0	0
PF3D7_0317200	0.639672	0	0
PF3D7_0317300	0.779768	0	0
PF3D7_0317400	0.915607	0	0
PF3D7_0317500	0.229477	0	0
PF3D7_0317600	0.136958	0	0
PF3D7_0317700	0.494278	0	0
PF3D7_0318200	0.774472	0	0
PF3D7_0318600	0.547737	0	0
PF3D7_0319100	0.165903	0	0
PF3D7_0319500	0.145237	0	0
PF3D7_0319600	0.565758	0	0
PF3D7_0319700	0.555813	0	0
PF3D7_0319900	0.353888	0	0
PF3D7_0320000	0.530011	0	0
PF3D7_0320600	0.105377	0	0
PF3D7_0320900	0.205447	0	0
PF3D7_0321500	0.135067	0	0
PF3D7_0321600	0.236168	0	0
PF3D7_0321700	0.373681	0	0
PF3D7_0321800	0.302398	0	0
PF3D7_0321900	0.787968	0	0
PF3D7_0322000	0.266377	0	0
PF3D7_0322100	0.0673227	0	0
PF3D7_0322400	0.450017	0	0
PF3D7_0322900	0.503088	0	0
PF3D7_0323100	0.435186	0	0
PF3D7_0323500	0.201858	0	0
PF3D7_0323600	0.318128	0	0
PF3D7_0323700	0.511373	0	0
PF3D7_0323800	0.486487	0	0
PF3D7_0401800	1.32618	5	0
PF3D7_0401900	0.212157	0	0
PF3D7_0402000	3.40641	2	0
PF3D7_0402100	0.681717	0	0
PF3D7_0402300	0.00187683	0	0
PF3D7_0402400	1.31265	1	0
PF3D7_0403100	0.205513	0	0
PF3D7_0403200	0.373637	0	0
PF3D7_0403600	0.491748	0	0
PF3D7_0404300	0.589547	0	0
PF3D7_0404600	0.550363	0	0
PF3D7_0405100	0.529687	0	0
PF3D7_0405400	0.621492	0	0
PF3D7_0405700	0.642082	0	0
PF3D7_0406100	0.127393	0	0
PF3D7_0406500	0.590963	0	0
PF3D7_0407300	0.466988	0	0
PF3D7_0407700	0.0661373	0	0
PF3D7_0407800	1.0239	0	1
PF3D7_0407900	0.189132	0	0
PF3D7_0408300	0.979468	0	0
PF3D7_0408500	0.568792	0	0
PF3D7_0409100	0.0434928	0	0
PF3D7_0409300	0.0326576	0	0
PF3D7_0409600	0.329453	0	0
PF3D7_0409800	0.599992	0	0
PF3D7_0410000	0.194747	0	0
PF3D7_0410600	0.430138	0	0
PF3D7_0410800	0.225487	0	0
PF3D7_0410900	0.514028	0	0
PF3D7_0411000	0.216917	0	0
PF3D7_0411300	0.053771	0	0
PF3D7_0411800	0.371433	0	0
PF3D7_0411900	0.289008	0	0
PF3D7_0412000	0.0561361	0	0
PF3D7_0413700	0.425498	0	0
PF3D7_0413900	0.079958	0	0
PF3D7_0414500	0.147702	0	0
PF3D7_0414900	0.322878	0	0
PF3D7_0415200	0.369013	0	0
PF3D7_0415300	0.454933	0	0
PF3D7_0415400	0.226987	0	0
PF3D7_0415800	0.599258	0	0
PF3D7_0415900	0.337573	0	0
PF3D7_0416000	0.324603	0	0
PF3D7_0416200	0.430533	0	0
PF3D7_0416300	0.286963	0	0
PF3D7_0416400	0.147487	0	0
PF3D7_0416800	0.368923	0	0
PF3D7_0416900	0.268883	0	0
PF3D7_0417400	0.307302	0	0
PF3D7_0417800	0.198273	0	0
PF3D7_0418100	0.226147	0	0
PF3D7_0418300	0.332673	0	0
PF3D7_0418600	0.542827	0	0
PF3D7_0418700	0.370872	0	0
PF3D7_0419500	0.214243	0	0
PF3D7_0419600	0.219882	0	0
PF3D7_0419800	0.239278	0	0
PF3D7_0419900	0.773842	0	0
PF3D7_0420000	0.505893	0	0
PF3D7_0420100	0.266438	0	0
PF3D7_0420300	0.540302	0	0
PF3D7_0420600	0.682542	0	0
PF3D7_0422200	0.343607	0	0
PF3D7_0422400	0.467437	0	0
PF3D7_0422500	0.320882	0	0
PF3D7_0423000	0.0288877	0	0
PF3D7_0423500	0.576097	0	0
PF3D7_0423600	0.325479	0	0
PF3D7_0423700	0.0134621	0	0
PF3D7_0424500	1.11824	2	0
PF3D7_0424600	1.34326	2	0
PF3D7_0424700	2.61403	1	0
PF3D7_0425100	0.0637083	0	0
PF3D7_0425200	0.121304	0	0
PF3D7_0500800	2.02356	3	1
PF3D7_0501000	1.2938	1	0
PF3D7_0501200	1.50865	2	0
PF3D7_0501300	0.984118	0	0
PF3D7_0501400	0.891598	0	0
PF3D7_0501800	0.346098	0	0
PF3D7_0502000	0.0582581	0	0
PF3D7_0502100	0.252023	0	0
PF3D7_0502600	0.538978	0	0
PF3D7_0503200	0.268482	0	0
PF3D7_0503300	1.09604	0	1
PF3D7_0503500	0.0891123	0	0
PF3D7_0504000	0.670047	0	0
PF3D7_0504100	0.0302019	0	0
PF3D7_0504600	0.107998	0	0
PF3D7_0504700	0.351102	0	0
PF3D7_0504800	0.440402	0	0
PF3D7_0505000	0.633193	0	0
PF3D7_0505100	0.270123	0	0
PF3D7_0505500	0.664258	0	0
PF3D7_0505700	0.589651	0	0
PF3D7_0505800	0.311048	0	0
PF3D7_0505900	0.542873	0	0
PF3D7_0506100	0.332993	0	0
PF3D7_0506200	0.125648	0	0
PF3D7_0506500	0.350318	0	0
PF3D7_0506800	0.452072	0	0
PF3D7_0506900	0.638677	0	0
PF3D7_0507100	0.417892	0	0
PF3D7_0507600	0.342927	0	0
PF3D7_0507800	0.528848	0	0
PF3D7_0508300	0.269837	0	0
PF3D7_0508500	0.0569925	0	0
PF3D7_0508700	0.252618	0	0
PF3D7_0509000	0.194072	0	0
PF3D7_0509100	0.309707	0	0
PF3D7_0509400	0.394167	0	0
PF3D7_0509500	0.190167	0	0
PF3D7_0509800	0.369232	0	0
PF3D7_0510100	0.710862	0	0
PF3D7_0510200	0.176057	0	0
PF3D7_0510500	0.367377	0	0
PF3D7_0511000	0.448982	0	0
PF3D7_0511300	0.487742	0	0
PF3D7_0511500	0.608118	0	0
PF3D7_0511800	0.197853	0	0
PF3D7_0512000	0.0182371	0	0
PF3D7_0512300	0.267093	0	0
PF3D7_0512600	0.0317326	0	0
PF3D7_0513200	0.245972	0	0
PF3D7_0513300	0.840077	0	0
PF3D7_0513600	0.978713	0	0
PF3D7_0513800	0.0319777	0	0
PF3D7_0514100	0.0423384	0	0
PF3D7_0515000	0.442903	0	0
PF3D7_0515300	0.161407	0	0
PF3D7_0515700	0.742172	0	0
PF3D7_0515900	0.186947	0	0
PF3D7_0516200	0.382803	0	0
PF3D7_0516400	0.614918	0	0
PF3D7_0516700	0.248822	0	0
PF3D7_0516800	0.618517	0	0
PF3D7_0516900	0.416822	0	0
PF3D7_0517000	0.503443	0	0
PF3D7_0517300	1.09038	0	1
PF3D7_0517400	0.963408	0	0
PF3D7_0517500	0.239268	0	0
PF3D7_0517700	0.425579	0	0
PF3D7_0518500	0.137207	0	0
PF3D7_0519000	0.196622	0	0
PF3D7_0519400	0.515488	0	0
PF3D7_0519500	0.235347	0	0
PF3D7_0519600	0.327262	0	0
PF3D7_0519700	0.519012	0	0
PF3D7_0519800	0.528872	0	0
PF3D7_0520000	0.771258	0	0
PF3D7_0520100	0.254552	0	0
PF3D7_0520200	0.139317	0	0
PF3D7_0520600	0.0666418	0	0
PF3D7_0520700	0.384652	0	0
PF3D7_0520900	0.350248	0	0
PF3D7_0521000	0.556111	0	0
PF3D7_0521700	0.143473	0	0
PF3D7_0522100	0.0879831	0	0
PF3D7_0522200	0.231467	0	0
PF3D7_0523000	0.887098	0	0
PF3D7_0523400	0.184418	0	0
PF3D7_0523900	0.379587	0	0
PF3D7_0524000	1.2456	1	0
PF3D7_0525000	0.334682	0	0
PF3D7_0525100	0.178327	0	0
PF3D7_0525200	0.230702	0	0
PF3D7_0525800	0.949327	0	0
PF3D7_0526200	0.0329571	0	0
PF3D7_0526500	0.222898	0	0
PF3D7_0526800	0.324908	0	0
PF3D7_0527000	0.179632	0	0
PF3D7_0527500	0.0714369	0	0
PF3D7_0527600	0.255208	0	0
PF3D7_0527900	0.148478	0	0
PF3D7_0528100	0.611352	0	0
PF3D7_0528400	0.489328	0	0
PF3D7_0528700	0.222472	0	0
PF3D7_0528800	0.285362	0	0
PF3D7_0529400	0.742673	0	0
PF3D7_0529800	0.512888	0	0
PF3D7_0530000	0.242223	0	0
PF3D7_0530900	0.457813	0	0
PF3D7_0531400	0.0371084	0	0
PF3D7_0532100	0.765792	0	0
PF3D7_0532300	1.7148	0	2
PF3D7_0532400	1.21287	1	0
PF3D7_0601900	1.30793	0	1
PF3D7_0602000	0.481772	0	0
PF3D7_0602100	0.119171	0	0
PF3D7_0602500	0.533712	0	0
PF3D7_0602600	0.580667	0	0
PF3D7_0602900	0.204342	0	0
PF3D7_0603000	0.268317	0	0
PF3D7_0603100	0.276867	0	0
PF3D7_0603400	0.742991	0	0
PF3D7_0603500	0.343058	0	0
PF3D7_0603600	0.683632	0	0
PF3D7_0604300	0.280684	0	0
PF3D7_0604500	0.743987	0	0
PF3D7_0605100	0.241207	0	0
PF3D7_0605300	0.120363	0	0
PF3D7_0605800	0.665093	0	0
PF3D7_0606000	0.567068	0	0
PF3D7_0606100	0.327742	0	0
PF3D7_0606500	0.479292	0	0
PF3D7_0606600	0.265388	0	0
PF3D7_0606700	0.718586	0	0
PF3D7_0607000	0.561447	0	0
PF3D7_0607200	0.152197	0	0
PF3D7_0608500	0.102417	0	0
PF3D7_0608700	0.0738068	0	0
PF3D7_0608800	0.485762	0	0
PF3D7_0608900	0.430938	0	0
PF3D7_0609000	0.392267	0	0
PF3D7_0609100	0.265007	0	0
PF3D7_0609300	0.168518	0	0
PF3D7_0609700	0.354553	0	0
PF3D7_0609900	0.149897	0	0
PF3D7_0610200	0.509733	0	0
PF3D7_0610400	0.241858	0	0
PF3D7_0610600	0.812448	0	0
PF3D7_0610800	0.0442829	0	0
PF3D7_0610900	0.800222	0	0
PF3D7_0611400	0.758012	0	0
PF3D7_0611600	0.697892	0	0
PF3D7_0611800	0.490858	0	0
PF3D7_0612100	0.0566173	0	0
PF3D7_0612200	0.320896	0	0
PF3D7_0612900	0.251333	0	0
PF3D7_0613300	0.683563	0	0
PF3D7_0613500	0.0500374	0	0
PF3D7_0613700	0.368592	0	0
PF3D7_0613800	0.853682	0	0
PF3D7_0614300	0.674112	0	0
PF3D7_0614400	0.656118	0	0
PF3D7_0614500	0.278292	0	0
PF3D7_0614800	0.227902	0	0
PF3D7_0614900	0.108222	0	0
PF3D7_0615000	0.123022	0	0
PF3D7_0615400	0.508183	0	0
PF3D7_0615600	0.203722	0	0
PF3D7_0615800	0.100742	0	0
PF3D7_0615900	0.129313	0	0
PF3D7_0616200	0.294783	0	0
PF3D7_0616300	0.166778	0	0
PF3D7_0616600	0.342352	0	0
PF3D7_0616900	0.339387	0	0
PF3D7_0617100	0.613933	0	0
PF3D7_0617200	0.658603	0	0
PF3D7_0617300	0.215299	0	0
PF3D7_0617800	0.537518	0	0
PF3D7_0617900	0.875473	0	0
PF3D7_0618000	1.16902	0	1
PF3D7_0618700	0.164204	0	0
PF3D7_0618900	0.208551	0	0
PF3D7_0619000	0.574078	0	0
PF3D7_0619200	0.0598822	0	0
PF3D7_0619300	0.402258	0	0
PF3D7_0619400	0.558302	0	0
PF3D7_0619500	0.333743	0	0
PF3D7_0619700	0.616763	0	0
PF3D7_0619900	0.155337	0	0
PF3D7_0621100	0.240408	0	0
PF3D7_0621200	0.431791	0	0
PF3D7_0621800	0.317468	0	0
PF3D7_0621900	0.206512	0	0
PF3D7_0622200	0.319077	0	0
PF3D7_0622500	0.128102	0	0
PF3D7_0622800	0.228557	0	0
PF3D7_0622900	0.140602	0	0
PF3D7_0623100	0.863523	0	0
PF3D7_0623600	0.0240526	0	0
PF3D7_0623800	0.488077	0	0
PF3D7_0623900	0.433722	0	0
PF3D7_0624000	0.521132	0	0
PF3D7_0624600	1.08677	0	2
PF3D7_0624900	0.0277271	0	0
PF3D7_0625000	0.280248	0	0
PF3D7_0625200	0.369317	0	0
PF3D7_0625800	0.0360174	0	0
PF3D7_0626000	0.229698	0	0
PF3D7_0626400	0.363797	0	0
PF3D7_0626800	0.197594	0	0
PF3D7_0627100	0.321133	0	0
PF3D7_0627300	0.118728	0	0
PF3D7_0627500	0.0294628	0	0
PF3D7_0627700	0.0297976	0	0
PF3D7_0627800	0.639338	0	0
PF3D7_0628100	0.652457	0	0
PF3D7_0628200	0.531219	0	0
PF3D7_0628300	0.0171986	0	0
PF3D7_0629400	1.8966	0	1
PF3D7_0629500	0.363791	0	0
PF3D7_0629700	0.506038	0	0
PF3D7_0629800	0.0611277	0	0
PF3D7_0629900	0.319963	0	0
PF3D7_0630300	0.532698	0	0
PF3D7_0630600	0.256738	0	0
PF3D7_0630900	0.648713	0	0
PF3D7_0701600	0.686293	0	0
PF3D7_0702300	0.407258	0	0
PF3D7_0702400	1.79687	2	0
PF3D7_0702500	2.37659	23	0
PF3D7_0703200	0.449943	0	0
PF3D7_0703500	0.484777	0	0
PF3D7_0703900	0.329823	0	0
PF3D7_0704000	0.120453	0	0
PF3D7_0704100	0.938447	0	0
PF3D7_0704200	1.15521	0	1
PF3D7_0704300	0.596617	0	0
PF3D7_0704400	0.359578	0	0
PF3D7_0704600	0.469228	0	0
PF3D7_0704700	0.943023	0	0
PF3D7_0704800	0.832828	0	0
PF3D7_0705000	0.213393	0	0
PF3D7_0705100	0.189668	0	0
PF3D7_0705300	0.522772	0	0
PF3D7_0705400	0.465332	0	0
PF3D7_0705500	0.299667	0	0
PF3D7_0706000	0.285478	0	0
PF3D7_0706400	0.509892	0	0
PF3D7_0706500	0.702283	0	0
PF3D7_0707200	0.455318	0	0
PF3D7_0707300	0.353527	0	0
PF3D7_0707400	0.177068	0	0
PF3D7_0707600	0.746527	0	0
PF3D7_0707700	0.214542	0	0
PF3D7_0708000	0.0822277	0	0
PF3D7_0708400	1.26228	2	0
PF3D7_0708500	0.221667	0	0
PF3D7_0708800	0.530472	0	0
PF3D7_0709000	0.0837221	0	0
PF3D7_0709300	0.314358	0	0
PF3D7_0709400	0.227713	0	0
PF3D7_0709600	0.0740976	0	0
PF3D7_0709700	0.436433	0	0
PF3D7_0710200	0.682728	0	0
PF3D7_0710600	0.606928	0	0
PF3D7_0710800	0.103458	0	0
PF3D7_0711100	0.277848	0	0
PF3D7_0711300	0.267358	0	0
PF3D7_0711400	0.357733	0	0
PF3D7_0711500	0.716338	0	0
PF3D7_0713900	0.639682	0	0
PF3D7_0714000	0.0693569	0	0
PF3D7_0714200	0.441403	0	0
PF3D7_0714300	0.416588	0	0
PF3D7_0714500	0.245742	0	0
PF3D7_0714600	0.880273	0	0
PF3D7_0715200	0.258613	0	0
PF3D7_0715900	0.269238	0	0
PF3D7_0716000	0.641593	0	0
PF3D7_0716100	0.193209	0	0
PF3D7_0716200	0.144872	0	0
PF3D7_0716300	0.300173	0	0
PF3D7_0716400	0.136332	0	0
PF3D7_0717100	0.321632	0	0
PF3D7_0717300	0.326653	0	0
PF3D7_0717400	0.229578	0	0
PF3D7_0717500	0.359902	0	0
PF3D7_0717700	0.467192	0	0
PF3D7_0718100	0.354948	0	0
PF3D7_0718500	0.086688	0	0
PF3D7_0719300	0.551968	0	0
PF3D7_0719700	0.681883	0	0
PF3D7_0719900	0.812657	0	0
PF3D7_0720700	0.635782	0	0
PF3D7_0721000	0.328123	0	0
PF3D7_0721100	0.0769176	0	0
PF3D7_0721200	0.141808	0	0
PF3D7_0721600	0.640471	0	0
PF3D7_0721800	0.229107	0	0
PF3D7_0722300	0.0103369	0	0
PF3D7_0722400	0.137082	0	0
PF3D7_0722500	0.209468	0	0
PF3D7_0722600	0.303738	0	0
PF3D7_0723300	0.0936728	0	0
PF3D7_0723400	0.506767	0	0
PF3D7_0723800	0.682992	0	0
PF3D7_0723900	0.365619	0	0
PF3D7_0724000	0.215672	0	0
PF3D7_0724100	0.391688	0	0
PF3D7_0724200	0.662622	0	0
PF3D7_0724600	0.0597267	0	0
PF3D7_0724700	0.948888	0	0
PF3D7_0724800	0.0995722	0	0
PF3D7_0725000	0.540212	0	0
PF3D7_0725100	0.151307	0	0
PF3D7_0726100	1.13651	1	0
PF3D7_0726400	0.500217	0	0
PF3D7_0726500	0.638152	0	0
PF3D7_0727000	0.314803	0	0
PF3D7_0727400	0.364477	0	0
PF3D7_0727800	0.119962	0	0
PF3D7_0727900	0.141272	0	0
PF3D7_0728000	0.364283	0	0
PF3D7_0728600	0.377522	0	0
PF3D7_0728900	0.079463	0	0
PF3D7_0729100	1.03031	0	1
PF3D7_0729300	0.380423	0	0
PF3D7_0729400	0.642021	0	0
PF3D7_0729500	0.301823	0	0
PF3D7_0730300	0.583158	0	0
PF3D7_0730500	0.747169	0	0
PF3D7_0730800	0.990157	0	0
PF3D7_0730900	1.17181	1	0
PF3D7_0731100	2.1387	9	0
PF3D7_0731300	0.456193	0	0
PF3D7_0801000	1.68887	1	0
PF3D7_0801500	0.0531025	0	0
PF3D7_0801700	0.450328	0	0
PF3D7_0801800	0.677517	0	0
PF3D7_0802000	0.268498	0	0
PF3D7_0802300	0.00716782	0	0
PF3D7_0802400	0.233323	0	0
PF3D7_0802600	0.664523	0	0
PF3D7_0802700	0.0972424	0	0
PF3D7_0803000	0.0241375	0	0
PF3D7_0803100	0.468008	0	0
PF3D7_0803400	0.110827	0	0
PF3D7_0803600	0.153802	0	0
PF3D7_0804000	0.388792	0	0
PF3D7_0804300	0.451422	0	0
PF3D7_0804500	0.440442	0	0
PF3D7_0804600	0.0476122	0	0
PF3D7_0804900	0.145218	0	0
PF3D7_0805400	0.433033	0	0
PF3D7_0805500	0.301782	0	0
PF3D7_0805700	0.863682	0	0
PF3D7_0805900	0.197872	0	0
PF3D7_0806000	0.322567	0	0
PF3D7_0806100	0.398503	0	0
PF3D7_0806500	0.254208	0	0
PF3D7_0806700	0.425868	0	0
PF3D7_0806800	0.393137	0	0
PF3D7_0807100	0.0187922	0	0
PF3D7_0807200	1.41112	1	0
PF3D7_0807600	0.846482	0	0
PF3D7_0807800	0.588778	0	0
PF3D7_0807900	0.374882	0	0
PF3D7_0808100	0.221632	0	0
PF3D7_0808300	0.587623	0	0
PF3D7_0808600	0.0872717	0	0
PF3D7_0809200	0.930242	0	0
PF3D7_0809500	0.109713	0	0
PF3D7_0809600	0.253527	0	0
PF3D7_0809900	0.347742	0	0
PF3D7_0810300	0.418332	0	0
PF3D7_0810600	0.623933	0	0
PF3D7_0811000	0.0536079	0	0
PF3D7_0811200	0.719393	0	0
PF3D7_0811300	0.256867	0	0
PF3D7_0811400	0.0294113	0	0
PF3D7_0811500	0.139613	0	0
PF3D7_0812100	0.354487	0	0
PF3D7_0812500	0.722793	0	0
PF3D7_0812600	0.883773	0	0
PF3D7_0812700	0.565942	0	0
PF3D7_0813000	0.653342	0	0
PF3D7_0813300	0.713063	0	0
PF3D7_0813400	0.192982	0	0
PF3D7_0813500	0.294413	0	0
PF3D7_0813600	0.440298	0	0
PF3D7_0814000	0.554728	0	0
PF3D7_0814200	0.521338	0	0
PF3D7_0814300	0.227712	0	0
PF3D7_0814500	0.279458	0	0
PF3D7_0815600	0.236081	0	0
PF3D7_0815800	0.622897	0	0
PF3D7_0816000	0.0319519	0	0
PF3D7_0817300	0.451167	0	0
PF3D7_0817500	0.338762	0	0
PF3D7_0817900	0.399387	0	0
PF3D7_0818000	0.691758	0	0
PF3D7_0818200	0.891212	0	0
PF3D7_0818500	0.0036478	0	0
PF3D7_0818700	0.350942	0	0
PF3D7_0818900	0.936913	0	0
PF3D7_0819000	0.247528	0	0
PF3D7_0819500	0.139482	0	0
PF3D7_0819600	0.218758	0	0
PF3D7_0820000	0.514194	0	0
PF3D7_0820200	0.507762	0	0
PF3D7_0820500	0.438007	0	0
PF3D7_0820900	0.407251	0	0
PF3D7_0821000	0.412732	0	0
PF3D7_0821100	0.447268	0	0
PF3D7_0821300	0.0576468	0	0
PF3D7_0821400	0.292068	0	0
PF3D7_0821500	0.200652	0	0
PF3D7_0821800	0.213552	0	0
PF3D7_0822900	0.729538	0	0
PF3D7_0823000	0.317478	0	0
PF3D7_0823200	0.782396	0	0
PF3D7_0823300	0.287843	0	0
PF3D7_0823800	0.199118	0	0
PF3D7_0824400	0.741858	0	0
PF3D7_0824600	0.128318	0	0
PF3D7_0824800	0.413413	0	0
PF3D7_0824900	0.325059	0	0
PF3D7_0825000	0.440877	0	0
PF3D7_0825300	0.155593	0	0
PF3D7_0825500	0.492048	0	0
PF3D7_0826100	0.353558	0	0
PF3D7_0826500	0.368247	0	0
PF3D7_0826700	0.834097	0	0
PF3D7_0826900	0.243564	0	0
PF3D7_0827000	0.612838	0	0
PF3D7_0827300	0.438387	0	0
PF3D7_0827800	0.236947	0	0
PF3D7_0827900	0.400997	0	0
PF3D7_0828300	0.301893	0	0
PF3D7_0828500	0.0683222	0	0
PF3D7_0829000	0.377772	0	0
PF3D7_0829100	0.277892	0	0
PF3D7_0829400	0.395407	0	0
PF3D7_0830500	0.373413	0	0
PF3D7_0830600	0.210312	0	0
PF3D7_0831000	0.792268	0	0
PF3D7_0831300	0.207888	0	0
PF3D7_0831400	0.319138	0	0
PF3D7_0831500	0.0831223	0	0
PF3D7_0831600	0.353573	0	0
PF3D7_0831700	1.11934	1	0
PF3D7_0902200	0.351461	0	0
PF3D7_0903400	0.450342	0	0
PF3D7_0903500	0.664798	0	0
PF3D7_0903600	0.0266886	0	0
PF3D7_0903700	0.349087	0	0
PF3D7_0903900	0.153593	0	0
PF3D7_0904100	0.527772	0	0
PF3D7_0904600	0.698287	0	0
PF3D7_0904800	0.361668	0	0
PF3D7_0904900	0.459598	0	0
PF3D7_0905100	0.657663	0	0
PF3D7_0905300	0.307277	0	0
PF3D7_0905400	1.20691	1	0
PF3D7_0905800	0.600358	0	0
PF3D7_0905900	0.334892	0	0
PF3D7_0906100	0.265933	0	0
PF3D7_0906600	0.627773	0	0
PF3D7_0906910	0.817093	0	0
PF3D7_0907000	0.088933	0	0
PF3D7_0907200	0.384777	0	0
PF3D7_0907300	0.178967	0	0
PF3D7_0907600	0.275772	0	0
PF3D7_0907700	0.285777	0	0
PF3D7_0908300	1.35672	0	1
PF3D7_0908600	0.503797	0	0
PF3D7_0909700	0.00930214	0	0
PF3D7_0910100	0.299437	0	0
PF3D7_0910200	0.402767	0	0
PF3D7_0910300	0.829827	0	0
PF3D7_0910900	0.0392275	0	0
PF3D7_0911400	0.459143	0	0
PF3D7_0911900	0.671659	0	0
PF3D7_0912000	0.492698	0	0
PF3D7_0912100	0.111856	0	0
PF3D7_0912500	0.915573	0	0
PF3D7_0912600	0.595782	0	0
PF3D7_0912800	0.198691	0	0
PF3D7_0912900	0.367863	0	0
PF3D7_0913000	0.474133	0	0
PF3D7_0913200	0.479523	0	0
PF3D7_0913300	0.376383	0	0
PF3D7_0913600	0.0245485	0	0
PF3D7_0914000	0.620253	0	0
PF3D7_0914300	0.236623	0	0
PF3D7_0914400	1.34718	0	1
PF3D7_0914500	0.366623	0	0
PF3D7_0914700	0.653832	0	0
PF3D7_0914900	0.720304	0	0
PF3D7_0915400	0.379217	0	0
PF3D7_0916400	0.573858	0	0
PF3D7_0916600	0.234562	0	0
PF3D7_0916700	0.686192	0	0
PF3D7_0917000	0.441908	0	0
PF3D7_0917600	0.420272	0	0
PF3D7_0917700	0.233792	0	0
PF3D7_0917900	0.414112	0	0
PF3D7_0918600	0.088872	0	0
PF3D7_0918900	0.658013	0	0
PF3D7_0919000	0.427857	0	0
PF3D7_0919800	0.963818	0	0
PF3D7_0919900	0.108372	0	0
PF3D7_0920400	0.576033	0	0
PF3D7_0920500	0.220516	0	0
PF3D7_0920700	0.559537	0	0
PF3D7_0920800	0.113788	0	0
PF3D7_0920900	0.0711269	0	0
PF3D7_0921200	0.184083	0	0
PF3D7_0921600	0.576408	0	0
PF3D7_0921800	0.274562	0	0
PF3D7_0921900	0.266318	0	0
PF3D7_0922100	0.753258	0	0
PF3D7_0922200	0.544713	0	0
PF3D7_0922400	0.289412	0	0
PF3D7_0922500	1.52828	4	0
PF3D7_0922600	0.301992	0	0
PF3D7_0922700	0.414138	0	0
PF3D7_0922800	0.306912	0	0
PF3D7_0923400	0.545663	0	0
PF3D7_0923900	0.730273	0	0
PF3D7_0924000	0.134043	0	0
PF3D7_0924100	0.536848	0	0
PF3D7_0924400	0.207647	0	0
PF3D7_0925400	0.405792	0	0
PF3D7_0925700	0.140147	0	0
PF3D7_0925800	0.135622	0	0
PF3D7_0926100	0.359352	0	0
PF3D7_0926400	0.176027	0	0
PF3D7_0926700	0.445563	0	0
PF3D7_0926800	0.147903	0	0
PF3D7_0926900	0.193403	0	0
PF3D7_0927200	0.200904	0	0
PF3D7_0927600	0.421957	0	0
PF3D7_0928200	0.0289574	0	0
PF3D7_0928300	0.186992	0	0
PF3D7_0929200	0.071353	0	0
PF3D7_0929700	0.0614119	0	0
PF3D7_0930400	0.148817	0	0
PF3D7_0930500	0.325828	0	0
PF3D7_0930600	0.559937	0	0
PF3D7_0930800	0.370482	0	0
PF3D7_0931100	0.342437	0	0
PF3D7_0931400	0.0621471	0	0
PF3D7_0932200	1.40213	1	0
PF3D7_0932300	0.275573	0	0
PF3D7_0932800	0.397898	0	0
PF3D7_0933000	0.378737	0	0
PF3D7_0933200	0.527202	0	0
PF3D7_0933500	0.205278	0	0
PF3D7_0933900	0.110184	0	0
PF3D7_0934100	0.477246	0	0
PF3D7_0934800	0.489463	0	0
PF3D7_0935000	0.222918	0	0
PF3D7_0935200	0.286147	0	0
PF3D7_0935400	0.621017	0	0
PF3D7_0935500	0.210757	0	0
PF3D7_0935600	0.403328	0	0
PF3D7_0935900	1.99844	1	0
PF3D7_0936000	0.533122	0	0
PF3D7_0936800	1.10381	1	0
PF3D7_1000600	0.636473	0	0
PF3D7_1001000	0.753774	0	0
PF3D7_1001500	1.1611	2	0
PF3D7_1001600	0.394302	0	0
PF3D7_1001700	0.324542	0	0
PF3D7_1002000	0.315807	0	0
PF3D7_1002100	1.23973	2	0
PF3D7_1002200	0.347672	0	0
PF3D7_1002400	0.744222	0	0
PF3D7_1002700	0.0542574	0	0
PF3D7_1002800	0.155017	0	0
PF3D7_1002900	0.757702	0	0
PF3D7_1003500	0.111903	0	0
PF3D7_1003600	1.1916	0	4
PF3D7_1003700	0.193757	0	0
PF3D7_1003800	0.0923615	0	0
PF3D7_1004000	0.773663	0	0
PF3D7_1004200	0.953213	0	0
PF3D7_1004300	0.579173	0	0
PF3D7_1004400	1.13876	1	0
PF3D7_1005100	0.249278	0	0
PF3D7_1005500	0.433028	0	0
PF3D7_1005600	0.279734	0	0
PF3D7_1006100	0.469947	0	0
PF3D7_1006200	0.985838	0	0
PF3D7_1006700	0.0121489	0	0
PF3D7_1006800	0.637994	0	0
PF3D7_1006900	0.212097	0	0
PF3D7_1007000	0.320638	0	0
PF3D7_1007200	0.279357	0	0
PF3D7_1007400	0.227907	0	0
PF3D7_1007500	0.192632	0	0
PF3D7_1007700	0.808872	0	0
PF3D7_1007900	0.416389	0	0
PF3D7_1008000	0.791471	0	0
PF3D7_1008100	0.661567	0	0
PF3D7_1008400	0.0507674	0	0
PF3D7_1008500	0.0836172	0	0
PF3D7_1008800	0.119438	0	0
PF3D7_1008900	0.228739	0	0
PF3D7_1009400	0.438627	0	0
PF3D7_1009500	0.260648	0	0
PF3D7_1009800	0.0530376	0	0
PF3D7_1010100	0.216938	0	0
PF3D7_1010200	0.387108	0	0
PF3D7_1010300	0.344327	0	0
PF3D7_1010600	0.683003	0	0
PF3D7_1011200	0.115183	0	0
PF3D7_1011700	0.424538	0	0
PF3D7_1011800	0.949738	0	0
PF3D7_1012000	0.564847	0	0
PF3D7_1012400	0.541787	0	0
PF3D7_1012500	0.103312	0	0
PF3D7_1012600	0.108167	0	0
PF3D7_1012700	0.529958	0	0
PF3D7_1013100	0.0968227	0	0
PF3D7_1013200	0.418848	0	0
PF3D7_1013500	0.598027	0	0
PF3D7_1013600	0.528088	0	0
PF3D7_1013900	0.457672	0	0
PF3D7_1014300	0.143743	0	0
PF3D7_1014400	0.128353	0	0
PF3D7_1014600	0.526372	0	0
PF3D7_1014900	0.0441875	0	0
PF3D7_1015300	0.298417	0	0
PF3D7_1015400	0.377872	0	0
PF3D7_1015600	0.278023	0	0
PF3D7_1015900	0.325012	0	0
PF3D7_1016300	3.36469	0	5
PF3D7_1016400	0.309118	0	0
PF3D7_1016700	1.95299	1	0
PF3D7_1016900	0.349182	0	0
PF3D7_1017000	0.559233	0	0
PF3D7_1017300	0.271353	0	0
PF3D7_1017600	0.489387	0	0
PF3D7_1018200	0.912982	0	0
PF3D7_1018600	0.562818	0	0
PF3D7_1018700	0.128048	0	0
PF3D7_1018800	0.282008	0	0
PF3D7_1019000	0.505012	0	0
PF3D7_1019400	0.121207	0	0
PF3D7_1019700	0.173798	0	0
PF3D7_1019900	0.239372	0	0
PF3D7_1020000	0.120167	0	0
PF3D7_1020700	0.760102	0	0
PF3D7_1021100	0.530909	0	0
PF3D7_1021200	1.01631	0	1
PF3D7_1021500	0.609622	0	0
PF3D7_1021700	0.756238	0	0
PF3D7_1021800	0.716562	0	0
PF3D7_1021900	0.736933	0	0
PF3D7_1022000	0.387418	0	0
PF3D7_1022400	0.978817	0	0
PF3D7_1022600	0.479258	0	0
PF3D7_1022700	0.682302	0	0
PF3D7_1023900	0.949711	0	0
PF3D7_1024800	0.711828	0	0
PF3D7_1025000	0.382208	0	0
PF3D7_1026000	0.421638	0	0
PF3D7_1026300	0.0468769	0	0
PF3D7_1026600	0.574862	0	0
PF3D7_1026800	0.314102	0	0
PF3D7_1027000	0.079608	0	0
PF3D7_1027100	0.470512	0	0
PF3D7_1027300	0.910247	0	0
PF3D7_1027700	0.116858	0	0
PF3D7_1027800	0.363803	0	0
PF3D7_1028300	0.0365324	0	0
PF3D7_1028500	0.152658	0	0
PF3D7_1029300	0.169291	0	0
PF3D7_1029400	0.356012	0	0
PF3D7_1030000	0.092247	0	0
PF3D7_1030100	0.512568	0	0
PF3D7_1030300	0.378617	0	0
PF3D7_1030500	0.218132	0	0
PF3D7_1030600	0.214768	0	0
PF3D7_1031300	0.454993	0	0
PF3D7_1031500	0.288653	0	0
PF3D7_1031600	0.119648	0	0
PF3D7_1032100	0.415183	0	0
PF3D7_1032700	0.159707	0	0
PF3D7_1032800	0.321127	0	0
PF3D7_1032900	0.521996	0	0
PF3D7_1033100	0.249867	0	0
PF3D7_1033200	0.718922	0	0
PF3D7_1033400	0.291132	0	0
PF3D7_1033500	0.024477	0	0
PF3D7_1033600	0.523018	0	0
PF3D7_1033700	0.481717	0	0
PF3D7_1035000	0.712238	0	0
PF3D7_1035300	2.19501	0	2
PF3D7_1036700	0.276392	0	0
PF3D7_1036900	0.806263	0	0
PF3D7_1037000	0.105043	0	0
PF3D7_1037600	0.182192	0	0
PF3D7_1039000	2.04133	6	0
PF3D7_1102500	0.493333	0	0
PF3D7_1103700	0.411838	0	0
PF3D7_1103800	0.197802	0	0
PF3D7_1104000	0.207268	0	0
PF3D7_1104100	0.285603	0	0
PF3D7_1104200	0.689927	0	0
PF3D7_1104300	0.0550871	0	0
PF3D7_1105000	0.0823975	0	0
PF3D7_1105100	0.763503	0	0
PF3D7_1105300	0.198927	0	0
PF3D7_1105400	0.377342	0	0
PF3D7_1105500	0.203668	0	0
PF3D7_1105600	0.309018	0	0
PF3D7_1105800	0.880517	0	0
PF3D7_1106700	0.0382929	0	0
PF3D7_1106800	1.45414	2	0
PF3D7_1107200	0.0379725	0	0
PF3D7_1107300	1.00612	1	0
PF3D7_1107400	0.116378	0	0
PF3D7_1107700	0.0739985	0	0
PF3D7_1107800	0.561948	0	0
PF3D7_1108000	0.287522	0	0
PF3D7_1108400	0.295823	0	0
PF3D7_1108600	1.11977	0	1
PF3D7_1109400	0.728361	0	0
PF3D7_1110100	0.401772	0	0
PF3D7_1110200	0.370857	0	0
PF3D7_1110400	0.793583	0	0
PF3D7_1110800	0.0141821	0	0
PF3D7_1110900	0.730112	0	0
PF3D7_1111200	0.459948	0	0
PF3D7_1111400	0.000133514	0	0
PF3D7_1111600	0.430613	0	0
PF3D7_1112100	0.498843	0	0
PF3D7_1112600	0.00606823	0	0
PF3D7_1113400	0.0970068	0	0
PF3D7_1114100	0.141137	0	0
PF3D7_1114500	0.605207	0	0
PF3D7_1114700	0.235113	0	0
PF3D7_1115200	0.542752	0	0
PF3D7_1115800	0.585082	0	0
PF3D7_1116100	0.428832	0	0
PF3D7_1116300	0.0463328	0	0
PF3D7_1116400	0.530787	0	0
PF3D7_1116500	0.519753	0	0
PF3D7_1116800	0.548998	0	0
PF3D7_1117700	0.540257	0	0
PF3D7_1117900	0.660892	0	0
PF3D7_1118300	0.319257	0	0
PF3D7_1118500	0.520543	0	0
PF3D7_1118600	0.473723	0	0
PF3D7_1119100	0.127217	0	0
PF3D7_1119300	0.470303	0	0
PF3D7_1119800	0.577538	0	0
PF3D7_1119900	0.472404	0	0
PF3D7_1120000	0.711937	0	0
PF3D7_1120100	1.16993	1	0
PF3D7_1120400	0.833673	0	0
PF3D7_1121000	0.330303	0	0
PF3D7_1121100	0.858972	0	0
PF3D7_1121600	0.749437	0	0
PF3D7_1121700	0.360482	0	0
PF3D7_1122300	0.146502	0	0
PF3D7_1122400	0.582678	0	0
PF3D7_1122500	0.444673	0	0
PF3D7_1122800	0.241903	0	0
PF3D7_1123000	0.176043	0	0
PF3D7_1123100	0.522968	0	0
PF3D7_1123300	0.166168	0	0
PF3D7_1123400	0.724442	0	0
PF3D7_1123500	0.246637	0	0
PF3D7_1123900	0.486913	0	0
PF3D7_1124100	0.057992	0	0
PF3D7_1124300	0.430987	0	0
PF3D7_1124400	0.576167	0	0
PF3D7_1124600	0.834817	0	0
PF3D7_1124800	0.387631	0	0
PF3D7_1124900	0.00431824	0	0
PF3D7_1125800	0.487178	0	0
PF3D7_1126000	0.290577	0	0
PF3D7_1126200	0.419441	0	0
PF3D7_1126300	0.202502	0	0
PF3D7_1126500	0.387202	0	0
PF3D7_1126800	0.402032	0	0
PF3D7_1126900	0.0922489	0	0
PF3D7_1127600	0.0349979	0	0
PF3D7_1127800	0.621668	0	0
PF3D7_1128000	0.417407	0	0
PF3D7_1128200	0.343207	0	0
PF3D7_1128500	0.322343	0	0
PF3D7_1128600	1.08436	1	0
PF3D7_1129100	0.940502	0	0
PF3D7_1129200	0.131673	0	0
PF3D7_1129400	0.405033	0	0
PF3D7_1129500	0.597473	0	0
PF3D7_1129800	0.0528679	0	0
PF3D7_1129900	0.471249	0	0
PF3D7_1130000	0.236207	0	0
PF3D7_1130200	0.261953	0	0
PF3D7_1130400	0.470463	0	0
PF3D7_1130500	0.257463	0	0
PF3D7_1130600	0.0492926	0	0
PF3D7_1130700	0.397593	0	0
PF3D7_1131100	0.0288429	0	0
PF3D7_1131800	0.680547	0	0
PF3D7_1132000	0.134643	0	0
PF3D7_1132200	0.160613	0	0
PF3D7_1132300	0.436713	0	0
PF3D7_1132400	0.624018	0	0
PF3D7_1132600	0.346257	0	0
PF3D7_1133100	0.198618	0	0
PF3D7_1133200	0.730103	0	0
PF3D7_1133400	0.359647	0	0
PF3D7_1133700	1.10379	1	0
PF3D7_1133800	0.279782	0	0
PF3D7_1134200	0.655122	0	0
PF3D7_1134300	0.299673	0	0
PF3D7_1134600	0.643292	0	0
PF3D7_1134700	0.262478	0	0
PF3D7_1134800	0.0373726	0	0
PF3D7_1135100	0.286456	0	0
PF3D7_1135300	0.105697	0	0
PF3D7_1135600	0.00446701	0	0
PF3D7_1136300	0.922048	0	0
PF3D7_1136400	0.326728	0	0
PF3D7_1136500	0.954786	0	0
PF3D7_1136600	0.452682	0	0
PF3D7_1136800	0.269242	0	0
PF3D7_1137900	0.319937	0	0
PF3D7_1138500	1.22516	1	0
PF3D7_1138600	0.254632	0	0
PF3D7_1138700	0.728343	0	0
PF3D7_1138800	0.516647	0	0
PF3D7_1139100	0.270118	0	0
PF3D7_1139300	0.463643	0	0
PF3D7_1139800	0.382988	0	0
PF3D7_1140200	0.216112	0	0
PF3D7_1140400	1.44555	0	2
PF3D7_1140700	0.957298	0	0
PF3D7_1140800	0.0635109	0	0
PF3D7_1141300	0.697798	0	0
PF3D7_1141400	0.351583	0	0
PF3D7_1142100	0.645817	0	0
PF3D7_1142300	0.347447	0	0
PF3D7_1142400	0.645022	0	0
PF3D7_1142500	0.611147	0	0
PF3D7_1143400	1.34125	0	1
PF3D7_1143900	0.355893	0	0
PF3D7_1144600	0.490993	0	0
PF3D7_1144800	0.316818	0	0
PF3D7_1145100	0.0872869	0	0
PF3D7_1145200	0.153893	0	0
PF3D7_1145400	0.210588	0	0
PF3D7_1145800	0.147567	0	0
PF3D7_1146000	0.435668	0	0
PF3D7_1146200	0.100302	0	0
PF3D7_1146600	0.468232	0	0
PF3D7_1147300	0.331358	0	0
PF3D7_1148000	0.355017	0	0
PF3D7_1148700	0.390483	0	0
PF3D7_1148900	0.349522	0	0
PF3D7_1149000	1.97862	9	1
PF3D7_1149100	0.772053	0	0
PF3D7_1149600	0.387672	0	0
PF3D7_1200600	0.022398	0	0
PF3D7_1200700	0.646812	0	0
PF3D7_1201000	1.34232	2	0
PF3D7_1201100	0.920444	0	0
PF3D7_1201500	0.427582	0	0
PF3D7_1201900	0.198387	0	0
PF3D7_1202100	0.300407	0	0
PF3D7_1202400	0.0607271	0	0
PF3D7_1202500	0.337373	0	0
PF3D7_1202600	0.755563	0	0
PF3D7_1202700	0.042448	0	0
PF3D7_1202900	0.568666	0	0
PF3D7_1203000	0.118102	0	0
PF3D7_1203400	0.219157	0	0
PF3D7_1203700	0.748497	0	0
PF3D7_1204100	0.256878	0	0
PF3D7_1204300	0.249007	0	0
PF3D7_1205100	0.177238	0	0
PF3D7_1205400	0.195252	0	0
PF3D7_1205500	0.427263	0	0
PF3D7_1205600	0.520163	0	0
PF3D7_1205800	0.610538	0	0
PF3D7_1205900	0.334233	0	0
PF3D7_1206200	0.554827	0	0
PF3D7_1206600	0.263887	0	0
PF3D7_1206700	0.999211	0	0
PF3D7_1206800	0.415557	0	0
PF3D7_1207000	0.671618	0	0
PF3D7_1207100	0.464997	0	0
PF3D7_1208100	0.350513	0	0
PF3D7_1208300	0.0884924	0	0
PF3D7_1208800	0.282838	0	0
PF3D7_1208900	0.854142	0	0
PF3D7_1209000	0.134566	0	0
PF3D7_1209300	0.267162	0	0
PF3D7_1209400	0.466937	0	0
PF3D7_1210400	0.173152	0	0
PF3D7_1210600	0.303708	0	0
PF3D7_1211200	0.384152	0	0
PF3D7_1211300	0.264677	0	0
PF3D7_1211400	0.245833	0	0
PF3D7_1211600	0.327772	0	0
PF3D7_1211700	0.209393	0	0
PF3D7_1211900	0.340012	0	0
PF3D7_1212100	0.944578	0	0
PF3D7_1212400	0.348248	0	0
PF3D7_1212700	0.568452	0	0
PF3D7_1212900	0.451718	0	0
PF3D7_1213800	0.278528	0	0
PF3D7_1213900	0.307582	0	0
PF3D7_1214300	0.0973282	0	0
PF3D7_1214900	0.362348	0	0
PF3D7_1215100	0.131273	0	0
PF3D7_1215400	0.559563	0	0
PF3D7_1215700	0.112493	0	0
PF3D7_1215900	0.214467	0	0
PF3D7_1216400	0.221622	0	0
PF3D7_1216500	0.574043	0	0
PF3D7_1217200	0.366353	0	0
PF3D7_1217500	0.275937	0	0
PF3D7_1217900	0.239513	0	0
PF3D7_1218200	0.0302224	0	0
PF3D7_1218300	0.212579	0	0
PF3D7_1218400	0.158473	0	0
PF3D7_1218500	0.307922	0	0
PF3D7_1218900	0.536872	0	0
PF3D7_1219000	0.553952	0	0
PF3D7_1219100	0.164688	0	0
PF3D7_1219600	0.571017	0	0
PF3D7_1220100	0.283242	0	0
PF3D7_1220300	0.272798	0	0
PF3D7_1220400	0.197577	0	0
PF3D7_1220500	0.0845528	0	0
PF3D7_1220900	0.456567	0	0
PF3D7_1221000	0.755338	0	0
PF3D7_1221900	0.652848	0	0
PF3D7_1222000	0.378102	0	0
PF3D7_1222300	0.512418	0	0
PF3D7_1222400	0.326603	0	0
PF3D7_1222700	0.323513	0	0
PF3D7_1223100	0.379277	0	0
PF3D7_1223200	0.483128	0	0
PF3D7_1223400	0.436748	0	0
PF3D7_1223500	0.432703	0	0
PF3D7_1223700	0.177737	0	0
PF3D7_1224000	0.630387	0	0
PF3D7_1224300	1.03792	1	0
PF3D7_1224400	0.342967	0	0
PF3D7_1224500	0.472762	0	0
PF3D7_1224700	0.160447	0	0
PF3D7_1225200	0.349723	0	0
PF3D7_1225600	0.245954	0	0
PF3D7_1225700	0.631513	0	0
PF3D7_1225800	0.893618	0	0
PF3D7_1226300	0.260673	0	0
PF3D7_1226400	0.137313	0	0
PF3D7_1226700	0.180913	0	0
PF3D7_1226800	0.255837	0	0
PF3D7_1227200	0.502373	0	0
PF3D7_1227400	0.619297	0	0
PF3D7_1227500	0.010623	0	0
PF3D7_1227600	0.372462	0	0
PF3D7_1227700	0.657509	0	0
PF3D7_1227800	0.244903	0	0
PF3D7_1228100	0.119782	0	0
PF3D7_1228300	0.351293	0	0
PF3D7_1228400	0.272788	0	0
PF3D7_1228800	0.754893	0	0
PF3D7_1229000	0.503143	0	0
PF3D7_1229100	1.00491	0	1
PF3D7_1229500	0.697633	0	0
PF3D7_1230000	0.344743	0	0
PF3D7_1230200	0.510198	0	0
PF3D7_1230700	0.224168	0	0
PF3D7_1230800	1.08441	1	0
PF3D7_1231100	0.0134678	0	0
PF3D7_1231300	0.832182	0	0
PF3D7_1231500	0.0584335	0	0
PF3D7_1231600	0.456948	0	0
PF3D7_1231800	0.0692873	0	0
PF3D7_1232300	0.217578	0	0
PF3D7_1233100	0.186003	0	0
PF3D7_1233200	0.315987	0	0
PF3D7_1233600	0.639637	0	0
PF3D7_1233900	0.305712	0	0
PF3D7_1234100	0.798113	0	0
PF3D7_1234200	0.346357	0	0
PF3D7_1234800	0.476268	0	0
PF3D7_1234900	0.238658	0	0
PF3D7_1235100	0.532232	0	0
PF3D7_1235300	1.1264	0	1
PF3D7_1235500	0.287972	0	0
PF3D7_1235900	0.474472	0	0
PF3D7_1236000	1.26899	0	1
PF3D7_1236100	0.364817	0	0
PF3D7_1237000	0.170532	0	0
PF3D7_1237200	0.413809	0	0
PF3D7_1237400	0.205837	0	0
PF3D7_1237500	0.431138	0	0
PF3D7_1237600	0.362157	0	0
PF3D7_1237700	0.00916767	0	0
PF3D7_1237900	0.648348	0	0
PF3D7_1238100	0.963758	0	0
PF3D7_1238300	0.412457	0	0
PF3D7_1238500	0.346416	0	0
PF3D7_1238600	0.236893	0	0
PF3D7_1238700	0.654413	0	0
PF3D7_1238800	0.695518	0	0
PF3D7_1239200	1.51233	0	2
PF3D7_1239800	0.869977	0	0
PF3D7_1240000	0.00907326	0	0
PF3D7_1241200	0.485608	0	0
PF3D7_1241500	0.560503	0	0
PF3D7_1241800	0.284327	0	0
PF3D7_1241900	0.364979	0	0
PF3D7_1242700	0.353427	0	0
PF3D7_1243100	0.300853	0	0
PF3D7_1243400	0.344248	0	0
PF3D7_1243500	0.339807	0	0
PF3D7_1244100	0.609838	0	0
PF3D7_1244200	0.456337	0	0
PF3D7_1244600	0.123367	0	0
PF3D7_1245100	0.307543	0	0
PF3D7_1245800	0.353368	0	0
PF3D7_1246200	1.02186	1	0
PF3D7_1246600	0.416348	0	0
PF3D7_1246900	0.114152	0	0
PF3D7_1247100	0.367052	0	0
PF3D7_1247400	0.156292	0	0
PF3D7_1248400	0.250722	0	0
PF3D7_1248500	0.546652	0	0
PF3D7_1248700	1.17881	0	1
PF3D7_1248900	0.0982971	0	0
PF3D7_1249100	0.372413	0	0
PF3D7_1249300	0.641357	0	0
PF3D7_1249800	0.288898	0	0
PF3D7_1250200	0.706012	0	0
PF3D7_1250400	0.517913	0	0
PF3D7_1250600	0.288363	0	0
PF3D7_1250800	0.0389328	0	0
PF3D7_1251500	0.0463476	0	0
PF3D7_1251600	0.300828	0	0
PF3D7_1251800	0.342937	0	0
PF3D7_1252100	0.250278	0	0
PF3D7_1252600	0.0672932	0	0
PF3D7_1253100	0.424247	0	0
PF3D7_1301400	0.379903	0	0
PF3D7_1301700	0.0415373	0	0
PF3D7_1302000	0.330453	0	0
PF3D7_1302100	0.783288	0	0
PF3D7_1302500	0.0257387	0	0
PF3D7_1302700	0.381032	0	0
PF3D7_1302800	0.732887	0	0
PF3D7_1303200	0.175036	0	0
PF3D7_1303400	0.856412	0	0
PF3D7_1303500	0.431183	0	0
PF3D7_1303800	0.471377	0	0
PF3D7_1304000	0.0155315	0	0
PF3D7_1304100	0.221098	0	0
PF3D7_1304200	0.118593	0	0
PF3D7_1304400	0.308863	0	0
PF3D7_1304500	0.745002	0	0
PF3D7_1305000	0.907308	0	0
PF3D7_1305400	0.299747	0	0
PF3D7_1305900	0.304038	0	0
PF3D7_1306600	0.930213	0	0
PF3D7_1306800	0.0817327	0	0
PF3D7_1307100	0.219228	0	0
PF3D7_1307500	0.0330372	0	0
PF3D7_1307700	0.0652428	0	0
PF3D7_1307800	0.804273	0	0
PF3D7_1308000	0.280078	0	0
PF3D7_1308200	0.559508	0	0
PF3D7_1308400	0.840657	0	0
PF3D7_1308500	0.071743	0	0
PF3D7_1308900	0.903616	0	0
PF3D7_1309100	0.435582	0	0
PF3D7_1309200	0.245163	0	0
PF3D7_1309300	0.300008	0	0
PF3D7_1309500	0.108647	0	0
PF3D7_1310400	0.315263	0	0
PF3D7_1310500	0.0814872	0	0
PF3D7_1311500	0.288348	0	0
PF3D7_1311800	0.579318	0	0
PF3D7_1311900	0.461627	0	0
PF3D7_1312800	0.487957	0	0
PF3D7_1312900	0.403492	0	0
PF3D7_1313000	0.421558	0	0
PF3D7_1313500	0.0174637	0	0
PF3D7_1313700	0.252657	0	0
PF3D7_1313800	0.627103	0	0
PF3D7_1314700	0.400084	0	0
PF3D7_1315400	0.268183	0	0
PF3D7_1315500	0.691422	0	0
PF3D7_1315700	0.105242	0	0
PF3D7_1315900	0.440457	0	0
PF3D7_1316100	0.278572	0	0
PF3D7_1316500	0.671612	0	0
PF3D7_1316600	1.16651	0	1
PF3D7_1316900	0.328372	0	0
PF3D7_1317000	0.604618	0	0
PF3D7_1317100	0.846903	0	0
PF3D7_1317200	0.213247	0	0
PF3D7_1317300	0.352297	0	0
PF3D7_1317400	0.123173	0	0
PF3D7_1317800	0.184512	0	0
PF3D7_1317900	0.199957	0	0
PF3D7_1318300	0.202637	0	0
PF3D7_1318800	0.992912	0	0
PF3D7_1319100	0.336977	0	0
PF3D7_1319200	0.243973	0	0
PF3D7_1319300	0.287362	0	0
PF3D7_1319400	0.317796	0	0
PF3D7_1319600	0.183433	0	0
PF3D7_1319700	0.00797176	0	0
PF3D7_1320600	0.201628	0	0
PF3D7_1320900	0.564102	0	0
PF3D7_1321100	0.333114	0	0
PF3D7_1321300	0.243518	0	0
PF3D7_1321500	0.198863	0	0
PF3D7_1321700	0.568188	0	0
PF3D7_1321900	0.944938	0	0
PF3D7_1322100	0.404878	0	0
PF3D7_1322200	0.633977	0	0
PF3D7_1322300	0.382786	0	0
PF3D7_1323300	0.181162	0	0
PF3D7_1323400	0.671267	0	0
PF3D7_1323800	0.191118	0	0
PF3D7_1324000	0.117732	0	0
PF3D7_1324500	0.126039	0	0
PF3D7_1324600	0.363953	0	0
PF3D7_1324700	0.198408	0	0
PF3D7_1324900	0.462323	0	0
PF3D7_1325400	1.64018	2	0
PF3D7_1326300	0.470207	0	0
PF3D7_1326500	0.225608	0	0
PF3D7_1326600	0.0484877	0	0
PF3D7_1326700	0.394504	0	0
PF3D7_1326800	0.300792	0	0
PF3D7_1326900	0.283392	0	0
PF3D7_1327300	0.993253	0	0
PF3D7_1327700	0.0547571	0	0
PF3D7_1328000	0.487652	0	0
PF3D7_1328200	0.315072	0	0
PF3D7_1328300	0.532643	0	0
PF3D7_1328500	0.702413	0	0
PF3D7_1329000	0.629992	0	0
PF3D7_1329100	0.259113	0	0
PF3D7_1329300	0.756647	0	0
PF3D7_1329500	0.677133	0	0
PF3D7_1329600	0.141012	0	0
PF3D7_1330000	0.214852	0	0
PF3D7_1330200	0.531753	0	0
PF3D7_1330800	0.761662	0	0
PF3D7_1331200	0.166243	0	0
PF3D7_1331700	0.600472	0	0
PF3D7_1332400	0.570539	0	0
PF3D7_1332800	0.377743	0	0
PF3D7_1332900	0.356423	0	0
PF3D7_1333100	0.0862074	0	0
PF3D7_1333600	0.628243	0	0
PF3D7_1333700	0.132387	0	0
PF3D7_1333800	0.482147	0	0
PF3D7_1334100	0.353791	0	0
PF3D7_1334200	0.209668	0	0
PF3D7_1334300	0.587583	0	0
PF3D7_1334500	0.548878	0	0
PF3D7_1334700	0.587553	0	0
PF3D7_1335700	0.289897	0	0
PF3D7_1336200	0.225009	0	0
PF3D7_1336400	0.406437	0	0
PF3D7_1336800	0.595428	0	0
PF3D7_1337100	0.0321875	0	0
PF3D7_1337400	0.522476	0	0
PF3D7_1337500	0.0375967	0	0
PF3D7_1337800	0.378032	0	0
PF3D7_1337900	0.0927267	0	0
PF3D7_1338100	0.0535631	0	0
PF3D7_1338200	0.163761	0	0
PF3D7_1338300	0.720907	0	0
PF3D7_1338700	0.454453	0	0
PF3D7_1339300	0.496017	0	0
PF3D7_1339600	0.511443	0	0
PF3D7_1339700	0.778438	0	0
PF3D7_1340200	0.587078	0	0
PF3D7_1340300	0.290513	0	0
PF3D7_1340600	0.499813	0	0
PF3D7_1340700	0.491097	0	0
PF3D7_1340900	0.565578	0	0
PF3D7_1341200	0.404572	0	0
PF3D7_1341900	0.0653725	0	0
PF3D7_1342000	0.691017	0	0
PF3D7_1342400	0.270878	0	0
PF3D7_1342600	0.331283	0	0
PF3D7_1342800	0.144497	0	0
PF3D7_1342900	0.612782	0	0
PF3D7_1343000	0.684662	0	0
PF3D7_1343100	0.0834379	0	0
PF3D7_1343300	0.736153	0	0
PF3D7_1343400	0.435312	0	0
PF3D7_1343700	1.27286	0	1
PF3D7_1344100	0.660568	0	0
PF3D7_1344700	0.305371	0	0
PF3D7_1344800	0.144427	0	0
PF3D7_1344900	0.0022831	0	0
PF3D7_1345400	0.600452	0	0
PF3D7_1346300	0.563523	0	0
PF3D7_1346400	0.338423	0	0
PF3D7_1346500	0.223807	0	0
PF3D7_1347200	0.594983	0	0
PF3D7_1347500	0.594648	0	0
PF3D7_1347700	0.704577	0	0
PF3D7_1348300	0.0334425	0	0
PF3D7_1348400	0.132323	0	0
PF3D7_1348600	0.270113	0	0
PF3D7_1348900	0.196403	0	0
PF3D7_1349200	0.585993	0	0
PF3D7_1349300	0.516718	0	0
PF3D7_1349500	0.382563	0	0
PF3D7_1349600	0.0930367	0	0
PF3D7_1349800	0.277707	0	0
PF3D7_1350500	0.045598	0	0
PF3D7_1351000	0.441653	0	0
PF3D7_1351400	0.604858	0	0
PF3D7_1351900	0.180337	0	0
PF3D7_1352100	0.128513	0	0
PF3D7_1352400	0.683908	0	0
PF3D7_1352500	0.0715523	0	0
PF3D7_1352700	0.275053	0	0
PF3D7_1352800	0.293507	0	0
PF3D7_1353100	1.54226	5	0
PF3D7_1353200	0.588082	0	0
PF3D7_1353300	0.401853	0	0
PF3D7_1353400	0.521708	0	0
PF3D7_1353700	0.0354223	0	0
PF3D7_1353800	0.135972	0	0
PF3D7_1354300	2.12962	0	1
PF3D7_1354900	0.303867	0	0
PF3D7_1355700	0.179722	0	0
PF3D7_1356000	0.504778	0	0
PF3D7_1356100	0.415262	0	0
PF3D7_1356400	0.00198746	0	0
PF3D7_1356800	0.120033	0	0
PF3D7_1357400	0.573742	0	0
PF3D7_1357500	0.475622	0	0
PF3D7_1357700	0.411633	0	0
PF3D7_1358100	0.0783873	0	0
PF3D7_1358200	0.154593	0	0
PF3D7_1358400	0.613727	0	0
PF3D7_1358700	1.33932	1	0
PF3D7_1358800	0.731586	0	0
PF3D7_1359000	0.492168	0	0
PF3D7_1359100	0.0447826	0	0
PF3D7_1359400	0.472232	0	0
PF3D7_1359600	1.24603	0	1
PF3D7_1359900	0.392673	0	0
PF3D7_1360400	0.538487	0	0
PF3D7_1360500	0.188258	0	0
PF3D7_1360700	0.247672	0	0
PF3D7_1360800	0.0623331	0	0
PF3D7_1360900	0.684358	0	0
PF3D7_1361000	0.107002	0	0
PF3D7_1361100	0.416062	0	0
PF3D7_1361200	0.526202	0	0
PF3D7_1361800	0.380198	0	0
PF3D7_1361900	0.0269928	0	0
PF3D7_1362200	0.373327	0	0
PF3D7_1362400	0.614512	0	0
PF3D7_1362700	0.945217	0	0
PF3D7_1362900	0.0544319	0	0
PF3D7_1363100	0.436027	0	0
PF3D7_1363500	0.310658	0	0
PF3D7_1364200	0.236553	0	0
PF3D7_1364400	0.359353	0	0
PF3D7_1365000	0.404868	0	0
PF3D7_1365700	0.468457	0	0
PF3D7_1365800	0.737759	0	0
PF3D7_1366300	0.522948	0	0
PF3D7_1366400	0.311453	0	0
PF3D7_1366500	0.00551748	0	0
PF3D7_1366600	0.0649967	0	0
PF3D7_1366900	0.466628	0	0
PF3D7_1367100	0.325502	0	0
PF3D7_1367400	0.276322	0	0
PF3D7_1367700	0.135447	0	0
PF3D7_1368100	0.0109568	0	0
PF3D7_1368200	0.426033	0	0
PF3D7_1368600	0.334764	0	0
PF3D7_1368800	0.118038	0	0
PF3D7_1369000	0.0683031	0	0
PF3D7_1369100	0.173388	0	0
PF3D7_1369200	0.173742	0	0
PF3D7_1369400	0.0199471	0	0
PF3D7_1369500	0.371748	0	0
PF3D7_1369600	0.188197	0	0
PF3D7_1369700	0.508497	0	0
PF3D7_1370300	0.414127	0	0
PF3D7_1371500	0.816407	0	0
PF3D7_1371800	1.128	1	0
PF3D7_1371900	0.401103	0	0
PF3D7_1401200	0.906282	0	0
PF3D7_1401300	0.460968	0	0
PF3D7_1401400	0.757837	0	0
PF3D7_1401500	0.346437	0	0
PF3D7_1402300	0.102417	0	0
PF3D7_1402700	0.0851526	0	0
PF3D7_1403100	0.324562	0	0
PF3D7_1403400	0.163273	0	0
PF3D7_1403700	0.668879	0	0
PF3D7_1404100	0.0765276	0	0
PF3D7_1404800	0.148598	0	0
PF3D7_1404900	0.317327	0	0
PF3D7_1405000	0.116333	0	0
PF3D7_1405100	0.368003	0	0
PF3D7_1405800	0.297362	0	0
PF3D7_1405900	0.321387	0	0
PF3D7_1406100	0.438087	0	0
PF3D7_1406200	0.799667	0	0
PF3D7_1407100	0.675868	0	0
PF3D7_1407200	0.267967	0	0
PF3D7_1407300	0.350968	0	0
PF3D7_1407500	0.107608	0	0
PF3D7_1407800	0.702012	0	0
PF3D7_1408000	0.210971	0	0
PF3D7_1408100	0.180118	0	0
PF3D7_1408200	0.521087	0	0
PF3D7_1408400	0.0818977	0	0
PF3D7_1408500	0.0393677	0	0
PF3D7_1408600	0.0661221	0	0
PF3D7_1408700	0.705247	0	0
PF3D7_1409400	1.06837	0	2
PF3D7_1409600	0.707663	0	0
PF3D7_1409700	0.112358	0	0
PF3D7_1409800	0.576242	0	0
PF3D7_1409900	0.595563	0	0
PF3D7_1410200	0.333928	0	0
PF3D7_1410300	0.449537	0	0
PF3D7_1410400	0.842272	0	0
PF3D7_1410900	0.250531	0	0
PF3D7_1411200	0.399978	0	0
PF3D7_1411300	0.429822	0	0
PF3D7_1411500	0.830387	0	0
PF3D7_1412100	0.894748	0	0
PF3D7_1412300	0.383862	0	0
PF3D7_1412400	0.0768518	0	0
PF3D7_1412500	0.651744	0	0
PF3D7_1412600	0.265458	0	0
PF3D7_1412700	0.103758	0	0
PF3D7_1413000	0.452637	0	0
PF3D7_1413200	0.0596066	0	0
PF3D7_1414300	0.175027	0	0
PF3D7_1414500	0.694788	0	0
PF3D7_1415000	0.00501251	0	0
PF3D7_1415400	0.613927	0	0
PF3D7_1415500	0.214272	0	0
PF3D7_1415600	0.350008	0	0
PF3D7_1415900	0.375162	0	0
PF3D7_1416100	0.621102	0	0
PF3D7_1416200	0.382668	0	0
PF3D7_1416600	0.629848	0	0
PF3D7_1416900	0.530232	0	0
PF3D7_1417100	0.341106	0	0
PF3D7_1417200	0.832832	0	0
PF3D7_1417300	0.083602	0	0
PF3D7_1417500	0.219733	0	0
PF3D7_1417600	0.434659	0	0
PF3D7_1417700	0.246509	0	0
PF3D7_1417800	1.13469	1	0
PF3D7_1417900	0.152463	0	0
PF3D7_1418200	0.409922	0	0
PF3D7_1418900	0.281732	0	0
PF3D7_1419000	0.531687	0	0
PF3D7_1419400	0.763771	0	0
PF3D7_1419600	0.0259571	0	0
PF3D7_1419700	0.226632	0	0
PF3D7_1420700	0.115777	0	0
PF3D7_1421100	0.563027	0	0
PF3D7_1421200	0.371491	0	0
PF3D7_1421600	0.490912	0	0
PF3D7_1421800	0.356914	0	0
PF3D7_1422400	0.202447	0	0
PF3D7_1422800	0.0420074	0	0
PF3D7_1423000	0.0465221	0	0
PF3D7_1423200	0.568937	0	0
PF3D7_1423300	0.608537	0	0
PF3D7_1423700	0.454203	0	0
PF3D7_1423800	0.0750628	0	0
PF3D7_1424100	0.283914	0	0
PF3D7_1424400	0.0509372	0	0
PF3D7_1425400	0.614978	0	0
PF3D7_1425800	0.310013	0	0
PF3D7_1425900	0.408897	0	0
PF3D7_1426000	0.573602	0	0
PF3D7_1426100	0.578072	0	0
PF3D7_1426400	0.355762	0	0
PF3D7_1426700	0.286842	0	0
PF3D7_1426800	0.294457	0	0
PF3D7_1427300	0.658877	0	0
PF3D7_1427400	0.501798	0	0
PF3D7_1427500	0.960988	0	0
PF3D7_1427600	0.372192	0	0
PF3D7_1427800	0.339467	0	0
PF3D7_1427900	1.0518	1	0
PF3D7_1428200	0.109443	0	0
PF3D7_1428300	0.660188	0	0
PF3D7_1428500	0.095892	0	0
PF3D7_1428700	0.534328	0	0
PF3D7_1428800	0.378452	0	0
PF3D7_1428900	0.183877	0	0
PF3D7_1429000	0.127338	0	0
PF3D7_1429400	0.234758	0	0
PF3D7_1429500	0.232323	0	0
PF3D7_1429600	0.719413	0	0
PF3D7_1429800	0.508783	0	0
PF3D7_1429900	0.203503	0	0
PF3D7_1430000	0.124053	0	0
PF3D7_1430300	0.532623	0	0
PF3D7_1431500	0.179772	0	0
PF3D7_1431700	0.680308	0	0
PF3D7_1432000	0.039607	0	0
PF3D7_1432200	0.155217	0	0
PF3D7_1432600	0.306643	0	0
PF3D7_1432800	0.782642	0	0
PF3D7_1433300	0.232677	0	0
PF3D7_1433400	0.442827	0	0
PF3D7_1433500	0.353102	0	0
PF3D7_1433900	0.448388	0	0
PF3D7_1434000	0.170357	0	0
PF3D7_1434200	0.329658	0	0
PF3D7_1434300	0.208033	0	0
PF3D7_1434500	0.289423	0	0
PF3D7_1434600	0.207263	0	0
PF3D7_1435500	0.232228	0	0
PF3D7_1435600	0.258587	0	0
PF3D7_1436000	0.299887	0	0
PF3D7_1436100	0.465592	0	0
PF3D7_1436200	0.398088	0	0
PF3D7_1436300	0.829427	0	0
PF3D7_1436600	0.0887833	0	0
PF3D7_1437000	0.264548	0	0
PF3D7_1437200	0.151947	0	0
PF3D7_1437400	1.28539	0	1
PF3D7_1437500	0.434768	0	0
PF3D7_1437900	0.258442	0	0
PF3D7_1438000	0.348316	0	0
PF3D7_1438100	0.244883	0	0
PF3D7_1438400	0.644283	0	0
PF3D7_1438500	0.237533	0	0
PF3D7_1438900	0.497256	0	0
PF3D7_1439100	0.258842	0	0
PF3D7_1439800	0.133718	0	0
PF3D7_1439900	0.510423	0	0
PF3D7_1440000	0.482397	0	0
PF3D7_1440100	0.557998	0	0
PF3D7_1440700	0.0514984	0	0
PF3D7_1440800	0.313908	0	0
PF3D7_1441100	0.920814	0	0
PF3D7_1441200	0.175908	0	0
PF3D7_1441300	0.382153	0	0
PF3D7_1441400	0.0559974	0	0
PF3D7_1441500	0.151193	0	0
PF3D7_1441600	0.539786	0	0
PF3D7_1441800	0.256738	0	0
PF3D7_1442300	0.186288	0	0
PF3D7_1442400	0.608487	0	0
PF3D7_1442700	0.439898	0	0
PF3D7_1442900	0.839149	0	0
PF3D7_1443000	0.118963	0	0
PF3D7_1443100	0.543688	0	0
PF3D7_1443400	0.0650969	0	0
PF3D7_1443600	0.336638	0	0
PF3D7_1443800	0.021553	0	0
PF3D7_1444100	0.0646677	0	0
PF3D7_1444500	0.037652	0	0
PF3D7_1444800	0.285604	0	0
PF3D7_1445200	0.261192	0	0
PF3D7_1445400	0.432748	0	0
PF3D7_1445600	0.288013	0	0
PF3D7_1445700	0.735158	0	0
PF3D7_1445900	0.465137	0	0
PF3D7_1446500	0.646717	0	0
PF3D7_1446600	0.280932	0	0
PF3D7_1446700	0.0341024	0	0
PF3D7_1447000	0.458288	0	0
PF3D7_1447100	0.237247	0	0
PF3D7_1447200	0.838127	0	0
PF3D7_1447800	0.434803	0	0
PF3D7_1447900	0.604843	0	0
PF3D7_1448000	0.441133	0	0
PF3D7_1448300	0.501906	0	0
PF3D7_1448500	0.168763	0	0
PF3D7_1448600	0.641453	0	0
PF3D7_1449100	0.761968	0	0
PF3D7_1449400	0.209542	0	0
PF3D7_1449500	0.507453	0	0
PF3D7_1449700	0.120623	0	0
PF3D7_1450000	0.276636	0	0
PF3D7_1450100	0.206333	0	0
PF3D7_1450400	0.704612	0	0
PF3D7_1450700	0.394452	0	0
PF3D7_1451000	0.156578	0	0
PF3D7_1451100	0.251147	0	0
PF3D7_1451200	0.386807	0	0
PF3D7_1451400	0.207588	0	0
PF3D7_1451500	0.00256824	0	0
PF3D7_1451800	0.369177	0	0
PF3D7_1452400	0.807827	0	0
PF3D7_1452600	0.161152	0	0
PF3D7_1452700	0.273482	0	0
PF3D7_1453000	0.146353	0	0
PF3D7_1453700	0.301972	0	0
PF3D7_1453800	0.247992	0	0
PF3D7_1453900	0.450647	0	0
PF3D7_1454000	0.294397	0	0
PF3D7_1454200	0.397351	0	0
PF3D7_1454400	1.64902	0	1
PF3D7_1454700	0.117098	0	0
PF3D7_1455300	0.642326	0	0
PF3D7_1455400	0.0378323	0	0
PF3D7_1455700	0.249876	0	0
PF3D7_1456000	0.623832	0	0
PF3D7_1456500	0.624462	0	0
PF3D7_1457200	0.265003	0	0
PF3D7_1457300	1.27779	0	1
PF3D7_1457500	0.0747166	0	0
PF3D7_1457700	0.548927	0	0
PF3D7_1457900	0.523752	0	0
PF3D7_1458300	0.0314131	0	0
PF3D7_1458500	0.262912	0	0
PF3D7_1458600	0.285368	0	0
PF3D7_1458800	0.200427	0	0
PF3D7_1459000	0.461218	0	0
PF3D7_1459200	0.165587	0	0
PF3D7_1459400	0.103353	0	0
PF3D7_1459600	0.275438	0	0
PF3D7_1460100	0.321273	0	0
PF3D7_1460500	0.602962	0	0
PF3D7_1460600	0.0221472	0	0
PF3D7_1460700	1.10872	2	0
PF3D7_1460800	0.202778	0	0
PF3D7_1461000	0.102678	0	0
PF3D7_1461300	0.731542	0	0
PF3D7_1461400	0.537507	0	0
PF3D7_1461600	0.313262	0	0
PF3D7_1462300	0.926272	0	0
PF3D7_1462400	0.563797	0	0
PF3D7_1462800	0.239753	0	0
PF3D7_1462900	0.530403	0	0
PF3D7_1463500	0.311197	0	0
PF3D7_1463900	0.213552	0	0
PF3D7_1464000	0.523097	0	0
PF3D7_1464500	0.815133	0	0
PF3D7_1464600	0.759647	0	0
PF3D7_1464700	0.0990973	0	0
PF3D7_1465100	0.312568	0	0
PF3D7_1465200	0.324581	0	0
PF3D7_1465900	0.776483	0	0
PF3D7_1466100	0.412783	0	0
PF3D7_1466200	0.358938	0	0
PF3D7_1466300	0.307043	0	0
PF3D7_1466400	0.703802	0	0
PF3D7_1466800	0.774627	0	0
PF3D7_1466900	0.931433	0	0
PF3D7_1467100	0.0867271	0	0
PF3D7_1467200	0.200292	0	0
PF3D7_1467500	0.0752277	0	0
PF3D7_1467600	0.416878	0	0
PF3D7_1467900	0.532272	0	0
PF3D7_1468100	0.901232	0	0
PF3D7_1468600	0.104947	0	0
PF3D7_1468700	0.614412	0	0
PF3D7_1468800	0.525123	0	0
PF3D7_1468900	0.826208	0	0
PF3D7_1469300	0.090807	0	0
PF3D7_1469800	0.145792	0	0
PF3D7_1470300	0.176743	0	0
PF3D7_1471100	0.701938	0	0
PF3D7_1471400	0.352392	0	0
PF3D7_1472200	0.330537	0	0
PF3D7_1472300	0.292763	0	0
PF3D7_1472400	0.149602	0	0
PF3D7_1473100	0.133063	0	0
PF3D7_1473200	0.521203	0	0
PF3D7_1473700	0.597353	0	0
PF3D7_1473900	0.214448	0	0
PF3D7_1474000	1.30157	0	1
PF3D7_1474500	0.211678	0	0
PF3D7_1474600	0.298392	0	0
PF3D7_1474800	0.167387	0	0
PF3D7_1474900	0.00915337	0	0
PF3D7_1475200	0.191301	0	0
PF3D7_1475600	0.413413	0	0
PF3D7_1476300	0.155263	0	0
PF3D7_1476600	0.459232	0	0
PF3D7_1478600	0.945582	0	0
