gene_id	surface_apicoplast_log2fc	surface_apicoplast_stringent	surface_mitochondrion_log2fc	surface_mitochondrion_stringent	surface_er_log2fc	surface_er_stringent
TGME49_200280	2.807354922	1				
TGME49_201270	2.584962501	0				
TGME49_201380	3	0	3.415037499	0	3.273018494	0
TGME49_201680	2.874469118	0			2.321928095	0
TGME49_201700	4.222392421	0	2.662965013	0	3.36923381	0
TGME49_201760	0.447458977	0	2.938599455	0	1.137503524	0
TGME49_202070	3.222392421	0				
TGME49_202190	3.36923381	1				
TGME49_202550	1	0	3.736965594	0	1.137503524	0
TGME49_202690	1.415037499	0				
TGME49_203240	5.073248982	1	1.415037499	0	2.728928275	1
TGME49_203310	2.415037499	0			2	0
TGME49_203390	4.087462841	0	3.736965594	0	3.736965594	0
TGME49_203910	3.807354922	1	1.584962501	0		
TGME49_204020	0.158697746	0	0.3504972471	0	0.3388019135	0
TGME49_204060	4.36923381	1			3.624490865	0
TGME49_204400	2.874469118	0	1.857980995	0	2.222392421	0
TGME49_205040	4.938599455	1			6.380821784	1
TGME49_205240	3.736965594	1			3.906890596	0
TGME49_205380	3.906890596	0	3	0	3.584962501	0
TGME49_205470	3.906890596	0	3.137503524	0	4.058893689	0
TGME49_205740	3.018859027	1			3.736965594	0
TGME49_206450	4.89077093	0	4.700439718	0	1.584962501	0
TGME49_206590	2.584962501	1			2.415037499	0
TGME49_206610	2.874469118	0				
TGME49_206690	2.115477217	0	1.777607579	0	1.584962501	0
TGME49_207060	2.584962501	0	2.115477217	0	2.415037499	0
TGME49_207370	3.415037499	0			5.142957954	0
TGME49_207440	0.9198296513	0	0.4059923597	0	0.6147098441	0
TGME49_208050	0.2479275134	0				
TGME49_208560	2	0				
TGME49_209030	0.6076825772	0	0.3703684499	0	0.8328900142	0
TGME49_209250	1.222392421	0			3.624490865	0
TGME49_209420	2.502500341	0	2.222392421	0	2.874469118	0
TGME49_209450	3.736965594	1	3.700439718	0	3.36923381	0
TGME49_209600	3.058893689	0	2.807354922	0	3.321928095	0
TGME49_209910	0.5405683814	0	0.5145731728	0	0.2995602819	0
TGME49_210270	4.392317423	1				
TGME49_210380	2	1			3.36923381	0
TGME49_210690	1.652076697	0	0.4974996595	0	2.280107919	0
TGME49_210700	5.029747343	0	4.222392421	0	5.437405312	0
TGME49_212260	1.874469118	0				
TGME49_213392	5.058893689	1			4.169925001	0
TGME49_213790	2.222392421	0			4.273018494	0
TGME49_214080	2.736965594	0				
TGME49_214090	2.807354922	0			2.662965013	0
TGME49_214180	4.95419631	0	4.89077093	0	4.321928095	0
TGME49_214220	0.8073549221	0	1.099535674	0	1.402098444	0
TGME49_214270	3.459431619	0	2.321928095	0	2.938599455	0
TGME49_214440	1.415037499	0			2	0
TGME49_214600	5.403722186	1			6.409390936	1
TGME49_214880	2.544320516	0	2.807354922	0	1.353636955	0
TGME49_214970	3.874469118	0	2.662965013	0		
TGME49_215380	4	0	3	0	3.169925001	0
TGME49_215420	2.222392421	1	2.222392421	0	2	0
TGME49_215460	0.2439255829	0	0.07400058144	0	0.5343364277	0
TGME49_215700	4.437405312	1	3.544320516	0		
TGME49_215775	2.321928095	0				
TGME49_215980	1.584962501	0	2	0	1.874469118	0
TGME49_216000	0.5246619905	0	0.7343401248	0	0.5631361383	0
TGME49_216070	1.736965594	0			2.662965013	0
TGME49_216620	1.584962501	0			3.624490865	0
TGME49_216670	2.115477217	0	1.584962501	0	3.874469118	0
TGME49_216810	4.662965013	0	4.247927513	0	4.68182404	0
TGME49_216860	1.736965594	0			1.222392421	0
TGME49_217510	1.309328058	0	1.419538892	0	0.9448584458	0
TGME49_217740	1.857980995	0	3.36923381	0	1.362570079	0
TGME49_218560	-0.72038271	0				
TGME49_219270	1.662965013	0	2.491853096	0	1.584962501	0
TGME49_219320	0.8930847961	0	1.857980995	0	2.440572591	0
TGME49_219460	2.115477217	0				
TGME49_219850	1.736965594	0	4.247927513	0		
TGME49_220230	2.502500341	0				
TGME49_220270	0.4893848407	0	1.043501639	0	0.5647846188	0
TGME49_220510	0.8479969066	0	2.201633861	0		
TGME49_221480	2.115477217	0			1.736965594	0
TGME49_221620	0.6835263352	0	0.588804567	0	0.9355512923	0
TGME49_221870	3.459431619	1			2.662965013	0
TGME49_222020	2.415037499	0				
TGME49_222070	2.415037499	0				
TGME49_222220	0.4739311883	0	0.7548875022	0	1.021695071	0
TGME49_222960	2.321928095	1			1.222392421	0
TGME49_223050	1.584962501	0				
TGME49_223420	2.321928095	0	2.321928095	0	2.115477217	0
TGME49_223790	2	0	3.459431619	0	0.2630344058	0
TGME49_223940	2.115477217	0				
TGME49_224060	1.874469118	0				
TGME49_224190	1.415037499	0			2.874469118	0
TGME49_224850	1.584962501	0	2.662965013	0		
TGME49_224870	3.415037499	0				
TGME49_224890	3.273018494	0	2	0	2.222392421	0
TGME49_225310	4.297680549	1	1.736965594	0		
TGME49_225690	1.624490865	0	2.310340121	0	1.552541023	0
TGME49_225990	3.058893689	0				
TGME49_226390	4.115477217	1	3.222392421	0	2.321928095	1
TGME49_226570	0.4436066515	0	0.8797057663	0	0.5360529002	0
TGME49_226960	5.26052755	0	4.807354922	0	5.073248982	0
TGME49_226970	0.8194277544	0	0.1740293998	0	0.8699394594	0
TGME49_227280	1.222392421	0				
TGME49_227360	0.4059923597	0	0.5025003405	0	1.222392421	0
TGME49_227810	3.115477217	0	2.459431619	0		
TGME49_227970	3	0				
TGME49_228400	2	1				
TGME49_228750	4.115477217	0	2.736965594	0	2.502500341	0
TGME49_229000	2.222392421	0			1.874469118	0
TGME49_229010	2.736965594	0	2.222392421	0	2.415037499	0
TGME49_229490	2.874469118	1			4.922832139	0
TGME49_229650	2.807354922	0			2.807354922	0
TGME49_229670	0.4854268272	0	0.05062607307	0	0.7369655942	0
TGME49_230000	6.781359714	1	5.63420602	0	4.142957954	0
TGME49_230100	2.938599455	1				
TGME49_230140	4.345774837	0				
TGME49_230160	0.8452774052	0	0.6424479954	0	0.6571122865	0
TGME49_230210	0.702798991	0	0.9496264775	0	0.8006911918	0
TGME49_230340	0.9094877071	0	1.38426515	0	1.187085553	0
TGME49_230400	5.101538026	0				
TGME49_230420	3.544320516	1			4.776103988	1
TGME49_230510	2.06608919	1			2.115477217	0
TGME49_230590	2.115477217	0			4.222392421	0
TGME49_230690	3.459431619	0	2.807354922	0	2.502500341	0
TGME49_230850	0.7983661388	0	1.362570079	0	1	0
TGME49_230860	3.584962501	1				
TGME49_230940	3.415037499	0	2.222392421	0		
TGME49_231070	2	0	3.584962501	0	1.777607579	0
TGME49_231160	0.3625700794	0	0.6571122865	0	0.4930400113	0
TGME49_231210	4	1	3.415037499	1	3.415037499	0
TGME49_231370	3.807354922	1				
TGME49_231630	0.3685390372	0	0.6550099982	0	0.5295493804	0
TGME49_231640	0.5373095251	0	0.7427829208	0	0.6744606516	0
TGME49_232050	3.459431619	1			5.502500341	1
TGME49_232190	3.544320516	0				
TGME49_232250	2.874469118	0	2.938599455	0	2.662965013	0
TGME49_232300	1.478047297	0	2.378511623	0	3.222392421	0
TGME49_232340	2.121015401	0	3.969626351	0	3.566346823	0
TGME49_232410	0.6662626028	0	0.9743133563	0	1.308549065	0
TGME49_232440	3.938599455	0	3.544320516	0	3.544320516	0
TGME49_232550	3.772589504	0	3.807354922	0	3.321928095	0
TGME49_232600	3.459431619	1				
TGME49_232710	1.874469118	0	1.584962501	0		
TGME49_232940	2.584962501	0	3.736965594	0		
TGME49_233100	2.874469118	0	2.432959407	0	3.415037499	0
TGME49_233460	1.180572246	0	1.540568381	0	1.807354922	0
TGME49_233500	4.247927513	1				
TGME49_233540	2.115477217	0				
TGME49_233680	4.058893689	0	3.807354922	0	4.247927513	0
TGME49_234470	2.321928095	0				
TGME49_235160	2.874469118	0	2.502500341	0	2.874469118	0
TGME49_235340	1.716207034	0	1.678071905	0	1.485426827	0
TGME49_235380	1.050626073	0	1.63005039	0	1.415037499	0
TGME49_235470	2.874469118	0	2.847996907	0	4.415037499	0
TGME49_235490	1.584962501	0				
TGME49_235620	1.584962501	0				
TGME49_235970	2.222392421	0	2.321928095	0	2.736965594	0
TGME49_236040	5.392317423	0	4.754887502	0	4.718818247	0
TGME49_236110	1.736965594	0				
TGME49_236930	2	0			4.857980995	0
TGME49_236950	0.5025003405	0	0.7004397181	0	0.6520766966	0
TGME49_237280	1.415037499	0	3.502500341	0		
TGME49_238390	2.874469118	0			4.772589504	1
TGME49_238400	2.874469118	0				
TGME49_238950	4.142957954	1			4.303780748	1
TGME49_239100	2	0				
TGME49_239260	0.1634987323	0	0.5933747405	0	0.0406419845	0
TGME49_239752	2.662965013	1				
TGME49_240280	1.874469118	1			2.584962501	0
TGME49_242070	2.115477217	1	2.415037499	0	2	0
TGME49_242330	1.415037499	0				
TGME49_242660	3.662965013	1				
TGME49_243200	3.584962501	0				
TGME49_243390	3.68182404	0			1.584962501	0
TGME49_243570	1.925999419	0	1.502500341	0	1.222392421	0
TGME49_243710	4.087462841	0	3.459431619	0	3.321928095	0
TGME49_243800	1.874469118	0				
TGME49_243950	2.807354922	0	1.807354922	0	2.201633861	0
TGME49_244040	3.874469118	1				
TGME49_244110	1.874469118	0	3	0	2.807354922	0
TGME49_244320	1.070389328	0	1	0	2.874469118	0
TGME49_244380	5.824428435	0	5.437405312	0	2.645716532	0
TGME49_244470	2.115477217	0	4.169925001	0		
TGME49_244560	3.222392421	0			2	0
TGME49_244840	2.502500341	0			2.662965013	0
TGME49_245460	0.2163179069	0	0.07400058144	0	0.2746223801	0
TGME49_245560	4.857980995	0	5.169925001	0	3.459431619	0
TGME49_245680	1.584962501	0			2.115477217	0
TGME49_246100	3.544320516	0			3	0
TGME49_246220	2.321928095	0				
TGME49_246340	3	1				
TGME49_246460	1.874469118	1			2.502500341	0
TGME49_246550	2.222392421	0	3.321928095	0	0.5849625007	0
TGME49_246600	3.736965594	1			4.392317423	0
TGME49_246690	2.321928095	0				
TGME49_246982	2.938599455	1			4.874469118	0
TGME49_247000	4.36923381	1	1.736965594	0	5.058893689	0
TGME49_247195	3.273018494	1			5.101538026	1
TGME49_247290	3.459431619	1			2	0
TGME49_247510	3.544320516	0			2.736965594	0
TGME49_247760	3.415037499	1	3.058893689	1	2.807354922	0
TGME49_248340	0.7286979782	0	0.7104933828	0	1.273018494	0
TGME49_248390	2.070389328	0	1.874469118	0	2.115477217	0
TGME49_248480	1.192645078	0			1.874469118	0
TGME49_248700	0.4780472968	0	0.60334103	0	0.3692338097	0
TGME49_248740	1.276840205	0	1.299560282	0	1.452512205	0
TGME49_248880	2.222392421	0	2.502500341	0	2.321928095	0
TGME49_249250	1.736965594	0	2.222392421	0		
TGME49_249310	2.321928095	1			1.584962501	0
TGME49_249340	1.584962501	0				
TGME49_249390	4.392317423	0	4.169925001	0	3.874469118	0
TGME49_249550	1.736965594	0				
TGME49_249710	2.874469118	1				
TGME49_249900	0.8073549221	0	0.6780719051	0	1.691877705	0
TGME49_249970	3.624490865	1				
TGME49_250770	1.245112498	0	0.9358696626	0	1.725825037	0
TGME49_250790	2.502500341	0				
TGME49_250820	1.189477799	0	1.64669149	0	1.506959989	0
TGME49_251780	1.415037499	0	0.9259994186	0	0.8744691179	0
TGME49_251930	2.222392421	0				
TGME49_253430	2.115477217	0			2.115477217	0
TGME49_253440	4.437405312	0	2.807354922	0	2.662965013	0
TGME49_253470	2	0	1.222392421	0	1.247927513	0
TGME49_253510	1.415037499	0				
TGME49_253650	2.115477217	0				
TGME49_254120	2.502500341	1				
TGME49_254370	2.584962501	1			4.604862058	0
TGME49_254580	2.662965013	1			3.584962501	1
TGME49_254690	3.502500341	1			5.727920455	1
TGME49_254880	3.058893689	0				
TGME49_255160	2.584962501	0	4.247927513	0	0.6374299206	0
TGME49_255880	4.906890596	1	4.772589504	1	4.169925001	0
TGME49_256760	3.624490865	0	3.624490865	0	3.459431619	0
TGME49_256830	3.415037499	1				
TGME49_256980	3.169925001	1			5.297680549	1
TGME49_256990	1.415037499	0	1.736965594	0		
TGME49_257680	2.115477217	0	2.273018494	0	1.736965594	0
TGME49_258070	1.584962501	0			1.736965594	0
TGME49_258090	1.026472211	0	1.902702799	0	1.297680549	0
TGME49_258210	1.415037499	0	3.115477217	0		
TGME49_258410	0.5951582678	0	0.9175378398	0	0.6979714626	0
TGME49_258470	0.6197279189	0	0.8548020845	0	0.9068905956	0
TGME49_258580	0.6605135337	0	0.5193741591	0	0.8171359429	0
TGME49_258870	2.938599455	0				
TGME49_258950	2.736965594	1				
TGME49_258970	5.754887502	1			6.754887502	1
TGME49_259000	3.841302254	1			2.222392421	0
TGME49_259240	1.874469118	0	1.736965594	0	2.502500341	0
TGME49_259260	3.851749041	1			1.874469118	0
TGME49_259630	1.251538767	0	0.7182290316	0	0.6476982561	0
TGME49_259720	3	1				
TGME49_260540	1.019365325	0	0.8766175845	0	0.9274875002	0
TGME49_260550	2.874469118	1	2.222392421	0	2.115477217	0
TGME49_261070	2.362570079	1				
TGME49_261080	2.938599455	1			5.815916936	0
TGME49_261240	0.9004643264	0	1.415037499	0	1.295455884	0
TGME49_261250	0.9708536543	0	1.292781749	0	1.353636955	0
TGME49_261430	2.807354922	1			4.807354922	1
TGME49_261500	5.309855263	0	4.058893689	0	4.624490865	0
TGME49_261570	1.736965594	0			2	0
TGME49_261580	1.125530882	0	2	0	1.64385619	0
TGME49_261710	2.662965013	0				
TGME49_261950	-0.5305147167	0	1.222392421	0		
TGME49_262150	2.321928095	0	3.273018494	0	1	0
TGME49_262390	5.523561956	1	5.544320516	1	5.718818247	0
TGME49_262450	1.415037499	0				
TGME49_262620	2	0	2.115477217	0	2.662965013	0
TGME49_262660	4.058893689	1				
TGME49_262670	1	0	0.1520030934	0	1.938599455	0
TGME49_262990	3.14974712	1				
TGME49_263090	1.184424571	0	1.700439718	0	1.823122238	0
TGME49_263320	1.137503524	0	0.6280312226	0	1.321928095	0
TGME49_263520	0.4545658635	0	0.9328858041	0	0.8804183842	0
TGME49_263700	0.2410080995	0	0.09953567355	0	1	0
TGME49_264080	2.070389328	0				
TGME49_264090	2.662965013	0				
TGME49_264900	1.222392421	0				
TGME49_265840	2.115477217	0			5.273018494	0
TGME49_266640	4.415037499	0	4.68182404	0	4.437405312	0
TGME49_266760	2.502500341	0	2.222392421	0	2.222392421	0
TGME49_266960	0.588804567	0	0.556011127	0	0.9154664898	0
TGME49_267050	1.874469118	0			2.222392421	0
TGME49_267100	2.415037499	1				
TGME49_267500	0.2141248054	0	0.5849625007	0	0.6951454185	0
TGME49_267510	4.36923381	1			1.454565863	1
TGME49_267800	5.502500341	1	4.906890596	1	2.222392421	0
TGME49_267840	3.415037499	1				
TGME49_268330	3.321928095	0				
TGME49_268430	5.142957954	1				
TGME49_268630	3.544320516	0			3.263034406	0
TGME49_268950	1.584962501	0			3.64385619	0
TGME49_269180	2.415037499	0	1.874469118	0	2.115477217	0
TGME49_269190	1.650550842	0	3.874469118	0	1.459431619	0
TGME49_269390	2.415037499	1				
TGME49_269410	4.169925001	0	4	0	3.544320516	0
TGME49_269885	0.8171359429	0	1.381870635	0	1.244622369	0
TGME49_270240	3	0				
TGME49_270510	2.584962501	0	2.263034406	0	2.662965013	0
TGME49_270530	3.502500341	1	3.115477217	0	3.222392421	0
TGME49_271440	2.222392421	0			2.222392421	0
TGME49_271930	0.6300503902	0	0.6244908649	0	1.127111918	0
TGME49_272290	2.662965013	0				
TGME49_272640	3.969626351	1	3.459431619	0	2.938599455	0
TGME49_272695	2.807354922	1				
TGME49_272910	1.415037499	0			2.938599455	0
TGME49_273370	1.222392421	0				
TGME49_273560	2.099535674	0	2.230297619	0	1.540568381	0
TGME49_273760	1.351074441	0	1.650764559	0	2.057551023	0
TGME49_273800	5.437405312	1	4.297680549	0	3.544320516	0
TGME49_273960	3.058893689	0				
TGME49_274060	1.415037499	0			1.584962501	0
TGME49_274130	2.938599455	1				
TGME49_275350	4.984893108	0	3.874469118	0	3.36923381	0
TGME49_275690	4.029747343	0				
TGME49_278780	2.273018494	0	2.129283017	0	1.054447784	0
TGME49_278830	3.169925001	0			2.584962501	0
TGME49_278870	3.491853096	0	3.124695747	0	2.584962501	0
TGME49_279360	4.459431619	1				
TGME49_280370	1.584962501	0	4.196397213	1	2.632268215	0
TGME49_280610	1.736965594	1			5.183221824	0
TGME49_280740	2.722466024	1				
TGME49_281980	1.415037499	0			4.142957954	1
TGME49_283850	3.700439718	0	4.718818247	0	4.874469118	0
TGME49_284560	1.485426827	0	0.6520766966	0	1.64385619	0
TGME49_285500	5.824428435	1	3	0	2.831400396	0
TGME49_286420	1.072149786	0	1.48112669	0	1.722466024	0
TGME49_286520	2.502500341	1				
TGME49_286580	1.172060746	0	1.488499661	0	1.263034406	0
TGME49_286590	1.584962501	0	1.823122238	0	0.8073549221	0
TGME49_286600	0.2713020218	0	0.5682837596	0	0.5849625007	0
TGME49_286630	3.115477217	0	1.192645078	0	2	0
TGME49_287500	2.807354922	0	3.502500341	0	3.058893689	0
TGME49_287970	2.938599455	0				
TGME49_288380	2	0	2.222392421	0	3.169925001	0
TGME49_288600	4.906890596	1			2.222392421	0
TGME49_288650	3.169925001	0	2.807354922	0		
TGME49_288720	0.6780719051	0	0.1634987323	0	0.6100534817	0
TGME49_288800	3.624490865	0	3.459431619	0	3.459431619	0
TGME49_288940	4.938599455	1				
TGME49_289070	6.007494537	1				
TGME49_289080	5.745954377	1				
TGME49_289530	0.1926450779	0	1.874469118	0	0.7369655942	0
TGME49_289650	2.807354922	0	3.321928095	0	3.662965013	0
TGME49_289680	4.824428435	1	4.718818247	1	4.772589504	0
TGME49_289750	0.6780719051	0	1	0	2.146841388	0
TGME49_289970	2.662965013	1			3.807354922	1
TGME49_290160	3.736965594	1			4.196397213	0
TGME49_290670	2.321928095	0	2.874469118	1	2.584962501	0
TGME49_290950	1.874469118	0	1.584962501	0		
TGME49_291120	2	0				
TGME49_291180	8.173260714	1	8.227214805	1	7.607330314	0
TGME49_291880	0.7369655942	0	2.321928095	0	0.7004397181	0
TGME49_291940	1.280107919	1				
TGME49_292020	4.95419631	1			6.392317423	0
TGME49_292130	0.4436066515	0	0	0	0.3119440063	0
TGME49_292950	1.415037499	0	4.345774837	0	0.7004397181	0
TGME49_293180	5.906890596	0	6.087462841	0	6.22881869	0
TGME49_293360	0.6374299206	0	1.134301092	0	0.7831886109	0
TGME49_293590	3.459431619	0				
TGME49_294220	5.403722186	1			2.115477217	0
TGME49_294360	3.36923381	0			4.68182404	0
TGME49_294610	3.544320516	0	5.129283017	0	1.115477217	0
TGME49_294630	3.115477217	0	3.273018494	0	2.736965594	0
TGME49_294730	3.700439718	0				
TGME49_294740	2.222392421	0				
TGME49_295000	2.321928095	0				
TGME49_295110	0.1699250014	0	0.7078192485	0	0.8194277544	0
TGME49_295125	-0.2294818461	0	0.4854268272	0	0.5145731728	0
TGME49_295360	1.054447784	0	1.378511623	0	1.547487795	0
TGME49_295650	2.736965594	1			4.321928095	1
TGME49_296010	5	0	3.36923381	0	2.415037499	0
TGME49_297060	3.222392421	0			2.938599455	0
TGME49_297330	4.321928095	1			2.736965594	0
TGME49_297745	6.741466986	1			6.824428435	1
TGME49_300000	1.070389328	0	0.09953567355	0	1.321928095	0
TGME49_300060	3.273018494	1				
TGME49_300100	2.321928095	0	2.415037499	0	2.874469118	0
TGME49_300120	5.564784619	1	5.333900737	0	4.544320516	0
TGME49_300200	1.938599455	0	1.938599455	0	1.137503524	0
TGME49_300260	3.544320516	0	3.321928095	0	3.169925001	0
TGME49_301410	2.415037499	0				
TGME49_301420	1.152003093	0	0.8624964763	0	0.8744691179	0
TGME49_301440	4.392317423	1	3.841302254	1	3.700439718	0
TGME49_304630	3.415037499	0	3.459431619	0	5.273018494	0
TGME49_304650	1.415037499	0				
TGME49_304670	2.502500341	0	3.115477217	0	0.7655347464	0
TGME49_304710	2	0				
TGME49_305140	4.058893689	0				
TGME49_305160	3.115477217	0	0.6780719051	0	1.5360529	0
TGME49_305450	3.906890596	1			5.403722186	0
TGME49_305520	0.8194277544	0	1.289506617	0	1.321928095	0
TGME49_305980	4.169925001	0				
TGME49_306030	2.222392421	0	1.440572591	0	3.841302254	0
TGME49_306060	1.628031223	0	3.409390936	0	1.041820176	0
TGME49_306660	2.662965013	0	4.169925001	0		
TGME49_307040	2.415037499	0				
TGME49_308090	0.8667334691	0	0.3479233034	0	1.243925583	0
TGME49_308860	0.822001698	0	0.7237902054	0	0.9577717646	0
TGME49_309120	0.3536369546	0	-0.3325753391	0	0.8875252707	0
TGME49_309370	5.26052755	1				
TGME49_309560	2.222392421	0				
TGME49_309580	2.938599455	1				
TGME49_309600	2.807354922	1				
TGME49_309820	0.7004397181	0	0.6438561898	0	0.716207034	0
TGME49_310080	4.772589504	1				
TGME49_310190	5.129283017	0	4.222392421	0		
TGME49_310220	3.624490865	0	3	0	3.700439718	0
TGME49_310250	2.584962501	1				
TGME49_310270	3.502500341	1				
TGME49_310320	1.874469118	0				
TGME49_310440	1.584962501	0	2.432959407	0	1.530514717	0
TGME49_310490	0.7884958948	0	2	0		
TGME49_310802	2	1				
TGME49_311080	3.624490865	1				
TGME49_311230	1.227068909	0	2.290102649	0	2.022839976	0
TGME49_311400	5.63420602	1	1.736965594	0	5.029747343	0
TGME49_311470	3.273018494	0	2.584962501	0	2.502500341	0
TGME49_311720	2.180937994	0	2.676110389	0	3.860596943	0
TGME49_312660	3.115477217	1				
TGME49_313080	3	1			5.68182404	0
TGME49_313230	2.502500341	0	2.502500341	0	3.222392421	0
TGME49_313270	3.169925001	0	3	0	1.874469118	0
TGME49_313310	1.736965594	1				
TGME49_313380	0.5235619561	0	1.101879614	0	0.7865963619	0
TGME49_313540	2.736965594	0				
TGME49_313640	1.874469118	1				
TGME49_313670	3.502500341	0			2.222392421	0
TGME49_313790	2.874469118	0				
TGME49_314070	1.584962501	0			2.115477217	0
TGME49_314970	2.502500341	0			5.309855263	1
TGME49_315860	4.95419631	0	4.564784619	0		
TGME49_316340	0.5145731728	0	0.6520766966	0	0.7744402996	0
TGME49_316400	0.8073549221	0	0.5474877953	0	0.8155754289	0
TGME49_318460	2.662965013	1			4.222392421	0
TGME49_318510	3.736965594	1	3.058893689	0	2.415037499	0
TGME49_318710	4.36923381	0	3.841302254	0	3.807354922	0
TGME49_319560	1.527247003	0	0.963474124	0	0.8259706002	0
TGME49_319740	2	1				
TGME49_320000	2.415037499	0			1.584962501	0
TGME49_320030	1.874469118	0	2	0	1.078002512	0
TGME49_320050	2.050626073	0	0.3785116233	0	2.874469118	0
TGME49_320480	2.584962501	1	2.584962501	0	2.415037499	0
TGME49_320550	1.415037499	0				
TGME49_320690	2.662965013	0	2.115477217	0	2.874469118	0
TGME49_321590	3.584962501	1				
TGME49_321620	6.459431619	0	4.273018494	0	3.584962501	0
TGME49_321640	2.874469118	0				
TGME49_321680	2.222392421	0			2.222392421	0
TGME49_500179	3.841302254	0				
TGME49_500183	3.807354922	0	3.700439718	0	3.624490865	0
TGME49_500302	3.222392421	0				
TGME49_204160			5.029747343	0		
TGME49_205320			2.502500341	0	2.736965594	0
TGME49_205558			1.736965594	0	2	0
TGME49_205570			2.874469118	0		
TGME49_209160			4.718818247	1	2.321928095	0
TGME49_209190			4.294620749	1		
TGME49_209260			2.415037499	0		
TGME49_209720			3.415037499	1		
TGME49_209790			2.115477217	0		
TGME49_212100			2.874469118	1		
TGME49_213610			5.247927513	1	4.437405312	1
TGME49_214990			2.321928095	0		
TGME49_215430			2.482392767	1	1.874469118	0
TGME49_216900			4.772589504	1	2	0
TGME49_219550			2.222392421	1		
TGME49_219630			2.871485259	1	5.029747343	1
TGME49_219690			2	0	2.502500341	0
TGME49_219710			2.522226745	1	5.087462841	0
TGME49_221470			2.502500341	0		
TGME49_222230			3.273018494	0		
TGME49_224530			2.321928095	0	1.874469118	0
TGME49_225020			2.415037499	0		
TGME49_225260			2.874469118	0		
TGME49_226220			2.807354922	0		
TGME49_226590			2.115477217	0		
TGME49_227000			3.502500341	0		
TGME49_227450			1.736965594	0		
TGME49_228470			2.222392421	0	1.736965594	0
TGME49_228770			4.222392421	1		
TGME49_229630			5.691161905	0	4.437405312	0
TGME49_229640			2.415037499	0		
TGME49_229920			3.169925001	1		
TGME49_231190			3.584962501	1	2.584962501	0
TGME49_231930			4.36923381	1		
TGME49_232350			2.584962501	0	1.736965594	0
TGME49_234505			3	0	2.415037499	0
TGME49_234510			3.624490865	1		
TGME49_238190			2.736965594	0		
TGME49_239330			0.7369655942	0		
TGME49_239400			4.502500341	0	1.836501268	0
TGME49_239410			2.662965013	0		
TGME49_239800			1.874469118	0		
TGME49_240050			4.196397213	1		
TGME49_242580			4.502500341	0	2.321928095	0
TGME49_242700			2.115477217	0		
TGME49_243250			2.736965594	0	1.222392421	0
TGME49_243490			2	0		
TGME49_244350			2.754887502	0	2.584962501	0
TGME49_244600			4.345774837	1	2.222392421	0
TGME49_245640			2.222392421	0		
TGME49_246720			2.222392421	0		
TGME49_247600			1.874469118	0		
TGME49_247770			3.115477217	1		
TGME49_248510			3.169925001	0		
TGME49_248520			2.584962501	1		
TGME49_249320			2.807354922	0		
TGME49_250700			2.807354922	0		
TGME49_253060			2	0		
TGME49_255440			3.807354922	1	1.584962501	0
TGME49_256030			2.137503524	0	0.8930847961	0
TGME49_256090			2.736965594	0		
TGME49_257990			1.115477217	0		
TGME49_258540			3.169925001	1		
TGME49_258860			3.36923381	0		
TGME49_260670			1.415037499	0		
TGME49_262050			0.7369655942	0		
TGME49_262640			2.584962501	1		
TGME49_264040			2.502500341	1		
TGME49_265180			4.437405312	1	2.415037499	0
TGME49_265850			4.169925001	0		
TGME49_266630			3.058893689	0		
TGME49_267090			2.447458977	1	2.415037499	0
TGME49_267390			1.584962501	0	1.584962501	0
TGME49_270865			4.297680549	0		
TGME49_270940			2.115477217	0		
TGME49_271970			2.321928095	0	1	0
TGME49_272270			3	0		
TGME49_272520			3.169925001	0		
TGME49_273140			2	0		
TGME49_273640			4.321928095	0	1.874469118	0
TGME49_276990			2	0		
TGME49_278740			2.807354922	1	3.169925001	0
TGME49_278990			2.222392421	1		
TGME49_279100			0.5849625007	0		
TGME49_280730			3.906890596	1		
TGME49_286530			2.502500341	0		
TGME49_288510			2.222392421	0		
TGME49_288830			2	0		
TGME49_289600			1.874469118	0	2.222392421	0
TGME49_289820			4.087462841	0	1.415037499	0
TGME49_290920			1.584962501	0		
TGME49_291590			3.700439718	0		
TGME49_291980			4.196397213	0		
TGME49_292920			1.584962501	0		
TGME49_294200			1	0	2.222392421	0
TGME49_294790			1.736965594	0		
TGME49_297180			2	0		
TGME49_297810			3.874469118	0	1.415037499	0
TGME49_299168			3.584962501	0		
TGME49_301120			1.874469118	0		
TGME49_305480			2.688055994	0	3.874469118	0
TGME49_306590			2.115477217	0		
TGME49_310470			2.662965013	1		
TGME49_310640			1.222392421	0	2.115477217	0
TGME49_311860			2.736965594	0		
TGME49_312050			1.415037499	0		
TGME49_312600			1.874469118	0	2.222392421	0
TGME49_313280			4.345774837	0		
TGME49_313480			3	0		
TGME49_313580			3.169925001	0		
TGME49_314830			1.736965594	0		
TGME49_315770			4.118941073	1	2.662965013	0
TGME49_318210			4.222392421	0		
TGME49_319900			3	0		
TGME49_320080			3.584962501	0		
TGME49_320220			1.584962501	0		
TGME49_500435			1.736965594	0		
TGME49_202500					2.662965013	0
TGME49_202770					1.584962501	0
TGME49_203780					4.345774837	0
TGME49_203970					2.584962501	0
TGME49_205100					2.415037499	0
TGME49_205440					1.874469118	0
TGME49_206320					4.142957954	1
TGME49_206540					1.584962501	0
TGME49_208370					2.115477217	0
TGME49_209800					2.502500341	0
TGME49_211710					2.502500341	0
TGME49_212130					4.841302254	1
TGME49_212980					3.906890596	0
TGME49_213072					2.222392421	0
TGME49_213910					2.321928095	0
TGME49_214110					2.736965594	0
TGME49_214620					4	0
TGME49_215260					1.222392421	0
TGME49_216020					4.564784619	1
TGME49_216260					1.736965594	0
TGME49_216680					2.321928095	0
TGME49_217780					2	0
TGME49_217890					2.115477217	0
TGME49_219190					2	0
TGME49_220360					2.502500341	0
TGME49_222360					2	0
TGME49_222380					1.874469118	0
TGME49_223600					2.662965013	0
TGME49_223760					4.48112669	0
TGME49_226430					2.874469118	1
TGME49_226580					3.662965013	1
TGME49_226600					2.584962501	0
TGME49_226710					3	1
TGME49_227600					2.321928095	0
TGME49_229930					1.584962501	0
TGME49_230700					3.459431619	0
TGME49_230980					3.222392421	0
TGME49_231000					3	0
TGME49_231850					2.584962501	0
TGME49_232080					5.183221824	0
TGME49_232730					2	0
TGME49_233220					4.544320516	0
TGME49_235660					2.807354922	0
TGME49_236620					2.115477217	0
TGME49_236840					2	0
TGME49_236910					2	0
TGME49_237150					3.169925001	0
TGME49_238040					4.523561956	0
TGME49_239250					3.841302254	0
TGME49_239748					1.874469118	0
TGME49_239770					1.415037499	0
TGME49_240440					3.36923381	0
TGME49_240510					3.544320516	0
TGME49_240650					1.415037499	0
TGME49_241160					1.584962501	0
TGME49_242380					2.115477217	0
TGME49_243290					3	1
TGME49_243410					3.415037499	0
TGME49_244370					3.584962501	0
TGME49_244550					3.544320516	1
TGME49_244910					3.841302254	1
TGME49_245510					2.584962501	0
TGME49_246080					2.115477217	0
TGME49_247380					2.736965594	1
TGME49_248100					2.502500341	0
TGME49_250870					2	0
TGME49_251630					2.584962501	0
TGME49_252340					4.222392421	0
TGME49_252440					1.736965594	0
TGME49_253880					2.584962501	1
TGME49_255980					3.36923381	0
TGME49_256050					1.736965594	0
TGME49_257080					3.321928095	0
TGME49_257090					1.874469118	0
TGME49_257380					2.874469118	0
TGME49_257510					2.321928095	0
TGME49_257520					2.874469118	1
TGME49_258180					2.222392421	1
TGME49_258820					1.736965594	0
TGME49_258826					4.345774837	0
TGME49_259040					2.874469118	1
TGME49_259200					2.807354922	0
TGME49_259550					1.736965594	0
TGME49_259640					4.754887502	0
TGME49_260470					2.938599455	0
TGME49_260630					3.502500341	0
TGME49_261480					2.584962501	1
TGME49_262080					2.584962501	1
TGME49_262610					2.502500341	0
TGME49_263100					1.584962501	0
TGME49_263130					2.115477217	0
TGME49_263710					1.874469118	0
TGME49_263810					2.874469118	0
TGME49_264440					3.841302254	0
TGME49_264870					2.415037499	0
TGME49_266320					1.874469118	0
TGME49_267430					4.437405312	0
TGME49_267530					2.415037499	0
TGME49_267590					3.222392421	0
TGME49_267650					4.624490865	0
TGME49_267720					2.415037499	0
TGME49_268340					3.169925001	0
TGME49_268720					1.874469118	0
TGME49_269150					2.502500341	0
TGME49_269260					1.736965594	0
TGME49_269290					3.544320516	0
TGME49_269980					4.624490865	0
TGME49_270070					2.115477217	0
TGME49_270220					4.584962501	0
TGME49_271888					2.415037499	0
TGME49_271935					2.938599455	1
TGME49_275490					4.502500341	1
TGME49_275568					2.115477217	0
TGME49_275650					1.736965594	0
TGME49_276140					2.222392421	0
TGME49_276170					1.584962501	0
TGME49_276220					2.115477217	0
TGME49_276890					2.415037499	0
TGME49_277000					2	0
TGME49_277870					3.36923381	0
TGME49_277910					4.196397213	0
TGME49_278030					4.718818247	0
TGME49_278630					2.736965594	0
TGME49_278660					2.222392421	0
TGME49_278890					3	0
TGME49_278960					3.321928095	0
TGME49_280400					2.321928095	0
TGME49_280410					2.321928095	0
TGME49_281440					3.502500341	0
TGME49_281640					2.222392421	1
TGME49_286230					2.874469118	0
TGME49_286510					1.736965594	0
TGME49_286750					1.736965594	0
TGME49_288030					3.736965594	1
TGME49_288260					2.321928095	0
TGME49_288630					1.584962501	0
TGME49_289330					2.502500341	0
TGME49_289570					3.736965594	0
TGME49_289880					2.222392421	0
TGME49_290240					1.874469118	0
TGME49_291950					3.624490865	0
TGME49_292340					2	0
TGME49_294050					2	0
TGME49_294250					1.584962501	0
TGME49_295080					2.736965594	0
TGME49_295090					1.874469118	0
TGME49_296950					3.169925001	0
TGME49_297500					1.736965594	0
TGME49_298630					2.321928095	0
TGME49_299110					4	0
TGME49_300290					2.321928095	0
TGME49_304460					1.584962501	0
TGME49_304990					4.222392421	0
TGME49_305540					3.906890596	0
TGME49_306220					1.415037499	0
TGME49_307860					4.222392421	0
TGME49_309265					2.584962501	0
TGME49_309910					2.415037499	0
TGME49_310950					2.115477217	0
TGME49_311920					4.115477217	0
TGME49_312100					2.415037499	0
TGME49_312622					3.415037499	0
TGME49_312700					1.874469118	0
TGME49_313100					2.736965594	0
TGME49_313410					1.736965594	0
TGME49_314850					2.415037499	0
TGME49_315750					1	0
TGME49_316230					3.807354922	0
TGME49_316730					2.415037499	0
TGME49_318160					2.115477217	0
TGME49_319300					1.584962501	0
TGME49_319620					2	0
TGME49_319640					2.415037499	0
TGME49_321340					2.874469118	0
TGME49_321660					2.662965013	1
TGME49_500109					2.662965013	1
TGME49_500125					1.415037499	0
TGME49_500140					2.807354922	0
