gene_id	engaged_n_compounds_tested	engaged_n_compounds_hit
PF3D7_0101300	5	0
PF3D7_0102200	24	0
PF3D7_0102500	25	0
PF3D7_0102900	25	0
PF3D7_0103000	15	0
PF3D7_0103100	17	0
PF3D7_0103200	10	1
PF3D7_0103300	22	0
PF3D7_0103400	1	0
PF3D7_0103500	1	0
PF3D7_0103900	23	0
PF3D7_0104100	1	0
PF3D7_0104200	24	0
PF3D7_0104300	20	0
PF3D7_0104400	25	0
PF3D7_0104500	24	0
PF3D7_0104800	15	0
PF3D7_0105200	25	0
PF3D7_0105300	25	0
PF3D7_0105400	6	0
PF3D7_0105600	10	0
PF3D7_0105700	17	0
PF3D7_0105800	23	0
PF3D7_0106000	20	0
PF3D7_0106100	24	0
PF3D7_0106300	22	0
PF3D7_0106400	25	1
PF3D7_0106500	20	0
PF3D7_0106700	16	0
PF3D7_0106800	25	0
PF3D7_0107000	25	0
PF3D7_0107200	1	0
PF3D7_0107500	24	0
PF3D7_0107800	23	0
PF3D7_0108000	25	0
PF3D7_0108300	25	0
PF3D7_0108500	25	0
PF3D7_0108700	25	0
PF3D7_0109000	23	0
PF3D7_0109200	24	0
PF3D7_0109400	25	0
PF3D7_0109500	2	0
PF3D7_0109600	24	0
PF3D7_0109800	25	0
PF3D7_0110100	16	0
PF3D7_0110200	1	0
PF3D7_0110400	25	0
PF3D7_0110500	23	0
PF3D7_0110600	22	0
PF3D7_0110700	25	0
PF3D7_0110800	25	0
PF3D7_0110900	24	0
PF3D7_0111000	23	0
PF3D7_0111300	10	0
PF3D7_0111400	22	0
PF3D7_0111500	25	0
PF3D7_0111800	22	0
PF3D7_0111900	25	0
PF3D7_0112000	25	0
PF3D7_0112200	20	0
PF3D7_0113000	25	0
PF3D7_0113200	23	0
PF3D7_0113300	6	0
PF3D7_0113900	7	0
PF3D7_0201600	5	0
PF3D7_0201800	13	0
PF3D7_0201900	19	0
PF3D7_0202000	25	0
PF3D7_0202100	3	0
PF3D7_0202200	11	0
PF3D7_0202400	25	0
PF3D7_0202500	14	0
PF3D7_0202600	18	0
PF3D7_0203000	19	0
PF3D7_0203100	4	0
PF3D7_0203200	6	0
PF3D7_0203300	2	0
PF3D7_0203400	25	0
PF3D7_0203600	1	0
PF3D7_0203700	5	0
PF3D7_0204100	20	0
PF3D7_0204200	3	0
PF3D7_0204500	25	0
PF3D7_0204700	20	0
PF3D7_0205100	1	0
PF3D7_0205400	23	0
PF3D7_0205500	25	0
PF3D7_0205600	13	0
PF3D7_0205700	3	0
PF3D7_0205800	1	0
PF3D7_0205900	25	0
PF3D7_0206000	9	0
PF3D7_0206500	10	0
PF3D7_0206600	18	0
PF3D7_0206700	25	1
PF3D7_0206800	25	0
PF3D7_0206900	25	0
PF3D7_0207000	25	0
PF3D7_0207100	8	0
PF3D7_0207200	18	0
PF3D7_0207400	25	0
PF3D7_0207500	25	0
PF3D7_0207600	25	1
PF3D7_0207700	25	0
PF3D7_0207800	25	0
PF3D7_0207900	24	0
PF3D7_0208100	14	0
PF3D7_0208200	7	0
PF3D7_0208400	3	0
PF3D7_0208500	25	0
PF3D7_0208600	15	0
PF3D7_0208700	25	0
PF3D7_0209100	23	0
PF3D7_0209200	24	0
PF3D7_0209300	18	0
PF3D7_0209400	25	1
PF3D7_0209600	10	0
PF3D7_0209800	25	0
PF3D7_0210100	25	1
PF3D7_0210200	20	0
PF3D7_0210700	1	0
PF3D7_0210900	24	0
PF3D7_0211200	25	0
PF3D7_0211800	25	0
PF3D7_0212100	25	0
PF3D7_0212200	8	0
PF3D7_0212300	24	0
PF3D7_0212400	17	0
PF3D7_0212500	23	0
PF3D7_0212600	22	0
PF3D7_0212700	21	0
PF3D7_0212800	6	0
PF3D7_0212900	25	0
PF3D7_0213100	25	0
PF3D7_0213400	2	0
PF3D7_0213500	16	0
PF3D7_0213700	25	0
PF3D7_0213900	24	0
PF3D7_0214000	25	2
PF3D7_0214100	25	0
PF3D7_0214400	25	0
PF3D7_0214800	13	0
PF3D7_0214900	25	0
PF3D7_0215000	14	0
PF3D7_0215100	22	0
PF3D7_0215400	23	0
PF3D7_0215500	16	0
PF3D7_0215600	7	0
PF3D7_0215700	25	0
PF3D7_0215800	14	0
PF3D7_0216300	10	0
PF3D7_0216400	18	0
PF3D7_0216500	9	0
PF3D7_0216600	22	0
PF3D7_0217100	16	0
PF3D7_0217500	24	0
PF3D7_0217700	25	0
PF3D7_0217800	25	0
PF3D7_0217900	25	1
PF3D7_0218000	7	0
PF3D7_0218200	22	0
PF3D7_0218400	11	0
PF3D7_0218500	25	0
PF3D7_0218600	5	0
PF3D7_0218700	21	0
PF3D7_0219400	24	0
PF3D7_0219600	25	0
PF3D7_0219700	6	0
PF3D7_0220000	25	0
PF3D7_0220100	5	0
PF3D7_0220200	12	0
PF3D7_0220500	19	0
PF3D7_0220600	11	0
PF3D7_0220800	21	0
PF3D7_0221200	4	0
PF3D7_0300100	1	0
PF3D7_0300900	6	0
PF3D7_0301400	1	0
PF3D7_0301600	17	0
PF3D7_0301700	25	0
PF3D7_0302000	18	0
PF3D7_0302100	25	0
PF3D7_0302200	12	0
PF3D7_0302500	25	0
PF3D7_0302700	4	0
PF3D7_0302800	25	0
PF3D7_0302900	25	1
PF3D7_0303000	15	0
PF3D7_0303100	25	0
PF3D7_0303200	25	0
PF3D7_0303300	25	0
PF3D7_0303500	22	0
PF3D7_0303600	25	0
PF3D7_0303700	25	0
PF3D7_0303800	9	0
PF3D7_0303900	15	0
PF3D7_0304100	16	0
PF3D7_0304200	25	0
PF3D7_0304400	25	0
PF3D7_0304500	25	0
PF3D7_0305000	24	0
PF3D7_0305100	6	0
PF3D7_0305200	25	0
PF3D7_0305300	25	0
PF3D7_0305500	22	0
PF3D7_0305600	25	0
PF3D7_0305700	25	0
PF3D7_0306100	25	0
PF3D7_0306200	25	1
PF3D7_0306300	25	0
PF3D7_0306400	4	0
PF3D7_0306800	25	0
PF3D7_0306900	22	0
PF3D7_0307100	25	0
PF3D7_0307200	25	0
PF3D7_0307400	4	0
PF3D7_0307500	18	0
PF3D7_0307600	1	0
PF3D7_0307700	25	0
PF3D7_0307800	11	0
PF3D7_0308000	25	0
PF3D7_0308100	23	0
PF3D7_0308200	25	0
PF3D7_0308300	23	0
PF3D7_0308500	25	0
PF3D7_0308600	11	0
PF3D7_0308700	1	0
PF3D7_0308900	23	0
PF3D7_0309000	25	0
PF3D7_0309200	23	0
PF3D7_0309300	16	0
PF3D7_0309500	25	0
PF3D7_0309600	25	0
PF3D7_0309800	1	0
PF3D7_0310000	1	0
PF3D7_0310200	16	0
PF3D7_0310300	21	0
PF3D7_0310400	25	1
PF3D7_0310500	21	0
PF3D7_0310600	24	0
PF3D7_0310700	25	0
PF3D7_0310900	22	0
PF3D7_0311100	18	0
PF3D7_0311300	25	0
PF3D7_0311800	5	0
PF3D7_0312300	24	0
PF3D7_0312400	23	0
PF3D7_0312500	17	0
PF3D7_0312800	25	0
PF3D7_0313000	25	0
PF3D7_0313100	24	0
PF3D7_0313400	14	0
PF3D7_0313500	10	0
PF3D7_0314000	24	0
PF3D7_0314100	15	0
PF3D7_0314400	23	0
PF3D7_0314600	4	0
PF3D7_0314700	25	0
PF3D7_0314800	2	0
PF3D7_0315100	25	0
PF3D7_0315400	16	0
PF3D7_0315600	3	0
PF3D7_0315800	23	0
PF3D7_0316300	25	0
PF3D7_0316400	13	0
PF3D7_0316500	14	0
PF3D7_0316600	21	0
PF3D7_0316700	24	0
PF3D7_0316800	24	0
PF3D7_0317000	25	0
PF3D7_0317200	22	0
PF3D7_0317300	23	0
PF3D7_0317400	12	0
PF3D7_0317500	14	0
PF3D7_0317600	25	0
PF3D7_0317700	22	0
PF3D7_0317800	25	0
PF3D7_0317900	6	0
PF3D7_0318200	25	0
PF3D7_0318300	20	0
PF3D7_0318500	1	0
PF3D7_0318600	1	0
PF3D7_0319000	6	0
PF3D7_0319100	25	0
PF3D7_0319200	25	0
PF3D7_0319400	21	0
PF3D7_0319500	1	0
PF3D7_0319600	25	1
PF3D7_0319900	25	1
PF3D7_0320000	25	0
PF3D7_0320100	22	0
PF3D7_0320300	25	1
PF3D7_0320500	25	0
PF3D7_0320800	24	0
PF3D7_0320900	25	0
PF3D7_0321000	2	0
PF3D7_0321100	18	0
PF3D7_0321500	13	0
PF3D7_0321600	24	0
PF3D7_0321700	16	0
PF3D7_0321800	1	0
PF3D7_0321900	7	0
PF3D7_0322000	25	0
PF3D7_0322100	6	0
PF3D7_0322300	7	0
PF3D7_0322400	8	1
PF3D7_0322600	1	0
PF3D7_0322700	13	0
PF3D7_0322900	25	0
PF3D7_0323000	25	0
PF3D7_0323300	3	0
PF3D7_0323400	22	0
PF3D7_0323500	24	0
PF3D7_0323600	5	0
PF3D7_0323700	25	0
PF3D7_0323800	25	0
PF3D7_0400400	1	0
PF3D7_0401800	25	0
PF3D7_0402000	20	0
PF3D7_0402100	22	0
PF3D7_0402300	8	0
PF3D7_0402400	25	0
PF3D7_0403200	24	0
PF3D7_0403400	2	0
PF3D7_0403600	17	0
PF3D7_0403700	1	0
PF3D7_0403800	1	0
PF3D7_0404100	4	0
PF3D7_0404300	25	0
PF3D7_0404600	11	0
PF3D7_0404700	25	0
PF3D7_0404900	25	0
PF3D7_0405000	1	0
PF3D7_0405100	24	0
PF3D7_0405200	25	0
PF3D7_0405400	25	0
PF3D7_0405500	1	0
PF3D7_0405600	23	0
PF3D7_0405700	19	0
PF3D7_0405800	25	0
PF3D7_0405900	25	0
PF3D7_0406000	23	0
PF3D7_0406100	25	0
PF3D7_0406200	25	0
PF3D7_0406400	25	0
PF3D7_0406500	23	0
PF3D7_0406700	16	0
PF3D7_0407200	1	0
PF3D7_0407300	14	0
PF3D7_0407400	5	0
PF3D7_0407700	8	0
PF3D7_0407800	25	0
PF3D7_0407900	3	0
PF3D7_0408000	19	0
PF3D7_0408100	25	0
PF3D7_0408300	21	0
PF3D7_0408500	25	0
PF3D7_0409100	23	0
PF3D7_0409200	4	0
PF3D7_0409300	9	0
PF3D7_0409400	21	0
PF3D7_0409600	25	0
PF3D7_0409800	21	0
PF3D7_0410000	7	0
PF3D7_0410300	25	0
PF3D7_0410400	25	0
PF3D7_0410600	24	0
PF3D7_0410800	23	0
PF3D7_0410900	24	0
PF3D7_0411100	25	0
PF3D7_0411300	23	0
PF3D7_0411400	2	0
PF3D7_0411800	6	0
PF3D7_0411900	25	0
PF3D7_0412000	25	0
PF3D7_0412200	25	1
PF3D7_0412300	16	0
PF3D7_0413600	24	0
PF3D7_0413700	25	1
PF3D7_0413900	23	0
PF3D7_0414000	10	0
PF3D7_0414200	8	0
PF3D7_0414600	23	0
PF3D7_0414900	10	0
PF3D7_0415000	24	0
PF3D7_0415200	22	0
PF3D7_0415300	17	0
PF3D7_0415400	16	0
PF3D7_0415500	25	0
PF3D7_0415600	24	0
PF3D7_0415900	16	1
PF3D7_0416000	16	0
PF3D7_0416100	1	0
PF3D7_0416200	25	0
PF3D7_0416300	9	2
PF3D7_0416400	25	0
PF3D7_0416500	25	0
PF3D7_0416600	4	0
PF3D7_0416800	25	0
PF3D7_0416900	5	0
PF3D7_0417200	25	0
PF3D7_0417300	19	0
PF3D7_0417400	1	0
PF3D7_0417500	25	0
PF3D7_0417600	4	0
PF3D7_0417700	15	0
PF3D7_0417800	5	0
PF3D7_0418100	23	0
PF3D7_0418200	14	0
PF3D7_0418300	20	0
PF3D7_0418400	14	0
PF3D7_0418500	25	0
PF3D7_0418600	16	0
PF3D7_0418700	24	0
PF3D7_0419400	25	0
PF3D7_0419500	17	0
PF3D7_0419600	25	0
PF3D7_0419700	17	0
PF3D7_0419800	19	0
PF3D7_0419900	5	0
PF3D7_0420000	22	0
PF3D7_0420100	18	0
PF3D7_0420300	19	0
PF3D7_0420400	23	0
PF3D7_0420600	23	0
PF3D7_0422100	25	0
PF3D7_0422200	5	0
PF3D7_0422300	3	0
PF3D7_0422400	25	0
PF3D7_0422500	25	0
PF3D7_0422700	12	0
PF3D7_0423000	10	0
PF3D7_0423100	6	0
PF3D7_0423200	22	0
PF3D7_0423300	1	0
PF3D7_0423400	25	0
PF3D7_0423500	22	0
PF3D7_0423600	16	0
PF3D7_0423700	25	0
PF3D7_0423800	25	1
PF3D7_0424000	4	1
PF3D7_0424100	6	0
PF3D7_0424200	22	0
PF3D7_0424500	3	0
PF3D7_0424600	24	0
PF3D7_0424700	8	0
PF3D7_0425500	2	0
PF3D7_0500800	25	0
PF3D7_0500900	7	0
PF3D7_0501000	25	0
PF3D7_0501100	23	0
PF3D7_0501200	25	0
PF3D7_0501300	25	0
PF3D7_0501400	21	0
PF3D7_0501500	24	0
PF3D7_0501600	25	0
PF3D7_0501800	25	0
PF3D7_0501900	2	0
PF3D7_0502000	5	0
PF3D7_0502100	24	0
PF3D7_0502400	22	0
PF3D7_0502600	19	1
PF3D7_0502800	11	0
PF3D7_0502900	25	0
PF3D7_0503000	8	0
PF3D7_0503100	4	0
PF3D7_0503200	25	0
PF3D7_0503300	25	0
PF3D7_0503400	25	0
PF3D7_0503500	6	0
PF3D7_0503600	2	0
PF3D7_0503800	25	0
PF3D7_0504000	25	0
PF3D7_0504100	8	0
PF3D7_0504400	11	0
PF3D7_0504600	25	0
PF3D7_0504800	20	0
PF3D7_0505000	3	0
PF3D7_0505100	23	0
PF3D7_0505200	16	0
PF3D7_0505500	25	0
PF3D7_0505600	15	0
PF3D7_0505700	22	0
PF3D7_0505800	25	0
PF3D7_0505900	25	0
PF3D7_0506100	25	0
PF3D7_0506200	2	0
PF3D7_0506500	19	0
PF3D7_0506700	15	0
PF3D7_0506800	22	0
PF3D7_0506900	25	0
PF3D7_0507100	25	0
PF3D7_0507200	5	0
PF3D7_0507300	1	0
PF3D7_0507500	25	0
PF3D7_0507600	25	0
PF3D7_0507700	25	0
PF3D7_0507800	25	0
PF3D7_0508000	25	0
PF3D7_0508100	13	1
PF3D7_0508300	2	0
PF3D7_0508500	4	0
PF3D7_0508600	8	0
PF3D7_0508700	21	0
PF3D7_0508800	25	0
PF3D7_0508900	21	0
PF3D7_0509000	20	0
PF3D7_0509100	25	0
PF3D7_0509300	25	0
PF3D7_0509400	20	0
PF3D7_0509500	16	0
PF3D7_0509600	17	0
PF3D7_0509800	25	0
PF3D7_0509900	18	0
PF3D7_0510000	14	0
PF3D7_0510100	25	0
PF3D7_0510200	25	0
PF3D7_0510400	24	0
PF3D7_0510500	14	0
PF3D7_0511000	25	0
PF3D7_0511200	11	0
PF3D7_0511300	23	0
PF3D7_0511500	25	0
PF3D7_0511600	17	0
PF3D7_0511700	25	0
PF3D7_0511800	25	0
PF3D7_0512000	25	0
PF3D7_0512200	25	0
PF3D7_0512300	24	0
PF3D7_0512600	25	0
PF3D7_0512700	25	0
PF3D7_0512900	25	0
PF3D7_0513100	15	0
PF3D7_0513200	6	0
PF3D7_0513300	25	3
PF3D7_0513600	25	0
PF3D7_0513800	25	0
PF3D7_0514100	16	0
PF3D7_0514200	16	1
PF3D7_0514600	25	0
PF3D7_0514800	11	0
PF3D7_0514900	4	0
PF3D7_0515000	25	0
PF3D7_0515300	20	0
PF3D7_0515400	5	0
PF3D7_0515700	25	0
PF3D7_0515800	25	0
PF3D7_0515900	1	0
PF3D7_0516000	21	0
PF3D7_0516200	25	0
PF3D7_0516300	21	3
PF3D7_0516400	25	0
PF3D7_0516600	5	0
PF3D7_0516700	25	0
PF3D7_0516800	21	0
PF3D7_0516900	25	0
PF3D7_0517000	25	0
PF3D7_0517300	25	0
PF3D7_0517400	25	0
PF3D7_0517700	25	0
PF3D7_0517900	1	0
PF3D7_0518000	1	0
PF3D7_0518100	11	0
PF3D7_0518200	25	0
PF3D7_0518300	25	0
PF3D7_0518500	24	0
PF3D7_0518600	15	0
PF3D7_0518700	21	0
PF3D7_0519100	13	0
PF3D7_0519200	3	0
PF3D7_0519400	25	0
PF3D7_0519500	20	0
PF3D7_0519600	17	0
PF3D7_0519700	25	0
PF3D7_0519800	25	0
PF3D7_0520000	25	2
PF3D7_0520100	14	0
PF3D7_0520200	25	0
PF3D7_0520300	25	0
PF3D7_0520400	8	0
PF3D7_0520500	25	0
PF3D7_0520600	25	0
PF3D7_0520700	5	0
PF3D7_0520800	25	0
PF3D7_0520900	25	1
PF3D7_0521000	22	0
PF3D7_0521200	1	0
PF3D7_0521300	2	0
PF3D7_0521400	25	0
PF3D7_0521500	13	0
PF3D7_0521700	15	0
PF3D7_0522000	2	0
PF3D7_0522100	21	0
PF3D7_0522200	1	0
PF3D7_0522300	25	0
PF3D7_0522400	4	0
PF3D7_0522700	25	0
PF3D7_0522800	24	0
PF3D7_0523000	14	0
PF3D7_0523100	23	0
PF3D7_0523400	15	0
PF3D7_0523600	7	0
PF3D7_0523800	22	0
PF3D7_0523900	3	0
PF3D7_0524000	25	1
PF3D7_0524100	1	0
PF3D7_0524300	25	0
PF3D7_0524400	24	0
PF3D7_0524500	21	1
PF3D7_0524600	25	0
PF3D7_0524700	1	0
PF3D7_0524800	16	0
PF3D7_0524900	13	0
PF3D7_0525000	7	0
PF3D7_0525100	25	2
PF3D7_0525200	10	0
PF3D7_0525400	25	1
PF3D7_0525500	3	0
PF3D7_0525800	25	0
PF3D7_0526200	25	0
PF3D7_0526500	19	0
PF3D7_0526700	23	0
PF3D7_0526800	23	0
PF3D7_0527000	25	0
PF3D7_0527100	25	0
PF3D7_0527200	25	1
PF3D7_0527300	21	0
PF3D7_0527500	25	1
PF3D7_0527600	25	0
PF3D7_0527900	19	1
PF3D7_0528000	25	0
PF3D7_0528100	25	0
PF3D7_0528200	25	1
PF3D7_0528400	1	0
PF3D7_0528600	1	0
PF3D7_0528700	25	0
PF3D7_0528800	11	0
PF3D7_0529300	12	0
PF3D7_0529400	25	0
PF3D7_0529500	22	0
PF3D7_0529800	24	0
PF3D7_0530000	25	0
PF3D7_0530100	9	0
PF3D7_0530200	4	0
PF3D7_0530300	10	2
PF3D7_0530400	1	0
PF3D7_0530600	25	0
PF3D7_0530700	12	0
PF3D7_0530900	17	0
PF3D7_0531100	9	1
PF3D7_0531300	6	0
PF3D7_0531400	6	0
PF3D7_0532100	25	0
PF3D7_0532200	1	0
PF3D7_0532300	25	0
PF3D7_0532400	25	0
PF3D7_0532500	1	0
PF3D7_0601600	2	0
PF3D7_0601900	25	0
PF3D7_0602000	2	0
PF3D7_0602100	25	0
PF3D7_0602200	25	0
PF3D7_0602400	19	0
PF3D7_0602500	25	0
PF3D7_0602600	25	0
PF3D7_0602800	1	0
PF3D7_0603000	10	0
PF3D7_0603100	21	0
PF3D7_0603300	3	0
PF3D7_0603400	23	0
PF3D7_0603500	7	0
PF3D7_0603800	2	0
PF3D7_0604000	19	0
PF3D7_0604100	24	0
PF3D7_0604300	8	0
PF3D7_0604500	25	0
PF3D7_0604700	18	0
PF3D7_0604900	3	0
PF3D7_0605100	25	0
PF3D7_0605800	11	0
PF3D7_0606000	25	0
PF3D7_0606100	25	0
PF3D7_0606200	8	0
PF3D7_0606500	21	0
PF3D7_0606600	25	0
PF3D7_0606700	25	0
PF3D7_0606800	9	0
PF3D7_0606900	25	0
PF3D7_0607000	25	0
PF3D7_0607200	6	0
PF3D7_0607600	24	0
PF3D7_0607700	17	0
PF3D7_0607900	5	0
PF3D7_0608000	25	0
PF3D7_0608100	19	0
PF3D7_0608400	22	0
PF3D7_0608500	25	0
PF3D7_0608700	25	0
PF3D7_0608800	25	0
PF3D7_0608900	2	0
PF3D7_0609000	17	0
PF3D7_0609300	8	0
PF3D7_0609700	21	0
PF3D7_0609900	1	0
PF3D7_0610100	20	0
PF3D7_0610200	25	0
PF3D7_0610400	25	1
PF3D7_0610500	25	0
PF3D7_0610600	3	0
PF3D7_0610700	25	0
PF3D7_0610800	25	0
PF3D7_0610900	25	0
PF3D7_0611400	20	0
PF3D7_0611600	25	0
PF3D7_0611700	9	0
PF3D7_0611800	25	0
PF3D7_0611900	25	0
PF3D7_0612100	20	0
PF3D7_0612200	22	0
PF3D7_0612600	16	0
PF3D7_0612700	25	0
PF3D7_0612900	21	0
PF3D7_0613100	19	0
PF3D7_0613300	24	0
PF3D7_0613400	5	0
PF3D7_0613500	21	0
PF3D7_0613600	23	0
PF3D7_0613700	23	0
PF3D7_0613800	25	0
PF3D7_0613900	25	0
PF3D7_0614200	1	0
PF3D7_0614300	25	0
PF3D7_0614400	22	0
PF3D7_0614500	25	0
PF3D7_0614800	13	0
PF3D7_0614900	10	0
PF3D7_0615000	22	0
PF3D7_0615400	25	0
PF3D7_0615600	21	0
PF3D7_0615700	14	0
PF3D7_0615800	17	0
PF3D7_0615900	16	0
PF3D7_0616000	5	0
PF3D7_0616100	7	0
PF3D7_0616200	9	0
PF3D7_0616300	19	0
PF3D7_0616600	19	0
PF3D7_0616800	23	0
PF3D7_0616900	21	0
PF3D7_0617000	17	1
PF3D7_0617200	25	0
PF3D7_0617300	23	0
PF3D7_0617800	25	0
PF3D7_0617900	25	0
PF3D7_0618000	25	0
PF3D7_0618100	17	0
PF3D7_0618200	25	0
PF3D7_0618300	25	0
PF3D7_0618500	25	0
PF3D7_0618700	25	0
PF3D7_0619000	25	0
PF3D7_0619100	1	0
PF3D7_0619200	25	0
PF3D7_0619300	12	0
PF3D7_0619400	25	0
PF3D7_0619500	23	0
PF3D7_0619700	11	0
PF3D7_0619900	14	0
PF3D7_0620400	25	0
PF3D7_0620500	20	0
PF3D7_0620700	4	0
PF3D7_0621100	24	0
PF3D7_0621200	25	0
PF3D7_0621300	19	0
PF3D7_0621700	7	0
PF3D7_0621800	25	0
PF3D7_0621900	23	0
PF3D7_0622100	3	0
PF3D7_0622200	21	0
PF3D7_0622400	23	0
PF3D7_0622500	18	0
PF3D7_0622800	25	0
PF3D7_0622900	1	0
PF3D7_0623000	25	0
PF3D7_0623100	25	0
PF3D7_0623200	12	0
PF3D7_0623300	6	0
PF3D7_0623500	25	0
PF3D7_0623600	21	0
PF3D7_0623900	25	0
PF3D7_0624000	25	3
PF3D7_0624200	15	0
PF3D7_0624600	25	0
PF3D7_0625200	13	0
PF3D7_0625400	25	0
PF3D7_0625600	5	0
PF3D7_0625700	16	0
PF3D7_0625800	7	0
PF3D7_0626000	9	0
PF3D7_0626200	24	0
PF3D7_0626400	19	0
PF3D7_0626700	25	0
PF3D7_0626800	25	0
PF3D7_0626900	15	0
PF3D7_0627100	25	0
PF3D7_0627200	11	0
PF3D7_0627300	24	0
PF3D7_0627500	25	0
PF3D7_0627700	25	0
PF3D7_0627800	24	0
PF3D7_0627900	9	0
PF3D7_0628000	25	0
PF3D7_0628100	12	0
PF3D7_0628200	25	0
PF3D7_0628300	3	0
PF3D7_0628600	8	0
PF3D7_0628900	7	0
PF3D7_0629000	25	0
PF3D7_0629100	25	0
PF3D7_0629200	23	0
PF3D7_0629300	14	0
PF3D7_0629400	25	0
PF3D7_0629500	25	0
PF3D7_0629700	22	0
PF3D7_0629800	6	0
PF3D7_0629900	25	0
PF3D7_0630300	16	0
PF3D7_0630400	3	0
PF3D7_0630500	25	0
PF3D7_0630600	25	0
PF3D7_0630900	14	0
PF3D7_0700800	2	0
PF3D7_0701600	1	0
PF3D7_0702300	25	0
PF3D7_0702400	25	0
PF3D7_0702500	25	0
PF3D7_0702900	25	0
PF3D7_0703000	17	0
PF3D7_0703100	10	0
PF3D7_0703200	16	0
PF3D7_0703500	25	0
PF3D7_0703600	17	0
PF3D7_0703700	25	0
PF3D7_0703800	4	0
PF3D7_0703900	5	0
PF3D7_0704000	5	0
PF3D7_0704100	22	0
PF3D7_0704200	25	0
PF3D7_0704300	25	0
PF3D7_0704400	25	0
PF3D7_0704500	1	0
PF3D7_0704600	25	0
PF3D7_0704700	1	0
PF3D7_0704800	12	0
PF3D7_0704900	3	0
PF3D7_0705000	22	0
PF3D7_0705100	6	0
PF3D7_0705300	19	0
PF3D7_0705400	24	0
PF3D7_0705500	25	0
PF3D7_0705700	25	0
PF3D7_0706000	25	0
PF3D7_0706200	24	0
PF3D7_0706300	4	0
PF3D7_0706400	25	1
PF3D7_0706500	25	0
PF3D7_0707200	25	0
PF3D7_0707300	25	0
PF3D7_0707400	25	0
PF3D7_0707600	19	0
PF3D7_0707700	25	0
PF3D7_0707800	22	0
PF3D7_0707900	2	0
PF3D7_0708000	1	0
PF3D7_0708100	22	0
PF3D7_0708200	1	0
PF3D7_0708300	25	0
PF3D7_0708400	25	2
PF3D7_0708500	22	0
PF3D7_0708700	21	0
PF3D7_0708800	25	0
PF3D7_0708900	1	0
PF3D7_0709000	3	0
PF3D7_0709100	3	0
PF3D7_0709200	22	0
PF3D7_0709300	7	0
PF3D7_0709400	17	0
PF3D7_0709500	25	1
PF3D7_0709600	1	0
PF3D7_0709700	18	0
PF3D7_0709900	1	0
PF3D7_0710000	7	0
PF3D7_0710200	22	0
PF3D7_0710400	17	0
PF3D7_0710500	3	0
PF3D7_0710600	25	0
PF3D7_0710700	6	0
PF3D7_0710800	12	0
PF3D7_0710900	13	0
PF3D7_0711000	14	0
PF3D7_0711100	8	0
PF3D7_0711300	25	0
PF3D7_0711400	18	0
PF3D7_0711500	25	0
PF3D7_0713600	2	0
PF3D7_0713700	4	0
PF3D7_0714000	25	0
PF3D7_0714200	24	0
PF3D7_0714300	1	0
PF3D7_0714400	2	0
PF3D7_0714500	25	0
PF3D7_0714600	4	0
PF3D7_0715000	25	0
PF3D7_0715200	24	0
PF3D7_0715300	1	0
PF3D7_0715500	16	0
PF3D7_0715600	15	0
PF3D7_0715900	22	0
PF3D7_0716000	17	0
PF3D7_0716100	24	0
PF3D7_0716200	24	0
PF3D7_0716300	25	0
PF3D7_0716400	25	0
PF3D7_0716800	25	0
PF3D7_0717100	9	0
PF3D7_0717200	25	0
PF3D7_0717300	20	0
PF3D7_0717400	25	0
PF3D7_0717500	25	0
PF3D7_0717600	18	0
PF3D7_0717700	25	0
PF3D7_0718100	14	0
PF3D7_0718300	3	0
PF3D7_0718500	25	0
PF3D7_0719000	25	0
PF3D7_0719300	21	0
PF3D7_0719600	24	1
PF3D7_0719700	24	0
PF3D7_0719800	11	0
PF3D7_0719900	20	0
PF3D7_0720000	25	0
PF3D7_0720100	21	0
PF3D7_0720200	25	0
PF3D7_0720400	25	0
PF3D7_0720700	14	0
PF3D7_0720800	25	0
PF3D7_0720900	25	1
PF3D7_0721000	14	0
PF3D7_0721100	25	0
PF3D7_0721200	4	0
PF3D7_0721300	16	0
PF3D7_0721400	25	1
PF3D7_0721600	25	0
PF3D7_0721800	25	0
PF3D7_0722000	2	0
PF3D7_0722200	25	0
PF3D7_0722400	25	3
PF3D7_0722500	25	0
PF3D7_0722600	19	0
PF3D7_0723000	25	0
PF3D7_0723300	25	0
PF3D7_0723400	24	0
PF3D7_0723600	25	0
PF3D7_0723700	19	0
PF3D7_0723800	25	0
PF3D7_0723900	25	0
PF3D7_0724100	24	0
PF3D7_0724200	24	0
PF3D7_0724400	1	0
PF3D7_0724600	21	0
PF3D7_0724700	4	0
PF3D7_0724800	25	0
PF3D7_0725000	23	0
PF3D7_0725200	25	0
PF3D7_0725300	11	0
PF3D7_0725400	17	0
PF3D7_0726300	20	0
PF3D7_0726400	11	0
PF3D7_0726500	25	0
PF3D7_0726600	17	0
PF3D7_0726900	8	3
PF3D7_0727000	1	0
PF3D7_0727100	7	0
PF3D7_0727200	5	0
PF3D7_0727400	25	0
PF3D7_0727500	2	0
PF3D7_0727700	1	0
PF3D7_0727800	9	0
PF3D7_0727900	7	0
PF3D7_0728000	25	0
PF3D7_0728300	9	0
PF3D7_0728600	17	0
PF3D7_0728800	15	0
PF3D7_0728900	24	0
PF3D7_0729000	24	0
PF3D7_0729100	25	0
PF3D7_0729200	25	0
PF3D7_0729300	25	0
PF3D7_0729400	22	0
PF3D7_0729500	25	0
PF3D7_0729600	3	0
PF3D7_0729900	2	0
PF3D7_0730100	7	0
PF3D7_0730200	4	0
PF3D7_0730300	6	0
PF3D7_0730400	19	0
PF3D7_0730500	19	0
PF3D7_0730800	25	0
PF3D7_0730900	25	0
PF3D7_0731100	25	0
PF3D7_0731200	1	0
PF3D7_0731300	22	1
PF3D7_0731500	25	0
PF3D7_0731600	25	0
PF3D7_0731800	1	0
PF3D7_0800500	1	0
PF3D7_0801000	25	0
PF3D7_0801500	11	0
PF3D7_0801700	21	0
PF3D7_0801800	25	0
PF3D7_0801900	19	0
PF3D7_0802000	25	0
PF3D7_0802100	21	0
PF3D7_0802200	25	3
PF3D7_0802400	5	0
PF3D7_0802600	17	0
PF3D7_0802800	25	0
PF3D7_0803000	19	0
PF3D7_0803100	25	0
PF3D7_0803200	19	0
PF3D7_0803400	20	0
PF3D7_0803500	6	0
PF3D7_0803600	8	0
PF3D7_0803700	15	0
PF3D7_0803800	25	0
PF3D7_0804000	15	0
PF3D7_0804300	2	0
PF3D7_0804500	24	0
PF3D7_0804600	25	0
PF3D7_0804800	24	0
PF3D7_0804900	25	0
PF3D7_0805300	1	0
PF3D7_0805400	2	0
PF3D7_0805600	6	0
PF3D7_0805700	25	0
PF3D7_0806300	4	0
PF3D7_0806500	25	0
PF3D7_0806800	16	0
PF3D7_0806900	2	0
PF3D7_0807000	24	0
PF3D7_0807100	6	0
PF3D7_0807300	25	0
PF3D7_0807500	25	0
PF3D7_0807600	25	0
PF3D7_0807800	25	0
PF3D7_0807900	25	0
PF3D7_0808000	1	0
PF3D7_0808100	19	0
PF3D7_0808200	25	0
PF3D7_0808300	25	0
PF3D7_0808400	25	1
PF3D7_0809500	1	0
PF3D7_0809600	9	0
PF3D7_0809900	4	0
PF3D7_0810000	25	0
PF3D7_0810200	3	0
PF3D7_0810300	25	0
PF3D7_0810400	2	0
PF3D7_0810500	25	0
PF3D7_0810600	24	0
PF3D7_0810800	25	0
PF3D7_0810900	1	0
PF3D7_0811000	23	0
PF3D7_0811300	25	0
PF3D7_0811400	25	1
PF3D7_0811500	25	0
PF3D7_0811600	24	0
PF3D7_0811900	7	0
PF3D7_0812100	24	0
PF3D7_0812400	25	0
PF3D7_0812500	25	0
PF3D7_0812600	25	0
PF3D7_0812700	25	0
PF3D7_0812800	24	0
PF3D7_0813000	18	0
PF3D7_0813100	25	0
PF3D7_0813200	25	0
PF3D7_0813300	25	0
PF3D7_0813400	25	0
PF3D7_0813500	25	0
PF3D7_0813600	25	0
PF3D7_0813900	25	0
PF3D7_0814000	25	0
PF3D7_0814100	1	0
PF3D7_0814200	25	0
PF3D7_0814300	6	0
PF3D7_0814400	9	0
PF3D7_0814500	1	0
PF3D7_0814900	25	0
PF3D7_0815200	25	0
PF3D7_0815500	25	0
PF3D7_0815600	25	0
PF3D7_0815700	2	0
PF3D7_0815800	25	0
PF3D7_0815900	3	0
PF3D7_0816000	22	1
PF3D7_0816100	25	0
PF3D7_0816200	25	0
PF3D7_0816400	25	0
PF3D7_0816600	23	0
PF3D7_0816700	21	0
PF3D7_0817300	25	0
PF3D7_0817500	25	0
PF3D7_0817600	15	0
PF3D7_0817700	10	0
PF3D7_0817900	25	0
PF3D7_0818000	20	0
PF3D7_0818100	2	0
PF3D7_0818200	25	1
PF3D7_0818400	2	0
PF3D7_0818500	25	0
PF3D7_0818700	23	0
PF3D7_0818800	8	0
PF3D7_0818900	25	1
PF3D7_0819000	20	0
PF3D7_0819500	22	0
PF3D7_0819600	25	0
PF3D7_0819700	9	0
PF3D7_0819800	1	0
PF3D7_0819900	25	0
PF3D7_0820000	18	0
PF3D7_0820200	5	0
PF3D7_0820300	1	0
PF3D7_0820500	24	0
PF3D7_0820700	8	0
PF3D7_0820900	2	0
PF3D7_0821000	11	1
PF3D7_0821100	22	0
PF3D7_0821200	25	0
PF3D7_0821300	3	0
PF3D7_0821400	25	0
PF3D7_0821500	14	0
PF3D7_0821600	19	0
PF3D7_0821700	25	1
PF3D7_0821800	4	0
PF3D7_0822100	19	0
PF3D7_0822300	25	0
PF3D7_0822600	25	0
PF3D7_0822800	8	0
PF3D7_0822900	25	0
PF3D7_0823000	17	0
PF3D7_0823100	25	1
PF3D7_0823200	25	0
PF3D7_0823300	25	0
PF3D7_0823800	17	0
PF3D7_0823900	2	0
PF3D7_0824200	24	0
PF3D7_0824400	25	0
PF3D7_0824600	25	0
PF3D7_0824800	21	0
PF3D7_0824900	13	0
PF3D7_0825000	24	0
PF3D7_0825200	1	0
PF3D7_0825500	25	0
PF3D7_0826000	8	0
PF3D7_0826100	25	0
PF3D7_0826200	1	0
PF3D7_0826300	25	0
PF3D7_0826500	25	0
PF3D7_0826700	25	0
PF3D7_0826900	13	0
PF3D7_0827000	6	0
PF3D7_0827300	11	0
PF3D7_0827800	18	0
PF3D7_0827900	25	0
PF3D7_0828300	24	0
PF3D7_0828500	25	0
PF3D7_0828600	2	0
PF3D7_0828800	25	0
PF3D7_0828900	25	1
PF3D7_0829000	10	0
PF3D7_0829100	25	0
PF3D7_0829200	23	1
PF3D7_0829300	25	0
PF3D7_0829400	24	0
PF3D7_0830300	14	0
PF3D7_0830400	22	1
PF3D7_0830500	25	0
PF3D7_0830700	3	0
PF3D7_0830900	1	0
PF3D7_0831400	20	0
PF3D7_0831600	10	0
PF3D7_0831700	25	0
PF3D7_0901700	6	0
PF3D7_0901800	18	0
PF3D7_0902200	10	0
PF3D7_0902800	25	0
PF3D7_0903100	3	0
PF3D7_0903200	25	0
PF3D7_0903300	17	0
PF3D7_0903400	24	0
PF3D7_0903500	25	0
PF3D7_0903600	25	1
PF3D7_0903700	25	0
PF3D7_0903900	25	0
PF3D7_0904000	25	0
PF3D7_0904100	25	0
PF3D7_0904500	25	0
PF3D7_0904600	25	0
PF3D7_0904700	25	0
PF3D7_0904800	25	1
PF3D7_0904900	25	0
PF3D7_0905000	1	0
PF3D7_0905100	24	0
PF3D7_0905200	4	0
PF3D7_0905300	7	0
PF3D7_0905400	25	0
PF3D7_0905700	15	0
PF3D7_0905800	25	0
PF3D7_0905900	25	0
PF3D7_0906000	1	0
PF3D7_0906100	25	0
PF3D7_0906300	25	0
PF3D7_0906500	25	0
PF3D7_0906600	25	0
PF3D7_0906700	17	0
PF3D7_0906890	18	0
PF3D7_0906910	24	0
PF3D7_0907000	25	0
PF3D7_0907200	21	0
PF3D7_0907300	25	0
PF3D7_0907400	25	0
PF3D7_0907600	25	0
PF3D7_0907700	25	0
PF3D7_0907900	9	0
PF3D7_0908000	5	0
PF3D7_0908400	5	0
PF3D7_0908600	22	0
PF3D7_0908700	20	0
PF3D7_0908800	20	0
PF3D7_0909300	25	0
PF3D7_0909400	25	0
PF3D7_0909500	3	0
PF3D7_0909600	22	1
PF3D7_0909700	20	0
PF3D7_0909800	25	0
PF3D7_0909900	22	0
PF3D7_0910100	25	0
PF3D7_0910200	22	0
PF3D7_0910400	5	0
PF3D7_0910500	1	0
PF3D7_0910600	25	0
PF3D7_0910800	17	0
PF3D7_0910900	7	0
PF3D7_0911100	5	0
PF3D7_0911200	20	0
PF3D7_0911400	6	0
PF3D7_0911900	25	0
PF3D7_0912000	11	0
PF3D7_0912100	20	0
PF3D7_0912400	4	0
PF3D7_0912500	25	0
PF3D7_0912800	25	0
PF3D7_0912900	24	0
PF3D7_0913000	17	0
PF3D7_0913200	25	0
PF3D7_0913300	25	0
PF3D7_0913400	25	0
PF3D7_0913600	19	0
PF3D7_0913700	2	0
PF3D7_0913800	13	1
PF3D7_0914000	25	0
PF3D7_0914200	3	0
PF3D7_0914300	22	0
PF3D7_0914400	25	0
PF3D7_0914500	24	0
PF3D7_0914600	19	0
PF3D7_0914700	25	1
PF3D7_0914800	4	0
PF3D7_0914900	25	0
PF3D7_0915100	25	1
PF3D7_0915200	24	0
PF3D7_0915400	25	0
PF3D7_0915600	25	0
PF3D7_0915900	17	1
PF3D7_0916000	13	0
PF3D7_0916200	2	0
PF3D7_0916400	4	0
PF3D7_0916600	25	0
PF3D7_0916700	25	0
PF3D7_0916800	10	0
PF3D7_0916900	16	0
PF3D7_0917000	21	0
PF3D7_0917500	15	0
PF3D7_0917600	25	0
PF3D7_0917700	13	0
PF3D7_0917900	24	0
PF3D7_0918000	25	0
PF3D7_0918100	21	0
PF3D7_0918300	23	0
PF3D7_0918600	16	0
PF3D7_0918700	17	0
PF3D7_0918800	25	0
PF3D7_0918900	25	0
PF3D7_0919000	25	0
PF3D7_0919100	19	0
PF3D7_0919300	3	0
PF3D7_0919400	25	1
PF3D7_0919700	25	0
PF3D7_0919800	25	0
PF3D7_0919900	25	0
PF3D7_0920100	24	0
PF3D7_0920400	6	0
PF3D7_0920700	24	0
PF3D7_0920800	24	2
PF3D7_0920900	24	0
PF3D7_0921000	25	0
PF3D7_0921400	22	0
PF3D7_0921600	17	1
PF3D7_0921700	12	0
PF3D7_0921800	2	0
PF3D7_0921900	25	0
PF3D7_0922100	24	0
PF3D7_0922200	25	0
PF3D7_0922400	22	0
PF3D7_0922500	25	1
PF3D7_0922600	25	0
PF3D7_0922700	25	0
PF3D7_0922800	4	0
PF3D7_0923000	25	0
PF3D7_0923400	20	0
PF3D7_0923800	25	0
PF3D7_0923900	25	0
PF3D7_0924000	3	0
PF3D7_0924100	17	0
PF3D7_0924300	24	0
PF3D7_0924400	23	0
PF3D7_0924500	1	0
PF3D7_0924600	20	0
PF3D7_0924700	15	0
PF3D7_0925400	23	0
PF3D7_0925500	25	0
PF3D7_0925700	11	0
PF3D7_0925800	20	0
PF3D7_0925900	25	0
PF3D7_0926100	24	0
PF3D7_0926200	13	0
PF3D7_0926400	24	0
PF3D7_0926500	2	0
PF3D7_0926700	25	0
PF3D7_0926800	17	0
PF3D7_0926900	20	0
PF3D7_0927000	25	1
PF3D7_0927300	25	0
PF3D7_0927600	25	0
PF3D7_0927700	6	0
PF3D7_0927900	12	0
PF3D7_0928000	12	0
PF3D7_0928100	1	0
PF3D7_0928200	4	0
PF3D7_0928300	11	0
PF3D7_0928600	1	0
PF3D7_0928900	22	0
PF3D7_0929000	18	0
PF3D7_0929200	25	0
PF3D7_0929400	25	0
PF3D7_0929500	6	0
PF3D7_0929600	1	0
PF3D7_0929700	24	0
PF3D7_0930100	2	0
PF3D7_0930300	25	0
PF3D7_0930400	24	0
PF3D7_0930500	11	0
PF3D7_0930600	19	0
PF3D7_0930800	1	0
PF3D7_0930900	21	0
PF3D7_0931000	25	0
PF3D7_0931100	24	0
PF3D7_0931300	4	0
PF3D7_0931400	25	0
PF3D7_0931800	25	0
PF3D7_0932100	14	0
PF3D7_0932200	25	1
PF3D7_0932300	25	0
PF3D7_0932800	25	1
PF3D7_0933000	25	0
PF3D7_0933200	25	0
PF3D7_0933500	17	0
PF3D7_0933600	25	0
PF3D7_0933700	7	0
PF3D7_0933900	21	0
PF3D7_0934100	12	0
PF3D7_0934300	23	0
PF3D7_0934500	25	0
PF3D7_0934700	10	0
PF3D7_0934800	25	0
PF3D7_0935000	24	0
PF3D7_0935200	19	0
PF3D7_0935400	2	0
PF3D7_0935500	16	0
PF3D7_0935700	1	0
PF3D7_0935800	25	0
PF3D7_0935900	25	0
PF3D7_0936000	19	0
PF3D7_0936300	22	0
PF3D7_0936600	20	0
PF3D7_0936800	25	0
PF3D7_1000200	2	0
PF3D7_1001000	17	0
PF3D7_1001100	4	0
PF3D7_1001200	25	0
PF3D7_1001300	19	0
PF3D7_1001400	11	0
PF3D7_1001500	25	1
PF3D7_1001600	25	0
PF3D7_1001700	20	1
PF3D7_1001800	23	0
PF3D7_1001900	21	0
PF3D7_1002000	19	0
PF3D7_1002100	25	0
PF3D7_1002200	22	0
PF3D7_1002400	25	0
PF3D7_1002600	3	0
PF3D7_1002700	25	0
PF3D7_1002800	2	0
PF3D7_1002900	25	0
PF3D7_1003000	3	0
PF3D7_1003100	3	0
PF3D7_1003300	25	0
PF3D7_1003400	9	0
PF3D7_1003500	25	0
PF3D7_1003600	25	0
PF3D7_1003700	10	0
PF3D7_1003800	25	0
PF3D7_1004000	25	0
PF3D7_1004200	13	0
PF3D7_1004300	25	0
PF3D7_1004400	25	0
PF3D7_1004500	18	0
PF3D7_1005000	5	0
PF3D7_1005100	6	0
PF3D7_1005500	22	0
PF3D7_1005600	21	0
PF3D7_1005700	2	0
PF3D7_1006200	25	0
PF3D7_1006500	3	0
PF3D7_1006600	25	0
PF3D7_1006700	25	0
PF3D7_1006800	25	0
PF3D7_1006900	18	0
PF3D7_1007200	22	0
PF3D7_1007400	25	1
PF3D7_1007700	25	0
PF3D7_1007800	2	2
PF3D7_1007900	25	0
PF3D7_1008000	22	0
PF3D7_1008100	25	0
PF3D7_1008400	25	0
PF3D7_1008500	17	0
PF3D7_1008700	25	0
PF3D7_1008800	20	0
PF3D7_1008900	25	0
PF3D7_1009000	25	3
PF3D7_1009200	2	0
PF3D7_1009400	25	0
PF3D7_1009500	19	0
PF3D7_1009600	4	0
PF3D7_1009700	1	0
PF3D7_1009900	3	0
PF3D7_1010100	25	0
PF3D7_1010200	22	0
PF3D7_1010300	5	0
PF3D7_1010600	25	0
PF3D7_1010700	25	0
PF3D7_1010900	19	0
PF3D7_1011000	20	0
PF3D7_1011100	8	0
PF3D7_1011400	25	0
PF3D7_1011700	25	0
PF3D7_1011800	25	0
PF3D7_1012000	17	0
PF3D7_1012200	25	0
PF3D7_1012400	25	0
PF3D7_1012500	25	0
PF3D7_1012600	25	3
PF3D7_1012700	25	0
PF3D7_1013100	18	0
PF3D7_1013200	22	0
PF3D7_1013500	12	0
PF3D7_1013600	14	0
PF3D7_1013800	9	0
PF3D7_1013900	20	0
PF3D7_1014000	6	0
PF3D7_1014100	22	0
PF3D7_1014300	20	0
PF3D7_1014400	25	0
PF3D7_1014600	25	0
PF3D7_1014700	18	0
PF3D7_1014900	25	0
PF3D7_1015000	25	0
PF3D7_1015100	23	0
PF3D7_1015200	25	0
PF3D7_1015300	25	0
PF3D7_1015400	20	0
PF3D7_1015600	25	0
PF3D7_1015700	25	0
PF3D7_1015800	25	0
PF3D7_1015900	25	0
PF3D7_1016200	13	0
PF3D7_1016300	25	0
PF3D7_1016400	18	0
PF3D7_1016500	1	0
PF3D7_1016700	14	0
PF3D7_1016900	22	0
PF3D7_1017000	24	0
PF3D7_1017100	25	0
PF3D7_1017300	25	0
PF3D7_1017400	25	0
PF3D7_1017500	25	1
PF3D7_1017600	18	0
PF3D7_1017900	25	1
PF3D7_1018000	2	0
PF3D7_1018200	25	0
PF3D7_1018300	13	0
PF3D7_1018500	25	0
PF3D7_1018600	17	0
PF3D7_1019000	25	0
PF3D7_1019100	1	0
PF3D7_1019300	1	0
PF3D7_1019400	24	1
PF3D7_1019600	18	0
PF3D7_1019700	24	0
PF3D7_1019900	3	0
PF3D7_1020000	20	0
PF3D7_1020200	3	0
PF3D7_1020300	1	0
PF3D7_1020700	19	0
PF3D7_1020900	25	0
PF3D7_1021100	23	0
PF3D7_1021200	19	0
PF3D7_1021500	18	0
PF3D7_1021600	25	0
PF3D7_1021700	12	0
PF3D7_1021800	25	0
PF3D7_1021900	25	0
PF3D7_1022000	21	0
PF3D7_1022100	7	0
PF3D7_1022400	25	0
PF3D7_1022500	21	1
PF3D7_1022600	25	0
PF3D7_1022700	1	0
PF3D7_1022800	21	0
PF3D7_1023200	25	0
PF3D7_1023400	4	0
PF3D7_1023800	8	0
PF3D7_1023900	25	0
PF3D7_1024200	25	0
PF3D7_1024700	13	0
PF3D7_1024800	25	0
PF3D7_1025000	24	0
PF3D7_1025100	3	0
PF3D7_1025200	4	0
PF3D7_1025300	21	0
PF3D7_1025400	1	0
PF3D7_1025600	25	0
PF3D7_1025700	3	0
PF3D7_1025900	20	0
PF3D7_1026000	25	0
PF3D7_1026600	22	0
PF3D7_1026800	25	0
PF3D7_1026900	5	0
PF3D7_1027000	1	0
PF3D7_1027100	18	0
PF3D7_1027300	25	0
PF3D7_1027400	25	0
PF3D7_1027700	25	0
PF3D7_1027800	25	0
PF3D7_1028000	23	0
PF3D7_1028300	12	0
PF3D7_1028400	25	0
PF3D7_1028500	19	0
PF3D7_1028600	25	0
PF3D7_1028700	25	0
PF3D7_1029200	23	0
PF3D7_1029400	19	0
PF3D7_1029600	25	0
PF3D7_1029900	12	0
PF3D7_1030000	25	0
PF3D7_1030100	24	0
PF3D7_1030300	3	0
PF3D7_1030500	23	0
PF3D7_1030600	25	0
PF3D7_1030700	22	0
PF3D7_1030800	5	0
PF3D7_1031200	4	0
PF3D7_1031300	20	0
PF3D7_1031400	11	0
PF3D7_1031500	22	0
PF3D7_1031600	25	0
PF3D7_1031700	25	0
PF3D7_1031800	24	0
PF3D7_1032000	16	0
PF3D7_1032100	25	0
PF3D7_1032700	24	0
PF3D7_1032800	25	0
PF3D7_1032900	25	0
PF3D7_1033100	25	0
PF3D7_1033200	25	0
PF3D7_1033300	20	0
PF3D7_1033400	25	0
PF3D7_1033500	25	0
PF3D7_1033600	24	0
PF3D7_1033700	25	0
PF3D7_1033900	25	0
PF3D7_1034000	25	0
PF3D7_1034400	16	0
PF3D7_1034500	20	0
PF3D7_1034700	4	0
PF3D7_1034900	25	1
PF3D7_1035000	23	0
PF3D7_1035100	22	0
PF3D7_1035200	25	0
PF3D7_1035300	25	0
PF3D7_1035400	25	0
PF3D7_1035500	25	0
PF3D7_1035600	17	0
PF3D7_1035700	25	0
PF3D7_1035900	25	0
PF3D7_1036000	17	0
PF3D7_1036700	23	0
PF3D7_1036900	25	0
PF3D7_1037000	7	0
PF3D7_1037100	25	0
PF3D7_1037300	15	1
PF3D7_1037500	8	0
PF3D7_1037600	1	0
PF3D7_1037700	25	0
PF3D7_1038000	15	1
PF3D7_1038100	25	0
PF3D7_1039000	11	0
PF3D7_1040200	4	0
PF3D7_1041300	1	0
PF3D7_1100800	3	0
PF3D7_1102400	22	0
PF3D7_1102500	20	0
PF3D7_1102800	25	0
PF3D7_1102900	1	0
PF3D7_1103100	25	0
PF3D7_1103400	20	0
PF3D7_1103600	17	0
PF3D7_1103700	24	0
PF3D7_1103800	25	0
PF3D7_1104000	25	0
PF3D7_1104100	24	0
PF3D7_1104200	25	0
PF3D7_1104300	18	0
PF3D7_1104400	24	1
PF3D7_1104700	25	0
PF3D7_1104900	2	0
PF3D7_1105000	25	0
PF3D7_1105100	25	0
PF3D7_1105300	1	0
PF3D7_1105400	24	2
PF3D7_1105500	10	0
PF3D7_1105600	21	0
PF3D7_1105700	25	0
PF3D7_1105800	25	0
PF3D7_1106000	21	0
PF3D7_1106300	1	0
PF3D7_1106500	15	0
PF3D7_1106700	13	0
PF3D7_1106800	3	0
PF3D7_1107000	25	0
PF3D7_1107100	25	0
PF3D7_1107200	25	0
PF3D7_1107300	25	0
PF3D7_1107400	25	0
PF3D7_1107500	25	0
PF3D7_1107700	21	0
PF3D7_1107800	25	0
PF3D7_1108000	25	0
PF3D7_1108200	25	0
PF3D7_1108300	19	0
PF3D7_1108400	25	0
PF3D7_1108500	12	0
PF3D7_1108600	25	0
PF3D7_1108700	25	0
PF3D7_1108900	25	1
PF3D7_1109400	22	0
PF3D7_1109900	25	1
PF3D7_1110100	3	0
PF3D7_1110200	24	0
PF3D7_1110300	14	0
PF3D7_1110400	25	0
PF3D7_1110500	25	0
PF3D7_1110600	6	0
PF3D7_1110700	23	0
PF3D7_1110900	9	0
PF3D7_1111100	2	0
PF3D7_1111200	15	1
PF3D7_1111300	9	0
PF3D7_1111500	24	0
PF3D7_1111600	2	0
PF3D7_1111700	4	0
PF3D7_1111800	6	0
PF3D7_1111900	25	0
PF3D7_1112100	16	0
PF3D7_1112400	25	1
PF3D7_1112500	22	0
PF3D7_1112600	1	0
PF3D7_1113000	1	0
PF3D7_1113100	1	0
PF3D7_1113400	25	0
PF3D7_1113600	5	0
PF3D7_1113700	25	0
PF3D7_1113800	11	0
PF3D7_1114200	6	0
PF3D7_1114600	1	0
PF3D7_1114700	25	0
PF3D7_1114900	2	0
PF3D7_1115200	25	0
PF3D7_1115300	8	0
PF3D7_1115400	25	0
PF3D7_1115600	25	0
PF3D7_1115700	21	0
PF3D7_1115800	25	0
PF3D7_1116000	25	0
PF3D7_1116100	22	0
PF3D7_1116200	24	0
PF3D7_1116300	21	0
PF3D7_1116500	14	2
PF3D7_1116700	25	0
PF3D7_1116800	20	0
PF3D7_1116900	11	0
PF3D7_1117000	2	0
PF3D7_1117100	25	1
PF3D7_1117300	1	0
PF3D7_1117400	18	0
PF3D7_1117600	18	0
PF3D7_1117700	25	0
PF3D7_1117800	19	0
PF3D7_1117900	24	0
PF3D7_1118000	25	1
PF3D7_1118100	21	0
PF3D7_1118200	25	0
PF3D7_1118300	25	0
PF3D7_1118400	25	0
PF3D7_1118500	24	0
PF3D7_1118600	21	0
PF3D7_1118700	14	0
PF3D7_1119000	25	0
PF3D7_1119100	20	0
PF3D7_1119200	5	0
PF3D7_1119400	11	0
PF3D7_1119500	5	0
PF3D7_1119600	14	0
PF3D7_1119700	1	0
PF3D7_1119800	25	0
PF3D7_1119900	25	0
PF3D7_1120000	25	0
PF3D7_1120100	25	0
PF3D7_1120400	1	0
PF3D7_1120500	25	0
PF3D7_1120600	1	0
PF3D7_1121000	1	0
PF3D7_1121100	25	0
PF3D7_1121300	10	0
PF3D7_1121600	25	0
PF3D7_1121700	21	0
PF3D7_1121900	20	0
PF3D7_1122200	4	0
PF3D7_1122400	24	0
PF3D7_1122500	23	0
PF3D7_1122700	6	0
PF3D7_1122800	1	0
PF3D7_1123000	15	0
PF3D7_1123100	25	0
PF3D7_1123200	23	0
PF3D7_1123300	19	0
PF3D7_1123400	25	0
PF3D7_1123500	22	0
PF3D7_1123600	17	0
PF3D7_1123700	23	0
PF3D7_1123800	8	0
PF3D7_1123900	25	0
PF3D7_1124100	20	0
PF3D7_1124200	24	0
PF3D7_1124300	25	0
PF3D7_1124400	24	0
PF3D7_1124500	1	0
PF3D7_1124600	25	3
PF3D7_1124700	25	0
PF3D7_1124800	25	0
PF3D7_1124900	25	1
PF3D7_1125500	25	0
PF3D7_1125800	25	0
PF3D7_1125900	25	0
PF3D7_1126000	25	0
PF3D7_1126100	22	0
PF3D7_1126200	25	0
PF3D7_1126300	18	0
PF3D7_1126400	14	0
PF3D7_1126500	16	0
PF3D7_1126700	4	0
PF3D7_1126900	25	0
PF3D7_1127000	19	0
PF3D7_1127100	25	0
PF3D7_1127300	25	1
PF3D7_1127600	25	0
PF3D7_1127800	23	0
PF3D7_1127900	3	0
PF3D7_1128000	24	0
PF3D7_1128100	25	0
PF3D7_1128200	25	0
PF3D7_1128400	25	0
PF3D7_1128500	3	0
PF3D7_1128900	9	0
PF3D7_1129000	21	0
PF3D7_1129100	25	0
PF3D7_1129200	24	1
PF3D7_1129400	25	0
PF3D7_1129500	6	0
PF3D7_1129800	24	0
PF3D7_1129900	22	0
PF3D7_1130000	20	0
PF3D7_1130100	25	0
PF3D7_1130200	25	0
PF3D7_1130400	25	0
PF3D7_1130500	6	0
PF3D7_1130600	25	1
PF3D7_1130700	23	0
PF3D7_1130900	24	0
PF3D7_1131000	24	0
PF3D7_1131800	22	2
PF3D7_1132000	25	0
PF3D7_1132100	6	0
PF3D7_1132200	25	1
PF3D7_1132300	25	1
PF3D7_1132400	12	0
PF3D7_1132600	8	0
PF3D7_1132800	17	0
PF3D7_1132900	25	0
PF3D7_1133100	15	0
PF3D7_1133200	25	0
PF3D7_1133400	25	0
PF3D7_1133700	1	0
PF3D7_1133800	24	0
PF3D7_1133900	21	0
PF3D7_1134000	25	0
PF3D7_1134100	25	0
PF3D7_1134200	17	0
PF3D7_1134300	20	0
PF3D7_1134500	3	0
PF3D7_1134600	13	0
PF3D7_1134800	25	0
PF3D7_1135100	21	0
PF3D7_1135400	25	0
PF3D7_1135700	2	0
PF3D7_1136000	21	0
PF3D7_1136200	20	0
PF3D7_1136300	25	0
PF3D7_1136400	25	0
PF3D7_1136500	25	0
PF3D7_1136600	24	0
PF3D7_1136700	6	0
PF3D7_1136800	25	0
PF3D7_1136900	24	0
PF3D7_1137200	1	0
PF3D7_1137300	17	1
PF3D7_1137400	4	0
PF3D7_1138000	23	0
PF3D7_1138100	25	0
PF3D7_1138400	7	0
PF3D7_1138500	25	0
PF3D7_1138600	25	0
PF3D7_1138700	18	0
PF3D7_1138800	24	0
PF3D7_1139100	20	0
PF3D7_1139300	20	0
PF3D7_1139700	1	0
PF3D7_1139900	6	0
PF3D7_1140100	25	0
PF3D7_1140200	25	0
PF3D7_1140400	25	0
PF3D7_1140700	19	0
PF3D7_1140800	15	0
PF3D7_1141100	12	0
PF3D7_1141300	25	0
PF3D7_1141700	25	0
PF3D7_1141800	6	0
PF3D7_1142100	25	0
PF3D7_1142300	10	0
PF3D7_1142400	20	0
PF3D7_1142500	25	0
PF3D7_1142600	25	0
PF3D7_1142700	24	0
PF3D7_1143000	25	0
PF3D7_1143100	21	0
PF3D7_1143300	23	0
PF3D7_1143400	25	0
PF3D7_1143900	6	0
PF3D7_1144000	25	1
PF3D7_1144500	25	1
PF3D7_1144600	25	0
PF3D7_1144900	25	0
PF3D7_1145100	23	0
PF3D7_1145200	19	0
PF3D7_1145300	21	0
PF3D7_1145400	25	0
PF3D7_1145800	3	0
PF3D7_1146000	25	0
PF3D7_1146200	3	0
PF3D7_1146600	25	0
PF3D7_1147300	25	0
PF3D7_1147500	24	0
PF3D7_1148000	15	0
PF3D7_1148700	19	0
PF3D7_1148900	7	0
PF3D7_1149000	25	0
PF3D7_1149100	25	0
PF3D7_1149200	25	2
PF3D7_1149400	6	0
PF3D7_1149600	1	0
PF3D7_1200700	25	0
PF3D7_1201000	25	1
PF3D7_1201500	25	0
PF3D7_1201800	17	0
PF3D7_1201900	18	0
PF3D7_1202100	25	0
PF3D7_1202300	9	0
PF3D7_1202600	25	0
PF3D7_1202900	25	0
PF3D7_1203000	16	0
PF3D7_1203100	12	0
PF3D7_1203200	24	0
PF3D7_1203300	16	0
PF3D7_1203400	19	0
PF3D7_1203500	25	0
PF3D7_1203700	25	0
PF3D7_1203900	25	0
PF3D7_1204100	15	0
PF3D7_1204300	25	0
PF3D7_1204600	2	0
PF3D7_1205100	25	0
PF3D7_1205400	8	0
PF3D7_1205500	22	0
PF3D7_1205600	25	1
PF3D7_1205700	25	0
PF3D7_1205800	25	0
PF3D7_1205900	25	0
PF3D7_1206000	13	0
PF3D7_1206200	25	0
PF3D7_1206400	17	0
PF3D7_1206600	22	0
PF3D7_1206700	25	0
PF3D7_1206800	23	0
PF3D7_1207000	25	0
PF3D7_1207100	23	0
PF3D7_1207400	1	0
PF3D7_1207600	18	0
PF3D7_1208200	1	0
PF3D7_1208300	25	0
PF3D7_1208400	9	0
PF3D7_1208600	25	0
PF3D7_1208800	12	0
PF3D7_1208900	25	0
PF3D7_1209000	25	0
PF3D7_1209200	25	0
PF3D7_1209300	23	0
PF3D7_1209400	25	0
PF3D7_1209500	3	0
PF3D7_1210100	22	0
PF3D7_1210300	25	0
PF3D7_1210600	25	0
PF3D7_1211200	17	0
PF3D7_1211300	12	0
PF3D7_1211400	25	0
PF3D7_1211500	14	0
PF3D7_1211600	22	0
PF3D7_1211700	25	0
PF3D7_1211900	25	0
PF3D7_1212000	25	0
PF3D7_1212200	1	0
PF3D7_1212400	25	0
PF3D7_1212700	25	0
PF3D7_1212800	3	0
PF3D7_1212900	24	0
PF3D7_1213200	25	0
PF3D7_1213600	25	0
PF3D7_1213700	25	0
PF3D7_1213800	25	0
PF3D7_1213900	25	0
PF3D7_1214600	13	0
PF3D7_1214900	8	0
PF3D7_1215000	19	0
PF3D7_1215100	1	0
PF3D7_1215300	25	0
PF3D7_1215400	24	0
PF3D7_1215600	7	0
PF3D7_1215900	19	0
PF3D7_1216200	25	0
PF3D7_1216300	18	0
PF3D7_1216400	20	0
PF3D7_1216500	25	0
PF3D7_1216900	25	0
PF3D7_1217200	15	0
PF3D7_1217300	3	0
PF3D7_1217700	17	0
PF3D7_1217800	13	0
PF3D7_1217900	25	0
PF3D7_1218200	12	0
PF3D7_1218400	16	0
PF3D7_1218500	13	0
PF3D7_1218600	25	3
PF3D7_1218900	25	1
PF3D7_1219000	25	0
PF3D7_1219100	22	0
PF3D7_1219600	14	0
PF3D7_1219900	25	0
PF3D7_1220100	21	0
PF3D7_1220300	11	0
PF3D7_1220400	6	0
PF3D7_1220500	22	0
PF3D7_1220900	25	0
PF3D7_1221000	24	0
PF3D7_1221600	25	0
PF3D7_1221900	7	0
PF3D7_1222100	24	0
PF3D7_1222300	25	1
PF3D7_1222400	4	0
PF3D7_1222500	24	0
PF3D7_1222700	25	0
PF3D7_1223100	25	0
PF3D7_1223200	19	0
PF3D7_1223300	1	0
PF3D7_1223400	22	0
PF3D7_1223500	4	0
PF3D7_1223600	6	0
PF3D7_1224000	25	0
PF3D7_1224100	2	0
PF3D7_1224300	25	0
PF3D7_1224400	25	0
PF3D7_1224500	25	0
PF3D7_1224700	13	0
PF3D7_1224900	10	0
PF3D7_1225200	24	0
PF3D7_1225300	1	0
PF3D7_1225400	14	0
PF3D7_1225500	1	0
PF3D7_1225600	25	0
PF3D7_1225700	25	0
PF3D7_1225800	25	1
PF3D7_1225900	1	0
PF3D7_1226000	1	0
PF3D7_1226300	25	0
PF3D7_1226400	25	0
PF3D7_1226600	25	0
PF3D7_1226700	18	0
PF3D7_1226800	24	0
PF3D7_1226900	24	0
PF3D7_1227100	22	0
PF3D7_1227200	5	0
PF3D7_1227300	2	0
PF3D7_1227400	19	0
PF3D7_1227500	13	0
PF3D7_1227600	25	0
PF3D7_1227700	21	0
PF3D7_1227800	21	0
PF3D7_1228300	25	0
PF3D7_1228400	23	0
PF3D7_1228600	25	0
PF3D7_1228700	18	0
PF3D7_1228800	25	0
PF3D7_1229100	7	0
PF3D7_1229300	25	0
PF3D7_1229400	25	0
PF3D7_1229500	25	1
PF3D7_1229600	11	0
PF3D7_1229800	6	0
PF3D7_1230000	5	0
PF3D7_1230100	5	0
PF3D7_1230400	25	0
PF3D7_1230500	22	0
PF3D7_1230700	25	0
PF3D7_1230800	21	0
PF3D7_1230900	22	0
PF3D7_1231000	7	0
PF3D7_1231100	25	0
PF3D7_1231400	9	0
PF3D7_1231500	25	0
PF3D7_1231600	24	0
PF3D7_1231800	25	0
PF3D7_1231900	8	0
PF3D7_1232100	24	0
PF3D7_1232200	25	0
PF3D7_1232400	4	0
PF3D7_1232500	13	0
PF3D7_1233000	2	0
PF3D7_1233100	25	0
PF3D7_1233300	8	0
PF3D7_1233600	25	0
PF3D7_1233700	10	0
PF3D7_1233900	21	0
PF3D7_1234100	17	0
PF3D7_1234300	1	0
PF3D7_1234500	25	0
PF3D7_1234600	5	0
PF3D7_1234800	25	0
PF3D7_1234900	25	0
PF3D7_1235100	24	0
PF3D7_1235300	25	0
PF3D7_1235500	25	0
PF3D7_1235600	25	0
PF3D7_1235700	25	0
PF3D7_1235900	1	0
PF3D7_1236000	24	0
PF3D7_1236100	25	0
PF3D7_1236300	1	0
PF3D7_1236400	8	0
PF3D7_1236600	3	0
PF3D7_1236900	19	0
PF3D7_1237000	25	1
PF3D7_1237200	14	0
PF3D7_1237400	25	0
PF3D7_1237500	25	0
PF3D7_1237600	16	0
PF3D7_1237700	14	1
PF3D7_1237800	25	0
PF3D7_1237900	25	0
PF3D7_1238100	25	0
PF3D7_1238300	5	0
PF3D7_1238500	24	0
PF3D7_1238600	5	0
PF3D7_1238700	21	0
PF3D7_1238800	25	2
PF3D7_1238900	5	0
PF3D7_1239000	13	0
PF3D7_1239200	25	0
PF3D7_1239600	25	1
PF3D7_1239700	25	0
PF3D7_1239800	14	0
PF3D7_1240000	24	0
PF3D7_1240900	19	0
PF3D7_1241200	17	0
PF3D7_1241500	21	0
PF3D7_1241700	12	0
PF3D7_1241800	17	0
PF3D7_1241900	25	0
PF3D7_1242000	10	0
PF3D7_1242100	23	0
PF3D7_1242500	21	0
PF3D7_1242600	23	0
PF3D7_1242700	25	0
PF3D7_1242800	25	2
PF3D7_1242900	25	0
PF3D7_1243000	10	0
PF3D7_1243100	25	0
PF3D7_1243400	2	0
PF3D7_1243500	25	0
PF3D7_1243600	25	0
PF3D7_1243700	19	0
PF3D7_1243800	9	0
PF3D7_1243900	1	0
PF3D7_1244100	25	1
PF3D7_1244600	25	0
PF3D7_1244700	2	0
PF3D7_1244800	25	0
PF3D7_1245000	2	0
PF3D7_1245100	25	0
PF3D7_1245300	25	0
PF3D7_1245400	6	0
PF3D7_1245500	18	0
PF3D7_1245600	8	0
PF3D7_1245800	1	0
PF3D7_1245900	24	0
PF3D7_1246200	25	0
PF3D7_1246300	22	0
PF3D7_1246400	24	0
PF3D7_1246600	7	0
PF3D7_1246700	21	0
PF3D7_1246800	1	0
PF3D7_1247000	1	0
PF3D7_1247100	10	0
PF3D7_1247200	21	0
PF3D7_1247400	25	1
PF3D7_1247500	25	0
PF3D7_1247700	2	0
PF3D7_1247900	4	0
PF3D7_1248000	20	0
PF3D7_1248100	13	0
PF3D7_1248200	22	0
PF3D7_1248400	4	0
PF3D7_1248500	12	0
PF3D7_1248700	25	0
PF3D7_1248800	1	0
PF3D7_1248900	25	0
PF3D7_1249100	25	0
PF3D7_1249300	24	0
PF3D7_1249500	20	0
PF3D7_1249600	22	0
PF3D7_1249800	21	0
PF3D7_1249900	11	0
PF3D7_1250200	21	0
PF3D7_1250300	25	0
PF3D7_1250500	3	0
PF3D7_1250600	22	0
PF3D7_1250700	25	0
PF3D7_1250800	2	0
PF3D7_1250900	3	0
PF3D7_1251100	14	0
PF3D7_1251200	25	0
PF3D7_1251300	25	0
PF3D7_1251500	18	0
PF3D7_1251600	16	0
PF3D7_1251800	20	0
PF3D7_1252100	25	0
PF3D7_1252300	9	0
PF3D7_1252600	5	0
PF3D7_1252700	16	0
PF3D7_1252800	4	0
PF3D7_1253000	2	0
PF3D7_1253400	21	0
PF3D7_1301400	15	0
PF3D7_1301500	1	0
PF3D7_1301600	25	0
PF3D7_1301700	19	0
PF3D7_1302000	25	0
PF3D7_1302100	24	0
PF3D7_1302500	9	0
PF3D7_1302600	25	0
PF3D7_1302700	18	0
PF3D7_1302800	25	0
PF3D7_1303100	25	0
PF3D7_1303200	19	0
PF3D7_1303300	24	0
PF3D7_1303400	23	0
PF3D7_1303500	12	0
PF3D7_1303800	17	0
PF3D7_1304000	23	0
PF3D7_1304100	24	0
PF3D7_1304200	10	0
PF3D7_1304300	1	0
PF3D7_1304400	25	0
PF3D7_1304500	25	0
PF3D7_1304700	23	0
PF3D7_1304900	25	0
PF3D7_1305000	25	0
PF3D7_1305100	8	0
PF3D7_1305300	18	0
PF3D7_1305400	22	0
PF3D7_1305500	24	0
PF3D7_1305900	3	0
PF3D7_1306000	7	0
PF3D7_1306200	3	0
PF3D7_1306400	25	0
PF3D7_1306600	25	0
PF3D7_1306700	25	0
PF3D7_1306800	25	0
PF3D7_1306900	25	0
PF3D7_1307000	25	0
PF3D7_1307100	14	0
PF3D7_1307200	25	0
PF3D7_1307300	14	0
PF3D7_1307600	4	0
PF3D7_1307700	25	0
PF3D7_1307800	22	0
PF3D7_1307900	8	0
PF3D7_1308000	2	0
PF3D7_1308100	6	0
PF3D7_1308200	25	0
PF3D7_1308300	25	0
PF3D7_1308400	22	0
PF3D7_1308500	1	0
PF3D7_1308700	22	0
PF3D7_1308900	25	0
PF3D7_1309000	25	0
PF3D7_1309100	25	0
PF3D7_1309200	17	0
PF3D7_1309300	25	0
PF3D7_1309400	7	0
PF3D7_1309500	19	0
PF3D7_1309700	10	0
PF3D7_1310400	21	0
PF3D7_1310600	17	0
PF3D7_1310700	25	0
PF3D7_1310800	25	0
PF3D7_1311000	8	0
PF3D7_1311100	13	0
PF3D7_1311200	7	0
PF3D7_1311300	1	0
PF3D7_1311400	16	0
PF3D7_1311500	25	0
PF3D7_1311600	7	0
PF3D7_1311700	25	0
PF3D7_1311800	25	0
PF3D7_1311900	25	0
PF3D7_1312000	3	0
PF3D7_1312100	24	0
PF3D7_1312600	25	1
PF3D7_1312700	24	0
PF3D7_1312800	25	0
PF3D7_1312900	25	0
PF3D7_1313000	20	0
PF3D7_1313700	25	0
PF3D7_1313800	19	0
PF3D7_1314000	13	0
PF3D7_1314100	25	0
PF3D7_1314600	22	0
PF3D7_1314700	25	0
PF3D7_1314900	8	0
PF3D7_1315300	25	0
PF3D7_1315400	20	0
PF3D7_1315500	21	0
PF3D7_1315700	25	0
PF3D7_1315800	3	0
PF3D7_1315900	24	0
PF3D7_1316100	25	0
PF3D7_1316500	21	0
PF3D7_1316600	23	0
PF3D7_1316900	15	0
PF3D7_1317000	25	0
PF3D7_1317100	25	0
PF3D7_1317200	10	0
PF3D7_1317300	25	0
PF3D7_1317400	25	0
PF3D7_1317600	23	0
PF3D7_1317700	6	0
PF3D7_1317800	25	0
PF3D7_1317900	6	0
PF3D7_1318100	25	0
PF3D7_1318300	25	0
PF3D7_1318400	9	0
PF3D7_1318700	2	0
PF3D7_1318800	11	0
PF3D7_1319100	13	0
PF3D7_1319300	23	0
PF3D7_1319400	23	0
PF3D7_1320000	21	0
PF3D7_1320100	2	0
PF3D7_1320200	19	0
PF3D7_1320500	21	0
PF3D7_1320600	25	0
PF3D7_1320700	14	0
PF3D7_1320800	22	0
PF3D7_1320900	25	0
PF3D7_1321100	22	0
PF3D7_1321200	18	0
PF3D7_1321300	4	0
PF3D7_1321500	25	0
PF3D7_1321700	23	0
PF3D7_1321800	22	0
PF3D7_1321900	25	0
PF3D7_1322000	25	0
PF3D7_1322100	1	0
PF3D7_1322200	24	0
PF3D7_1322300	9	0
PF3D7_1322600	1	0
PF3D7_1323100	25	2
PF3D7_1323200	25	0
PF3D7_1323400	25	0
PF3D7_1323500	11	0
PF3D7_1323600	25	0
PF3D7_1323800	9	1
PF3D7_1323900	25	0
PF3D7_1324000	15	0
PF3D7_1324100	11	0
PF3D7_1324200	23	0
PF3D7_1324400	9	0
PF3D7_1324500	4	0
PF3D7_1324600	14	0
PF3D7_1324700	25	0
PF3D7_1324800	25	0
PF3D7_1324900	25	4
PF3D7_1325000	25	0
PF3D7_1325100	25	1
PF3D7_1325400	23	0
PF3D7_1325900	6	0
PF3D7_1326100	25	0
PF3D7_1326300	24	0
PF3D7_1326400	24	0
PF3D7_1326500	13	0
PF3D7_1326600	5	0
PF3D7_1326700	22	0
PF3D7_1326900	6	0
PF3D7_1327000	22	0
PF3D7_1327300	24	0
PF3D7_1327500	1	0
PF3D7_1327600	23	0
PF3D7_1327700	22	0
PF3D7_1327800	25	0
PF3D7_1328000	13	0
PF3D7_1328100	25	0
PF3D7_1328200	9	0
PF3D7_1328300	24	0
PF3D7_1328400	19	0
PF3D7_1328500	25	0
PF3D7_1328800	1	0
PF3D7_1328900	25	0
PF3D7_1329000	11	0
PF3D7_1329100	21	0
PF3D7_1329300	25	0
PF3D7_1329400	16	0
PF3D7_1329500	21	0
PF3D7_1329600	23	0
PF3D7_1329800	1	0
PF3D7_1330000	25	0
PF3D7_1330100	8	0
PF3D7_1330300	25	0
PF3D7_1330400	3	0
PF3D7_1330600	24	1
PF3D7_1330800	25	0
PF3D7_1331200	20	0
PF3D7_1331500	5	0
PF3D7_1331700	25	0
PF3D7_1331800	25	0
PF3D7_1332000	18	0
PF3D7_1332200	25	0
PF3D7_1332300	25	0
PF3D7_1332400	20	1
PF3D7_1332500	24	0
PF3D7_1332600	25	0
PF3D7_1332800	24	0
PF3D7_1332900	25	1
PF3D7_1333000	25	0
PF3D7_1333400	25	0
PF3D7_1333500	5	0
PF3D7_1333600	19	0
PF3D7_1333700	9	0
PF3D7_1333800	25	0
PF3D7_1334000	14	0
PF3D7_1334100	7	0
PF3D7_1334200	25	0
PF3D7_1334300	21	0
PF3D7_1334400	14	0
PF3D7_1334500	25	0
PF3D7_1334600	21	0
PF3D7_1334700	16	0
PF3D7_1334800	25	0
PF3D7_1335000	20	0
PF3D7_1335100	25	0
PF3D7_1335300	14	0
PF3D7_1335400	22	0
PF3D7_1335700	22	0
PF3D7_1336000	1	0
PF3D7_1336200	6	0
PF3D7_1336700	25	0
PF3D7_1336800	25	0
PF3D7_1336900	24	0
PF3D7_1337100	22	0
PF3D7_1337200	25	0
PF3D7_1337300	9	0
PF3D7_1337400	11	0
PF3D7_1337800	1	0
PF3D7_1337900	16	0
PF3D7_1338100	25	0
PF3D7_1338200	25	0
PF3D7_1338300	25	3
PF3D7_1338600	1	0
PF3D7_1338700	25	0
PF3D7_1338900	9	0
PF3D7_1339300	3	0
PF3D7_1339700	21	0
PF3D7_1339900	6	0
PF3D7_1340100	25	0
PF3D7_1340300	17	0
PF3D7_1340600	25	0
PF3D7_1340700	22	0
PF3D7_1340900	23	0
PF3D7_1341200	19	0
PF3D7_1341300	21	1
PF3D7_1341500	16	0
PF3D7_1341800	15	0
PF3D7_1341900	25	0
PF3D7_1342000	25	0
PF3D7_1342100	25	0
PF3D7_1342400	25	0
PF3D7_1342600	25	0
PF3D7_1342700	21	0
PF3D7_1342800	25	0
PF3D7_1342900	9	0
PF3D7_1343000	25	4
PF3D7_1343100	23	0
PF3D7_1343200	25	0
PF3D7_1343300	25	0
PF3D7_1343400	4	0
PF3D7_1343600	20	0
PF3D7_1343700	25	0
PF3D7_1343800	4	0
PF3D7_1343900	25	0
PF3D7_1344100	25	0
PF3D7_1344200	25	0
PF3D7_1344300	25	0
PF3D7_1344500	18	0
PF3D7_1344700	10	0
PF3D7_1344800	12	0
PF3D7_1344900	25	0
PF3D7_1345100	22	0
PF3D7_1345400	25	0
PF3D7_1345500	3	0
PF3D7_1345700	24	0
PF3D7_1345800	25	0
PF3D7_1345900	25	0
PF3D7_1346200	20	0
PF3D7_1346300	25	0
PF3D7_1346400	20	0
PF3D7_1346500	21	0
PF3D7_1346900	16	0
PF3D7_1347200	23	3
PF3D7_1347300	1	0
PF3D7_1347500	25	3
PF3D7_1347700	24	0
PF3D7_1347900	5	0
PF3D7_1348200	3	0
PF3D7_1348300	22	0
PF3D7_1348500	25	0
PF3D7_1348600	6	0
PF3D7_1348900	4	0
PF3D7_1349100	25	0
PF3D7_1349200	25	1
PF3D7_1349300	21	0
PF3D7_1349400	24	0
PF3D7_1349500	23	0
PF3D7_1349600	25	0
PF3D7_1349800	5	0
PF3D7_1349900	12	0
PF3D7_1350100	25	1
PF3D7_1350200	25	0
PF3D7_1350500	25	0
PF3D7_1350700	17	0
PF3D7_1351000	20	0
PF3D7_1351100	25	1
PF3D7_1351200	8	0
PF3D7_1351400	25	0
PF3D7_1351600	24	0
PF3D7_1351700	23	0
PF3D7_1351800	25	0
PF3D7_1351900	25	0
PF3D7_1352000	17	0
PF3D7_1352100	1	0
PF3D7_1352400	16	0
PF3D7_1352500	17	0
PF3D7_1352600	1	0
PF3D7_1352700	16	0
PF3D7_1352800	25	0
PF3D7_1353100	25	0
PF3D7_1353200	25	0
PF3D7_1353300	25	0
PF3D7_1353400	25	0
PF3D7_1353600	2	0
PF3D7_1353700	11	0
PF3D7_1353800	25	0
PF3D7_1353900	25	0
PF3D7_1354100	1	0
PF3D7_1354300	20	0
PF3D7_1354400	2	0
PF3D7_1354500	25	0
PF3D7_1354600	1	0
PF3D7_1354900	25	0
PF3D7_1355100	25	0
PF3D7_1355200	1	0
PF3D7_1355500	25	0
PF3D7_1355700	25	0
PF3D7_1355800	7	0
PF3D7_1355900	12	0
PF3D7_1356000	1	0
PF3D7_1356100	25	0
PF3D7_1356300	25	0
PF3D7_1356400	11	0
PF3D7_1356600	20	0
PF3D7_1356700	3	0
PF3D7_1356800	18	0
PF3D7_1356900	7	0
PF3D7_1357000	25	0
PF3D7_1357400	20	0
PF3D7_1357500	21	0
PF3D7_1357700	22	0
PF3D7_1357800	25	0
PF3D7_1357900	25	0
PF3D7_1358000	15	0
PF3D7_1358100	20	0
PF3D7_1358200	22	0
PF3D7_1358500	25	0
PF3D7_1358700	1	0
PF3D7_1358800	25	0
PF3D7_1358900	23	1
PF3D7_1359000	6	0
PF3D7_1359100	20	0
PF3D7_1359200	15	0
PF3D7_1359300	17	0
PF3D7_1359400	25	0
PF3D7_1359600	25	0
PF3D7_1359700	9	0
PF3D7_1359900	18	0
PF3D7_1360100	25	0
PF3D7_1360400	22	1
PF3D7_1360500	1	0
PF3D7_1360700	22	0
PF3D7_1360800	25	2
PF3D7_1360900	25	0
PF3D7_1361100	24	0
PF3D7_1361200	17	0
PF3D7_1361600	25	0
PF3D7_1361700	1	0
PF3D7_1361800	25	0
PF3D7_1361900	25	0
PF3D7_1362200	22	0
PF3D7_1362700	13	0
PF3D7_1362800	4	0
PF3D7_1363100	4	0
PF3D7_1363200	18	0
PF3D7_1363400	25	0
PF3D7_1363500	3	0
PF3D7_1363600	25	0
PF3D7_1363700	7	0
PF3D7_1363800	1	0
PF3D7_1364000	1	0
PF3D7_1364100	25	0
PF3D7_1364200	21	0
PF3D7_1364300	18	0
PF3D7_1364400	20	0
PF3D7_1364500	25	0
PF3D7_1364800	24	0
PF3D7_1365000	25	0
PF3D7_1365500	25	0
PF3D7_1365600	3	0
PF3D7_1365700	22	0
PF3D7_1365800	9	0
PF3D7_1365900	25	0
PF3D7_1366000	25	0
PF3D7_1366100	3	0
PF3D7_1366300	23	0
PF3D7_1366400	22	0
PF3D7_1366500	25	0
PF3D7_1366600	19	0
PF3D7_1366900	25	0
PF3D7_1367000	25	1
PF3D7_1367100	15	0
PF3D7_1367400	14	0
PF3D7_1367500	3	0
PF3D7_1367600	20	0
PF3D7_1367700	25	1
PF3D7_1368100	25	1
PF3D7_1368200	25	0
PF3D7_1368300	17	0
PF3D7_1368400	6	0
PF3D7_1368600	25	0
PF3D7_1368800	15	0
PF3D7_1368900	25	0
PF3D7_1369400	20	0
PF3D7_1369500	24	1
PF3D7_1369600	17	0
PF3D7_1369700	20	0
PF3D7_1370300	23	0
PF3D7_1371900	10	2
PF3D7_1401000	15	0
PF3D7_1401100	15	0
PF3D7_1401200	21	0
PF3D7_1401400	23	0
PF3D7_1401600	25	0
PF3D7_1401800	25	0
PF3D7_1402000	25	0
PF3D7_1402100	24	0
PF3D7_1402300	25	1
PF3D7_1402400	24	0
PF3D7_1402500	19	0
PF3D7_1402700	24	0
PF3D7_1402800	18	0
PF3D7_1403100	10	0
PF3D7_1403400	1	0
PF3D7_1403900	25	0
PF3D7_1404000	25	0
PF3D7_1404100	25	0
PF3D7_1404500	20	0
PF3D7_1404900	25	0
PF3D7_1405000	4	0
PF3D7_1405100	25	0
PF3D7_1405200	25	0
PF3D7_1405300	3	0
PF3D7_1405400	3	0
PF3D7_1405500	25	0
PF3D7_1405600	25	0
PF3D7_1405700	4	0
PF3D7_1405800	24	0
PF3D7_1405900	24	0
PF3D7_1406000	25	0
PF3D7_1406100	15	0
PF3D7_1406200	25	0
PF3D7_1406300	25	1
PF3D7_1406400	11	0
PF3D7_1406600	12	0
PF3D7_1406700	25	0
PF3D7_1407100	22	0
PF3D7_1407200	21	0
PF3D7_1407300	21	0
PF3D7_1407500	25	0
PF3D7_1407600	2	0
PF3D7_1407800	25	0
PF3D7_1407900	25	2
PF3D7_1408000	25	2
PF3D7_1408100	25	0
PF3D7_1408200	17	0
PF3D7_1408400	25	0
PF3D7_1408500	21	0
PF3D7_1408600	25	0
PF3D7_1408700	12	0
PF3D7_1408900	16	0
PF3D7_1409000	25	1
PF3D7_1409100	6	0
PF3D7_1409200	22	0
PF3D7_1409300	25	0
PF3D7_1409400	14	0
PF3D7_1409600	19	0
PF3D7_1409800	25	0
PF3D7_1409900	25	0
PF3D7_1410200	25	0
PF3D7_1410300	12	0
PF3D7_1410400	25	0
PF3D7_1410600	25	0
PF3D7_1410700	25	0
PF3D7_1410900	17	0
PF3D7_1411200	19	0
PF3D7_1411300	23	0
PF3D7_1411400	1	0
PF3D7_1411500	1	0
PF3D7_1411700	1	0
PF3D7_1412100	25	0
PF3D7_1412300	25	0
PF3D7_1412400	22	0
PF3D7_1412500	25	0
PF3D7_1412600	25	0
PF3D7_1412700	10	0
PF3D7_1412800	25	1
PF3D7_1412900	19	0
PF3D7_1413400	12	0
PF3D7_1413500	24	0
PF3D7_1413800	23	0
PF3D7_1414000	25	0
PF3D7_1414100	17	0
PF3D7_1414300	25	1
PF3D7_1414400	25	0
PF3D7_1414500	20	0
PF3D7_1414600	14	0
PF3D7_1414800	25	0
PF3D7_1415000	25	0
PF3D7_1415200	17	0
PF3D7_1415300	14	0
PF3D7_1415400	25	0
PF3D7_1415600	1	0
PF3D7_1415800	12	0
PF3D7_1415900	1	0
PF3D7_1416100	16	0
PF3D7_1416200	16	0
PF3D7_1416500	25	0
PF3D7_1416900	25	0
PF3D7_1417100	24	0
PF3D7_1417200	24	0
PF3D7_1417300	1	0
PF3D7_1417500	25	0
PF3D7_1417600	22	0
PF3D7_1417700	25	0
PF3D7_1417800	25	0
PF3D7_1417900	18	0
PF3D7_1418000	25	0
PF3D7_1418200	25	0
PF3D7_1418900	7	0
PF3D7_1419000	25	0
PF3D7_1419100	16	0
PF3D7_1419200	4	0
PF3D7_1419300	25	0
PF3D7_1419400	25	0
PF3D7_1419600	24	0
PF3D7_1419700	25	0
PF3D7_1419800	25	0
PF3D7_1419900	13	0
PF3D7_1420000	8	0
PF3D7_1420200	20	0
PF3D7_1420300	25	0
PF3D7_1420400	25	1
PF3D7_1420600	25	0
PF3D7_1420700	25	0
PF3D7_1420900	23	0
PF3D7_1421000	25	0
PF3D7_1421100	25	0
PF3D7_1421200	25	0
PF3D7_1421500	25	0
PF3D7_1421600	9	0
PF3D7_1422100	15	0
PF3D7_1422300	16	0
PF3D7_1422500	6	0
PF3D7_1422600	22	0
PF3D7_1422700	20	0
PF3D7_1422800	17	0
PF3D7_1423200	25	0
PF3D7_1423300	23	0
PF3D7_1423400	2	0
PF3D7_1423700	25	0
PF3D7_1424100	25	0
PF3D7_1424400	25	0
PF3D7_1425200	21	0
PF3D7_1425300	20	0
PF3D7_1425600	1	0
PF3D7_1425700	20	0
PF3D7_1425800	17	0
PF3D7_1425900	25	0
PF3D7_1426000	25	0
PF3D7_1426100	25	0
PF3D7_1426200	25	0
PF3D7_1426300	2	0
PF3D7_1426700	25	0
PF3D7_1426800	21	0
PF3D7_1427000	6	0
PF3D7_1427100	14	0
PF3D7_1427300	18	0
PF3D7_1427500	22	1
PF3D7_1427600	14	0
PF3D7_1427800	15	0
PF3D7_1427900	25	0
PF3D7_1428100	23	0
PF3D7_1428200	3	0
PF3D7_1428300	25	1
PF3D7_1428500	1	0
PF3D7_1428700	4	0
PF3D7_1428800	25	0
PF3D7_1428900	21	0
PF3D7_1429000	23	1
PF3D7_1429200	1	0
PF3D7_1429400	14	0
PF3D7_1429500	25	0
PF3D7_1429600	19	0
PF3D7_1429800	22	0
PF3D7_1429900	19	0
PF3D7_1430100	24	0
PF3D7_1430200	21	0
PF3D7_1430300	25	0
PF3D7_1430400	20	0
PF3D7_1430600	6	0
PF3D7_1430700	24	0
PF3D7_1431200	1	0
PF3D7_1431300	16	0
PF3D7_1431400	10	0
PF3D7_1431600	24	0
PF3D7_1431700	25	1
PF3D7_1432000	13	0
PF3D7_1432100	4	0
PF3D7_1432500	8	0
PF3D7_1432600	3	0
PF3D7_1432700	25	0
PF3D7_1432800	22	0
PF3D7_1432900	12	0
PF3D7_1433000	20	0
PF3D7_1433100	9	0
PF3D7_1433200	4	0
PF3D7_1433300	25	0
PF3D7_1433400	24	0
PF3D7_1433500	25	0
PF3D7_1433600	1	0
PF3D7_1434000	24	0
PF3D7_1434100	25	1
PF3D7_1434200	25	0
PF3D7_1434300	24	0
PF3D7_1434400	14	0
PF3D7_1434500	19	0
PF3D7_1434600	25	0
PF3D7_1434800	25	0
PF3D7_1435100	25	0
PF3D7_1435300	1	0
PF3D7_1435400	2	0
PF3D7_1435500	25	0
PF3D7_1435600	22	0
PF3D7_1435700	25	0
PF3D7_1435800	10	0
PF3D7_1436000	25	1
PF3D7_1436200	21	0
PF3D7_1436300	25	0
PF3D7_1436600	21	0
PF3D7_1436700	1	0
PF3D7_1436800	23	0
PF3D7_1436900	25	0
PF3D7_1437000	25	0
PF3D7_1437200	25	0
PF3D7_1437400	25	0
PF3D7_1437500	6	0
PF3D7_1437700	8	0
PF3D7_1437800	24	0
PF3D7_1437900	25	0
PF3D7_1438000	25	0
PF3D7_1438100	24	0
PF3D7_1438400	17	0
PF3D7_1438500	25	0
PF3D7_1438600	14	0
PF3D7_1438700	15	0
PF3D7_1438900	25	0
PF3D7_1439000	19	0
PF3D7_1439100	1	0
PF3D7_1439300	6	0
PF3D7_1439400	24	0
PF3D7_1439700	25	1
PF3D7_1439800	25	0
PF3D7_1439900	25	0
PF3D7_1440000	16	0
PF3D7_1440100	20	0
PF3D7_1440200	11	0
PF3D7_1440400	3	0
PF3D7_1440700	21	0
PF3D7_1440800	9	1
PF3D7_1441000	20	0
PF3D7_1441100	25	0
PF3D7_1441200	25	0
PF3D7_1441300	5	1
PF3D7_1441400	25	0
PF3D7_1441600	25	0
PF3D7_1441700	2	0
PF3D7_1441800	25	0
PF3D7_1441900	4	0
PF3D7_1442100	25	0
PF3D7_1442300	25	0
PF3D7_1442400	18	0
PF3D7_1442500	25	0
PF3D7_1442700	9	0
PF3D7_1442800	1	0
PF3D7_1442900	25	0
PF3D7_1443000	16	0
PF3D7_1443100	25	0
PF3D7_1443200	2	0
PF3D7_1443300	19	0
PF3D7_1443400	8	0
PF3D7_1443600	14	0
PF3D7_1443800	22	0
PF3D7_1443900	25	0
PF3D7_1444300	5	0
PF3D7_1444400	4	0
PF3D7_1444800	25	0
PF3D7_1445000	5	0
PF3D7_1445100	25	0
PF3D7_1445200	16	0
PF3D7_1445400	5	0
PF3D7_1445500	22	0
PF3D7_1445600	21	0
PF3D7_1445700	25	0
PF3D7_1445900	24	0
PF3D7_1446200	25	0
PF3D7_1446500	25	0
PF3D7_1446600	25	0
PF3D7_1446700	17	0
PF3D7_1446900	4	0
PF3D7_1447000	25	1
PF3D7_1447100	20	0
PF3D7_1447200	25	0
PF3D7_1447700	5	0
PF3D7_1447800	21	0
PF3D7_1447900	25	0
PF3D7_1448000	18	0
PF3D7_1448100	14	0
PF3D7_1448300	20	0
PF3D7_1448400	2	0
PF3D7_1448500	19	0
PF3D7_1448600	25	0
PF3D7_1448700	24	0
PF3D7_1448900	4	0
PF3D7_1449100	25	0
PF3D7_1449300	8	0
PF3D7_1449400	5	0
PF3D7_1449500	25	0
PF3D7_1449700	21	0
PF3D7_1449800	25	1
PF3D7_1449900	12	0
PF3D7_1450000	1	0
PF3D7_1450100	20	0
PF3D7_1450400	21	0
PF3D7_1450500	5	0
PF3D7_1450700	15	0
PF3D7_1450900	4	0
PF3D7_1451000	25	0
PF3D7_1451100	25	1
PF3D7_1451200	25	0
PF3D7_1451300	1	0
PF3D7_1451400	7	0
PF3D7_1451500	25	0
PF3D7_1451700	25	0
PF3D7_1451800	25	0
PF3D7_1451900	5	0
PF3D7_1452000	25	0
PF3D7_1452200	25	0
PF3D7_1452400	19	0
PF3D7_1452500	21	0
PF3D7_1452600	8	0
PF3D7_1452700	13	0
PF3D7_1452900	2	0
PF3D7_1453000	25	0
PF3D7_1453200	2	0
PF3D7_1453700	25	0
PF3D7_1453800	23	1
PF3D7_1453900	24	0
PF3D7_1454000	23	0
PF3D7_1454100	6	0
PF3D7_1454200	5	0
PF3D7_1454400	25	0
PF3D7_1454500	24	0
PF3D7_1454700	25	2
PF3D7_1455100	23	0
PF3D7_1455200	25	0
PF3D7_1455300	7	0
PF3D7_1455500	25	0
PF3D7_1455700	24	0
PF3D7_1456000	24	0
PF3D7_1456200	2	0
PF3D7_1456500	25	0
PF3D7_1456700	25	0
PF3D7_1456800	23	1
PF3D7_1456900	25	0
PF3D7_1457000	24	0
PF3D7_1457200	25	0
PF3D7_1457300	25	0
PF3D7_1457400	1	0
PF3D7_1457500	24	0
PF3D7_1457600	20	0
PF3D7_1457700	16	0
PF3D7_1457900	18	0
PF3D7_1458000	5	0
PF3D7_1458300	12	0
PF3D7_1458400	25	0
PF3D7_1458500	20	0
PF3D7_1458600	2	0
PF3D7_1458700	23	0
PF3D7_1459000	25	0
PF3D7_1459200	4	0
PF3D7_1459400	5	0
PF3D7_1459600	25	0
PF3D7_1459700	25	0
PF3D7_1460100	15	0
PF3D7_1460200	6	0
PF3D7_1460300	25	0
PF3D7_1460400	25	0
PF3D7_1460500	23	0
PF3D7_1460600	16	0
PF3D7_1460700	25	1
PF3D7_1461100	18	0
PF3D7_1461200	2	0
PF3D7_1461300	25	2
PF3D7_1461400	20	0
PF3D7_1461600	25	0
PF3D7_1461900	25	2
PF3D7_1462100	6	0
PF3D7_1462200	16	0
PF3D7_1462300	18	0
PF3D7_1462400	12	0
PF3D7_1462800	25	0
PF3D7_1463000	3	0
PF3D7_1463200	21	0
PF3D7_1463300	25	0
PF3D7_1463400	22	0
PF3D7_1463500	25	0
PF3D7_1463700	25	0
PF3D7_1463900	18	0
PF3D7_1464000	9	0
PF3D7_1464200	24	0
PF3D7_1464500	17	0
PF3D7_1464600	25	0
PF3D7_1464700	25	0
PF3D7_1464900	4	0
PF3D7_1465100	17	0
PF3D7_1465200	17	0
PF3D7_1465300	25	0
PF3D7_1465500	2	0
PF3D7_1465800	5	0
PF3D7_1465900	25	0
PF3D7_1466100	25	0
PF3D7_1466200	12	0
PF3D7_1466300	25	0
PF3D7_1466400	22	0
PF3D7_1466700	4	0
PF3D7_1466800	23	0
PF3D7_1466900	25	0
PF3D7_1467200	20	0
PF3D7_1467300	24	0
PF3D7_1467500	14	0
PF3D7_1467600	16	0
PF3D7_1467700	15	0
PF3D7_1467900	23	0
PF3D7_1468100	25	0
PF3D7_1468200	25	0
PF3D7_1468400	12	0
PF3D7_1468700	25	2
PF3D7_1468800	25	0
PF3D7_1468900	25	0
PF3D7_1469100	11	0
PF3D7_1469200	25	0
PF3D7_1469300	22	0
PF3D7_1469500	8	0
PF3D7_1469700	24	0
PF3D7_1469800	25	0
PF3D7_1470100	3	0
PF3D7_1470200	18	0
PF3D7_1470600	22	0
PF3D7_1470700	21	0
PF3D7_1470800	3	0
PF3D7_1470900	25	0
PF3D7_1471000	17	0
PF3D7_1471100	25	0
PF3D7_1471200	22	0
PF3D7_1471400	25	0
PF3D7_1472000	9	0
PF3D7_1472100	7	0
PF3D7_1472200	18	0
PF3D7_1472600	25	0
PF3D7_1472800	24	0
PF3D7_1472900	25	0
PF3D7_1473100	25	0
PF3D7_1473200	25	0
PF3D7_1473500	25	0
PF3D7_1473700	20	0
PF3D7_1473900	2	0
PF3D7_1474300	16	0
PF3D7_1474400	3	0
PF3D7_1474500	25	0
PF3D7_1474700	6	0
PF3D7_1474800	25	0
PF3D7_1474900	25	0
PF3D7_1475600	8	0
PF3D7_1476300	25	0
PF3D7_1476600	5	0
PF3D7_1476800	6	0
PF3D7_1477500	19	0
PF3D7_1478600	25	0
PF3D7_API02900	15	0
PF3D7_API04700	1	0
