gene_id	n_m6a_peaks
TGME49_212880	15
TGME49_253750	13
TGME49_206430	13
TGME49_252880	12
TGME49_286270	11
TGME49_295710	11
TGME49_309250	10
TGME49_278205	10
TGME49_209650	10
TGME49_277540	9
TGME49_258240	9
TGME49_225090	9
TGME49_321410	8
TGME49_221440	8
TGME49_217790	8
TGME49_254570	8
TGME49_231370	8
TGME49_277940	8
TGME49_213610	7
TGME49_238930	7
TGME49_202490	7
TGME49_234300	7
TGME49_204380	7
TGME49_309885	7
TGME49_313900	7
TGME49_208400	7
TGME49_312065	7
TGME49_293170	7
TGME49_291980	7
TGME49_290678	7
TGME49_211610	7
TGME49_254390	6
TGME49_305180	6
TGME49_290640	6
TGME49_290620	6
TGME49_289310	6
TGME49_264472	6
TGME49_268010	6
TGME49_206450	6
TGME49_277490	6
TGME49_219790	6
TGME49_308880	6
TGME49_258710	6
TGME49_247280	6
TGME49_257780	6
TGME49_278800	6
TGME49_214740	6
TGME49_251460	5
TGME49_218960	5
TGME49_218070	5
TGME49_247730	5
TGME49_249540	5
TGME49_211010	5
TGME49_288420	5
TGME49_308010	5
TGME49_265400	5
TGME49_301380	5
TGME49_278020	5
TGME49_318770	5
TGME49_301300	5
TGME49_288190	5
TGME49_309090	5
TGME49_313450	5
TGME49_255700	5
TGME49_263785	5
TGME49_269670	5
TGME49_269930	5
TGME49_244470	5
TGME49_242770	5
TGME49_286050	5
TGME49_224680	5
TGME49_310330	5
TGME49_223440	5
TGME49_234250	5
TGME49_207100	5
TGME49_209520	5
TGME49_208842	5
TGME49_202890	5
TGME49_301270	5
TGME49_206670	5
TGME49_222900	5
TGME49_220910	5
TGME49_221330	4
TGME49_259860	4
TGME49_252990	4
TGME49_223470	4
TGME49_209730	4
TGME49_209850	4
TGME49_247700	4
TGME49_282140	4
TGME49_248740	4
TGME49_305630	4
TGME49_213800	4
TGME49_213920	4
TGME49_224210	4
TGME49_224260	4
TGME49_260380	4
TGME49_209450	4
TGME49_320430	4
TGME49_288350	4
TGME49_204070	4
TGME49_208580	4
TGME49_208070	4
TGME49_207990	4
TGME49_289230	4
TGME49_202630	4
TGME49_208360	4
TGME49_306900	4
TGME49_294710	4
TGME49_275310	4
TGME49_290880	4
TGME49_294930	4
TGME49_294890	4
TGME49_308920	4
TGME49_218520	4
TGME49_239410	4
TGME49_283760	4
TGME49_215775	4
TGME49_316110	4
TGME49_314850	4
TGME49_228670	4
TGME49_244120	4
TGME49_309570	4
TGME49_277740	4
TGME49_239480	4
TGME49_309100	4
TGME49_251510	4
TGME49_227790	4
TGME49_225010	4
TGME49_214980	3
TGME49_202540	3
TGME49_215060	3
TGME49_202780	3
TGME49_218830	3
TGME49_207980	3
TGME49_202430	3
TGME49_240910	3
TGME49_310460	3
TGME49_240660	3
TGME49_203880	3
TGME49_209280	3
TGME49_244210	3
TGME49_242070	3
TGME49_268220	3
TGME49_299980	3
TGME49_275440	3
TGME49_209080	3
TGME49_294010	3
TGME49_293820	3
TGME49_313180	3
TGME49_281900	3
TGME49_222220	3
TGME49_281960	3
TGME49_295910	3
TGME49_201810	3
TGME49_271110	3
TGME49_315640	3
TGME49_280800	3
TGME49_276140	3
TGME49_270770	3
TGME49_286410	3
TGME49_286620	3
TGME49_271990	3
TGME49_220300	3
TGME49_220170	3
TGME49_308590	3
TGME49_246530	3
TGME49_215940	3
TGME49_316600	3
TGME49_247420	3
TGME49_218400	3
TGME49_216560	3
TGME49_206540	3
TGME49_209130	3
TGME49_321550	3
TGME49_216580	3
TGME49_248350	3
TGME49_233020	3
TGME49_312050	3
TGME49_232680	3
TGME49_316900	3
TGME49_232100	3
TGME49_244310	3
TGME49_209630	3
TGME49_231170	3
TGME49_315798	3
TGME49_297180	3
TGME49_270930	3
TGME49_221200	3
TGME49_243510	3
TGME49_313690	3
TGME49_211860	3
TGME49_225800	3
TGME49_226072	3
TGME49_264610	3
TGME49_211400	3
TGME49_288390	3
TGME49_246520	3
TGME49_246140	3
TGME49_258480	3
TGME49_226240	3
TGME49_226940	3
TGME49_212725	3
TGME49_227260	3
TGME49_289210	3
TGME49_277790	3
TGME49_265820	3
TGME49_223610	3
TGME49_246080	3
TGME49_257330	3
TGME49_256900	3
TGME49_257180	3
TGME49_257290	3
TGME49_224720	3
TGME49_248840	3
TGME49_288830	3
TGME49_267700	3
TGME49_223855	3
TGME49_267020	3
TGME49_221675	3
TGME49_301310	3
TGME49_257760	3
TGME49_221295	3
TGME49_225360	3
TGME49_319870	3
TGME49_214920	3
TGME49_299168	3
TGME49_234980	3
TGME49_218192	3
TGME49_214270	3
TGME49_318650	3
TGME49_210430	3
TGME49_292200	3
TGME49_292190	3
TGME49_236200	3
TGME49_235990	3
TGME49_217665	3
TGME49_235730	3
TGME49_261990	3
TGME49_290170	3
TGME49_290020	3
TGME49_262990	3
TGME49_224270	3
TGME49_227310	3
TGME49_228330	3
TGME49_234560	3
TGME49_277770	3
TGME49_221380	3
TGME49_234280	3
TGME49_270790	2
TGME49_271750	2
TGME49_228060	2
TGME49_229180	2
TGME49_225520	2
TGME49_224990	2
TGME49_214170	2
TGME49_229350	2
TGME49_309170	2
TGME49_229750	2
TGME49_313340	2
TGME49_227948	2
TGME49_255430	2
TGME49_312340	2
TGME49_270710	2
TGME49_230570	2
TGME49_225300	2
TGME49_230890	2
TGME49_231980	2
TGME49_310900	2
TGME49_254380	2
TGME49_310885	2
TGME49_225540	2
TGME49_231790	2
TGME49_310040	2
TGME49_313040	2
TGME49_221710	2
TGME49_313080	2
TGME49_228290	2
TGME49_225340	2
TGME49_273730	2
TGME49_273550	2
TGME49_273080	2
TGME49_224340	2
TGME49_229710	2
TGME49_259710	2
TGME49_309050	2
TGME49_203860	2
TGME49_261370	2
TGME49_203160	2
TGME49_310160	2
TGME49_297160	2
TGME49_202830	2
TGME49_261430	2
TGME49_261450	2
TGME49_221390	2
TGME49_202760	2
TGME49_202700	2
TGME49_310010	2
TGME49_297150	2
TGME49_262130	2
TGME49_309590	2
TGME49_202030	2
TGME49_201860	2
TGME49_201790	2
TGME49_313710	2
TGME49_263060	2
TGME49_235660	2
TGME49_281480	2
TGME49_263260	2
TGME49_215480	2
TGME49_262530	2
TGME49_262060	2
TGME49_203450	2
TGME49_204110	2
TGME49_256830	2
TGME49_260640	2
TGME49_270090	2
TGME49_269710	2
TGME49_297640	2
TGME49_307000	2
TGME49_215920	2
TGME49_268580	2
TGME49_216040	2
TGME49_257625	2
TGME49_315220	2
TGME49_257350	2
TGME49_202860	2
TGME49_257650	2
TGME49_201680	2
TGME49_221970	2
TGME49_313418	2
TGME49_313030	2
TGME49_223940	2
TGME49_297245	2
TGME49_259168	2
TGME49_221500	2
TGME49_212290	2
TGME49_205460	2
TGME49_205110	2
TGME49_260620	2
TGME49_204120	2
TGME49_203720	2
TGME49_227650	2
TGME49_244840	2
TGME49_306600	2
TGME49_314000	2
TGME49_208390	2
TGME49_300055	2
TGME49_294880	2
TGME49_293550	2
TGME49_293510	2
TGME49_218570	2
TGME49_247020	2
TGME49_305540	2
TGME49_222155	2
TGME49_292010	2
TGME49_299040	2
TGME49_245540	2
TGME49_320480	2
TGME49_209095	2
TGME49_277500	2
TGME49_277980	2
TGME49_207940	2
TGME49_208200	2
TGME49_278600	2
TGME49_208490	2
TGME49_251600	2
TGME49_209420	2
TGME49_249390	2
TGME49_209870	2
TGME49_252440	2
TGME49_321360	2
TGME49_321290	2
TGME49_220175	2
TGME49_220510	2
TGME49_212860	2
TGME49_289150	2
TGME49_288920	2
TGME49_246475	2
TGME49_289200	2
TGME49_301250	2
TGME49_320610	2
TGME49_320130	2
TGME49_320110	2
TGME49_320000	2
TGME49_319910	2
TGME49_277880	2
TGME49_319850	2
TGME49_211480	2
TGME49_211420	2
TGME49_211220	2
TGME49_210980	2
TGME49_265440	2
TGME49_264660	2
TGME49_251390	2
TGME49_320470	2
TGME49_249950	2
TGME49_249820	2
TGME49_248960	2
TGME49_305980	2
TGME49_248520	2
TGME49_267350	2
TGME49_248300	2
TGME49_266910	2
TGME49_266670	2
TGME49_266030	2
TGME49_265500	2
TGME49_265010	2
TGME49_264900	2
TGME49_246570	2
TGME49_213072	2
TGME49_208420	2
TGME49_240840	2
TGME49_284170	2
TGME49_216375	2
TGME49_252310	2
TGME49_244280	2
TGME49_241830	2
TGME49_241180	2
TGME49_316090	2
TGME49_286440	2
TGME49_240630	2
TGME49_275802	2
TGME49_241165	2
TGME49_285760	2
TGME49_285425	2
TGME49_315470	2
TGME49_285700	2
TGME49_217010	2
TGME49_316570	2
TGME49_240070	2
TGME49_286450	2
TGME49_216930	2
TGME49_243760	2
TGME49_243600	2
TGME49_286928	2
TGME49_314020	2
TGME49_246190	2
TGME49_246050	1
TGME49_221580	1
TGME49_216600	1
TGME49_222940	1
TGME49_245746	1
TGME49_248390	1
TGME49_311740	1
TGME49_245660	1
TGME49_222910	1
TGME49_245620	1
TGME49_248490	1
TGME49_223690	1
TGME49_310490	1
TGME49_316310	1
TGME49_212090	1
TGME49_310390	1
TGME49_223590	1
TGME49_246120	1
TGME49_311290	1
TGME49_221685	1
TGME49_212310	1
TGME49_316350	1
TGME49_315810	1
TGME49_212240	1
TGME49_246970	1
TGME49_212150	1
TGME49_246630	1
TGME49_247350	1
TGME49_216090	1
TGME49_224140	1
TGME49_277990	1
TGME49_314710	1
TGME49_226090	1
TGME49_312820	1
TGME49_312990	1
TGME49_227640	1
TGME49_220880	1
TGME49_226570	1
TGME49_314390	1
TGME49_248940	1
TGME49_227280	1
TGME49_314310	1
TGME49_313385	1
TGME49_227600	1
TGME49_287515	1
TGME49_227620	1
TGME49_222880	1
TGME49_226000	1
TGME49_315310	1
TGME49_220920	1
TGME49_278230	1
TGME49_249370	1
TGME49_221450	1
TGME49_245460	1
TGME49_249910	1
TGME49_312105	1
TGME49_250330	1
TGME49_224580	1
TGME49_224600	1
TGME49_221530	1
TGME49_312260	1
TGME49_221420	1
TGME49_312500	1
TGME49_251620	1
TGME49_251680	1
TGME49_278280	1
TGME49_249698	1
TGME49_309610	1
TGME49_297310	1
TGME49_277690	1
TGME49_248810	1
TGME49_311260	1
TGME49_311250	1
TGME49_308820	1
TGME49_311110	1
TGME49_221160	1
TGME49_249620	1
TGME49_249810	1
TGME49_249840	1
TGME49_250905	1
TGME49_218510	1
TGME49_251857	1
TGME49_310820	1
TGME49_218790	1
TGME49_218860	1
TGME49_278500	1
TGME49_278040	1
TGME49_311770	1
TGME49_217490	1
TGME49_217555	1
TGME49_216010	1
TGME49_216940	1
TGME49_315980	1
TGME49_315950	1
TGME49_315350	1
TGME49_315260	1
TGME49_247470	1
TGME49_314490	1
TGME49_247590	1
TGME49_312490	1
TGME49_314295	1
TGME49_313460	1
TGME49_247670	1
TGME49_248260	1
TGME49_245485	1
TGME49_313160	1
TGME49_306930	1
TGME49_219630	1
TGME49_276900	1
TGME49_235020	1
TGME49_300340	1
TGME49_300290	1
TGME49_215930	1
TGME49_214530	1
TGME49_214390	1
TGME49_214380	1
TGME49_218230	1
TGME49_214310	1
TGME49_237230	1
TGME49_236820	1
TGME49_236510	1
TGME49_236230	1
TGME49_217610	1
TGME49_216910	1
TGME49_235890	1
TGME49_221980	1
TGME49_245428	1
TGME49_245432	1
TGME49_214835	1
TGME49_222200	1
TGME49_219150	1
TGME49_222380	1
TGME49_300300	1
TGME49_300285	1
TGME49_219780	1
TGME49_300230	1
TGME49_300200	1
TGME49_300060	1
TGME49_309265	1
TGME49_309180	1
TGME49_215070	1
TGME49_215740	1
TGME49_298020	1
TGME49_215590	1
TGME49_308020	1
TGME49_219280	1
TGME49_219230	1
TGME49_215425	1
TGME49_211360	1
TGME49_201220	1
TGME49_227850	1
TGME49_212830	1
TGME49_209112	1
TGME49_209190	1
TGME49_253040	1
TGME49_209620	1
TGME49_321570	1
TGME49_220370	1
TGME49_212920	1
TGME49_285210	1
TGME49_213590	1
TGME49_213650	1
TGME49_213740	1
TGME49_287040	1
TGME49_286610	1
TGME49_286060	1
TGME49_209108	1
TGME49_209070	1
TGME49_209020	1
TGME49_253330	1
TGME49_208410	1
TGME49_254050	1
TGME49_208310	1
TGME49_207770	1
TGME49_207640	1
TGME49_321520	1
TGME49_321580	1
TGME49_209930	1
TGME49_209485	1
TGME49_208780	1
TGME49_207630	1
TGME49_207450	1
TGME49_207430	1
TGME49_285660	1
TGME49_275755	1
TGME49_254480	1
TGME49_242010	1
TGME49_244650	1
TGME49_238000	1
TGME49_238180	1
TGME49_299110	1
TGME49_239710	1
TGME49_240480	1
TGME49_242030	1
TGME49_287210	1
TGME49_299190	1
TGME49_243720	1
TGME49_243980	1
TGME49_254625	1
TGME49_244600	1
TGME49_230080	1
TGME49_244630	1
TGME49_243710	1
TGME49_242710	1
TGME49_242310	1
TGME49_242040	1
TGME49_240970	1
TGME49_240890	1
TGME49_240800	1
TGME49_240700	1
TGME49_240240	1
TGME49_240090	1
TGME49_239670	1
TGME49_283860	1
TGME49_285490	1
TGME49_285510	1
TGME49_285870	1
TGME49_286760	1
TGME49_295630	1
TGME49_293400	1
TGME49_228110	1
TGME49_292290	1
TGME49_289560	1
TGME49_289670	1
TGME49_289700	1
TGME49_290645	1
TGME49_290740	1
TGME49_291140	1
TGME49_304970	1
TGME49_267120	1
TGME49_305455	1
TGME49_305750	1
TGME49_267840	1
TGME49_267600	1
TGME49_267530	1
TGME49_267340	1
TGME49_289540	1
TGME49_288455	1
TGME49_267010	1
TGME49_319935	1
TGME49_301290	1
TGME49_301280	1
TGME49_301216	1
TGME49_301000	1
TGME49_210750	1
TGME49_211670	1
TGME49_318370	1
TGME49_319620	1
TGME49_319510	1
TGME49_319670	1
TGME49_319992	1
TGME49_320465	1
TGME49_319530	1
TGME49_267300	1
TGME49_266410	1
TGME49_254510	1
TGME49_305610	1
TGME49_291970	1
TGME49_254770	1
TGME49_292130	1
TGME49_307605	1
TGME49_305060	1
TGME49_254580	1
TGME49_305930	1
TGME49_266368	1
TGME49_306270	1
TGME49_306342	1
TGME49_306670	1
TGME49_293650	1
TGME49_295980	1
TGME49_293040	1
TGME49_290980	1
TGME49_299180	1
TGME49_289690	1
TGME49_289660	1
TGME49_289620	1
TGME49_289590	1
TGME49_289530	1
TGME49_289360	1
TGME49_289290	1
TGME49_288720	1
TGME49_288620	1
TGME49_288590	1
TGME49_288400	1
TGME49_288310	1
TGME49_320410	1
TGME49_264690	1
TGME49_320135	1
TGME49_230200	1
TGME49_231770	1
TGME49_232655	1
TGME49_262840	1
TGME49_263730	1
TGME49_263710	1
TGME49_263660	1
TGME49_263210	1
TGME49_263085	1
TGME49_262930	1
TGME49_262500	1
TGME49_259240	1
TGME49_262380	1
TGME49_261510	1
TGME49_261260	1
TGME49_260810	1
TGME49_260390	1
TGME49_260250	1
TGME49_264010	1
TGME49_264130	1
TGME49_255340	1
TGME49_256060	1
TGME49_256820	1
TGME49_257040	1
TGME49_257300	1
TGME49_258828	1
TGME49_261410	1
TGME49_261980	1
TGME49_262590	1
TGME49_262640	1
TGME49_262760	1
TGME49_263580	1
TGME49_223110	1
TGME49_263810	1
TGME49_281520	1
TGME49_260200	1
TGME49_259220	1
TGME49_273860	1
TGME49_236620	1
TGME49_225080	1
TGME49_224220	1
TGME49_223685	1
TGME49_234507	1
TGME49_235315	1
TGME49_235635	1
TGME49_237170	1
TGME49_259172	1
TGME49_215055	1
TGME49_215385	1
TGME49_215600	1
TGME49_215730	1
TGME49_228770	1
TGME49_228460	1
TGME49_225310	1
TGME49_225470	1
TGME49_225550	1
TGME49_225830	1
TGME49_228190	1
TGME49_255380	1
TGME49_255410	1
TGME49_255510	1
TGME49_221950	1
TGME49_255900	1
TGME49_256030	1
TGME49_257480	1
TGME49_258010	1
TGME49_258020	1
TGME49_258100	1
TGME49_258360	1
TGME49_222930	1
TGME49_201215	1
TGME49_211675	1
TGME49_201260	1
TGME49_271800	1
TGME49_233850	1
TGME49_274120	1
TGME49_273840	1
TGME49_273460	1
TGME49_271920	1
TGME49_271810	1
TGME49_271440	1
TGME49_201400	1
TGME49_271015	1
TGME49_270310	1
TGME49_270273	1
TGME49_269970	1
TGME49_269720	1
TGME49_269450	1
TGME49_233030	1
TGME49_232940	1
TGME49_232630	1
TGME49_232340	1
TGME49_232180	1
TGME49_232020	1
TGME49_297730	1
TGME49_230980	1
TGME49_229660	1
TGME49_229450	1
TGME49_229360	1
TGME49_229210	1
TGME49_268670	1
TGME49_269430	1
TGME49_270630	1
TGME49_271050	1
TGME49_272240	1
TGME49_269420	1
TGME49_269250	1
TGME49_268640	1
TGME49_304755	1
TGME49_201720	1
TGME49_201785	1
TGME49_202375	1
TGME49_202568	1
TGME49_202940	1
TGME49_203280	1
TGME49_203350	1
TGME49_204490	1
TGME49_205290	1
TGME49_205390	1
TGME49_205530	1
TGME49_297190	1
TGME49_323010	1
TGME49_206680	1
TGME49_280570	1
TGME49_268570	1
TGME49_201770	1
TGME49_202470	1
TGME49_202650	1
TGME49_204080	1
TGME49_204395	1
TGME49_204540	1
TGME49_205600	1
TGME49_206440	1
TGME49_280400	1
TGME49_200400	1
TGME49_200310	1
TGME49_297495	1
TGME49_268260	1
TGME49_268280	1
TGME49_302057	1
