gene_id	melting_temperature_tm
TGGT1_200010	54.0947731174584
TGGT1_200240	78.5846753974221
TGGT1_200280	60.82201288306295
TGGT1_200290	51.5054432520072
TGGT1_200310	55.0373865095965
TGGT1_200360	53.7443493733535
TGGT1_200400	55.8420465340533
TGGT1_200430	56.24919626032445
TGGT1_200440	53.982376110501
TGGT1_200460	56.59044876150565
TGGT1_200470	55.2786331192428
TGGT1_201130	58.301981079770954
TGGT1_201140	59.3195445397963
TGGT1_201180A	63.2915090273773
TGGT1_201200	78.4727111654249
TGGT1_201250	59.441489627243
TGGT1_201260	53.0600378599802
TGGT1_201270	61.6924029517375
TGGT1_201380	62.140318718570796
TGGT1_201390	60.06430837241765
TGGT1_201400	58.28359782408245
TGGT1_201520	51.4046808971193
TGGT1_201630A	56.8198803643583
TGGT1_201680	49.1229685165085
TGGT1_201700	54.567924563081604
TGGT1_201710	53.8429481678574
TGGT1_201780	61.2109263205912
TGGT1_201790	54.060005994605504
TGGT1_201800	56.745333157557454
TGGT1_201840	54.1532369336796
TGGT1_201860	56.774650720257
TGGT1_201880	59.172925410259396
TGGT1_202170	56.033097484847
TGGT1_202190	56.3874956802588
TGGT1_202200	54.58727981738385
TGGT1_202230	56.08206680978565
TGGT1_202300	63.635337893180704
TGGT1_202310	56.3042478362093
TGGT1_202360	51.18109984100045
TGGT1_202370	55.29750382317356
TGGT1_202380	52.24684779978835
TGGT1_202390	52.238080540339354
TGGT1_202420	56.05009678476695
TGGT1_202460	53.9890842270623
TGGT1_202470	53.44219315176635
TGGT1_202480	57.4518075636148
TGGT1_202500	65.35932180906624
TGGT1_202530	50.80048915897445
TGGT1_202572	55.7041848538765
TGGT1_202580	52.069478974367
TGGT1_202620	60.3779408421758
TGGT1_202630	54.7763592113892
TGGT1_202680	49.85335034436585
TGGT1_202740	60.5001473399414
TGGT1_202750	57.0492196266831
TGGT1_202760	62.233648578797045
TGGT1_202770	53.6217081684036
TGGT1_202780	57.8874033304202
TGGT1_202820	53.472218671499505
TGGT1_202830	57.2627041717904
TGGT1_202840	54.81443537497445
TGGT1_202850	54.848814754789046
TGGT1_202900	59.5438937690382
TGGT1_202920	61.9067837917942
TGGT1_202950	52.8143146827442
TGGT1_202960	59.8808210351028
TGGT1_203080	59.77962871861675
TGGT1_203150	60.2656994796593
TGGT1_203160	55.22096926422395
TGGT1_203170	55.059331927584
TGGT1_203180	56.131952278937
TGGT1_203220	53.4217722000342
TGGT1_203240	53.3382555334156
TGGT1_203290	53.2550663678652
TGGT1_203300	56.6641037291729
TGGT1_203320	59.1487612765882
TGGT1_203370	55.56969629745725
TGGT1_203380	53.9544934539719
TGGT1_203390	52.85790482402985
TGGT1_203400	56.9497157981028
TGGT1_203450	53.0932667775421
TGGT1_203460	61.020922918868706
TGGT1_203480	60.1706306145443
TGGT1_203490	49.873629485645
TGGT1_203510	53.687840021830354
TGGT1_203540	55.7780098632527
TGGT1_203600	54.5529863995325
TGGT1_203610	56.206920189682805
TGGT1_203630	54.3027216865045
TGGT1_203690	56.1297003138638
TGGT1_203750	56.43237307372965
TGGT1_203760	56.384097579783
TGGT1_203780	68.96631758653325
TGGT1_203790	61.3101019318551
TGGT1_203810	53.1363387661866
TGGT1_203820	53.814895113472
TGGT1_203860	65.86680272752804
TGGT1_203870	59.194187741572804
TGGT1_203910	52.67061946370945
TGGT1_203950	56.9220285995292
TGGT1_203970	54.776096588256806
TGGT1_203980	53.88775761238105
TGGT1_204020	51.6571543516675
TGGT1_204050	60.0502373910594
TGGT1_204060	61.78443455991585
TGGT1_204070	55.4894245848402
TGGT1_204080	55.6035063827247
TGGT1_204100	55.4537219602892
TGGT1_204130	61.487084845613396
TGGT1_204160	60.8796521298365
TGGT1_204310	54.673053817809645
TGGT1_204320	53.7706753368268
TGGT1_204340	53.8831196072884
TGGT1_204350	55.6055677823294
TGGT1_204370	52.3183533135959
TGGT1_204390	56.0171432447215
TGGT1_204400	55.47181713798725
TGGT1_204410	60.532816871057
TGGT1_204480	49.52872721882205
TGGT1_204880	70.0639255467074
TGGT1_205000	58.3617145863307
TGGT1_205010	52.273526676341305
TGGT1_205040	52.7138857279108
TGGT1_205100	54.8317324303637
TGGT1_205130	55.5926200532014
TGGT1_205140	57.8852819315723
TGGT1_205180	49.7180306940544
TGGT1_205200	52.849258674387
TGGT1_205210	60.8700450107837
TGGT1_205220	50.09299081826765
TGGT1_205240	53.8494642994479
TGGT1_205250	50.1639869725162
TGGT1_205300	55.2948783480954
TGGT1_205330	69.9890213888902
TGGT1_205350	51.785525661518705
TGGT1_205360	57.96633294611825
TGGT1_205380	56.4975684509674
TGGT1_205440	55.3069130143175
TGGT1_205460	58.8478909211097
TGGT1_205470	53.9541764837729
TGGT1_205480	55.8674232082608
TGGT1_205500	70.5275468117967
TGGT1_205510	53.3788099960491
TGGT1_205540	45.53826742262
TGGT1_205550	55.7535797090636
TGGT1_205570	55.546569466026696
TGGT1_205600	60.11377477718425
TGGT1_205625	55.9566520862807
TGGT1_205650	59.3690729076693
TGGT1_205690	57.5508765169856
TGGT1_205700	59.14478596305145
TGGT1_205710	49.9701099904901
TGGT1_205730	53.95737123139385
TGGT1_205740	52.23558538398365
TGGT1_205750	55.36108278885615
TGGT1_206300	58.8813262015228
TGGT1_206320	63.6743590343564
TGGT1_206340	63.51482470073866
TGGT1_206440	54.1241749076402
TGGT1_206450	61.4060372581937
TGGT1_206480	54.5365920816883
TGGT1_206490	52.810082983755
TGGT1_206500	58.0682092444833
TGGT1_206510	57.521007786179396
TGGT1_206540	56.4243544735623
TGGT1_206580	57.05562226958575
TGGT1_206590	52.54935018202055
TGGT1_206610	51.43417799683555
TGGT1_206630	50.271747750985895
TGGT1_206670	55.7164385097054
TGGT1_206680	57.1216020956534
TGGT1_206690	66.73349811409595
TGGT1_206710	51.8990897132954
TGGT1_207060	60.880217717612496
TGGT1_207130	51.5805448339121
TGGT1_207150	62.1513708027081
TGGT1_207170	60.6317462215002
TGGT1_207240	61.1461622805372
TGGT1_207250	53.0043859700452
TGGT1_207370	60.336800299733
TGGT1_207390	55.09673129699915
TGGT1_207400	62.1789411139304
TGGT1_207430	51.2397926877364
TGGT1_207440	49.51838552034165
TGGT1_207450	51.74170498526105
TGGT1_207460B	52.8972566781863
TGGT1_207480	61.1177841022403
TGGT1_207620	56.470272414915996
TGGT1_207640	52.50066752518285
TGGT1_207680	59.2117922260254
TGGT1_207710	53.6595484980744
TGGT1_207720	51.8239378592406
TGGT1_207760	54.3172726328062
TGGT1_207770	54.0522805479585
TGGT1_207830	60.4281391647276
TGGT1_207840	45.091656491006205
TGGT1_207910	55.0358762600781
TGGT1_207930	64.1669726171443
TGGT1_207950	75.3224849762577
TGGT1_208070	61.919521445014
TGGT1_208200	53.7346689270746
TGGT1_208320	50.326885200150556
TGGT1_208350	54.44028480478815
TGGT1_208370	56.62001167148435
TGGT1_208390	58.05387906807005
TGGT1_208400A	62.070024854179
TGGT1_208400B	60.573069695521596
TGGT1_208440	56.2310897287979
TGGT1_208500	61.41665074922955
TGGT1_208530	62.51741828025075
TGGT1_208550	58.6432272251246
TGGT1_208560	51.56092229869965
TGGT1_208580	55.3082620693417
TGGT1_208590	52.72664958623665
TGGT1_208780	56.7781170648125
TGGT1_208790	52.243658766709046
TGGT1_208800	58.3135881993714
TGGT1_208830	53.4433822175709
TGGT1_208850	64.4393891816485
TGGT1_208970	53.952072176516396
TGGT1_208990	67.7483952463521
TGGT1_209000	61.0313730231994
TGGT1_209010	55.9341545061474
TGGT1_209030	57.60832235704195
TGGT1_209060	56.5079425010114
TGGT1_209080	56.66282439943875
TGGT1_209090	61.46850503531995
TGGT1_209100	52.3266519901984
TGGT1_209108	56.29040554449105
TGGT1_209130	55.7166895881552
TGGT1_209140	56.0279841887336
TGGT1_209150	50.658721727708354
TGGT1_209160	52.11474474163625
TGGT1_209170	55.18993982723295
TGGT1_209190	52.6478032314674
TGGT1_209210	52.5474279562255
TGGT1_209240	55.3662637143377
TGGT1_209250	56.9087991738684
TGGT1_209260	50.31499779617825
TGGT1_209280	61.754812088565956
TGGT1_209440	66.1077373399599
TGGT1_209450	54.40508820767395
TGGT1_209500	58.3161492592841
TGGT1_209600	55.10533121674605
TGGT1_209680	54.59001015000265
TGGT1_209690	52.0632737155526
TGGT1_209700	57.7113471684284
TGGT1_209720	51.4601732129977
TGGT1_209730	60.5224166123501
TGGT1_209790	59.97904881460235
TGGT1_209800	62.5292416551958
TGGT1_209850	58.274958860051
TGGT1_209870	62.734896129848046
TGGT1_209890	58.65046013586485
TGGT1_209910	50.51904540860235
TGGT1_209945	55.52283411849905
TGGT1_209950	56.6209617653388
TGGT1_209960	53.2624131146341
TGGT1_209985	53.48055377493555
TGGT1_210095	58.630892932708804
TGGT1_210300	54.9746047146666
TGGT1_210360	53.97993805568455
TGGT1_210370	53.37770207066385
TGGT1_210380	46.9715985015605
TGGT1_210440	51.3475237210487
TGGT1_210690	50.69467150488185
TGGT1_210700	54.3787260417819
TGGT1_210730	56.2479668667543
TGGT1_210778	52.6596249560164
TGGT1_210790	53.59346004616745
TGGT1_210800	54.463968881305746
TGGT1_210810	60.5015261268513
TGGT1_210820	52.9124333228815
TGGT1_210830	57.30221881438855
TGGT1_210840	50.72127146404275
TGGT1_210960	55.111306945440404
TGGT1_210980	62.0569152574774
TGGT1_211020	57.1699521928671
TGGT1_211060	58.194972742248495
TGGT1_211090	51.87371238548235
TGGT1_211150	53.7526846498192
TGGT1_211230	54.4550021946041
TGGT1_211240	56.935945730506404
TGGT1_211250	52.20529359080865
TGGT1_211260	57.53671581066345
TGGT1_211290	67.1899814852684
TGGT1_211340	62.8931195609839
TGGT1_211350	54.9526270011904
TGGT1_211390	56.45669066796745
TGGT1_211400	63.246908204449504
TGGT1_211410	52.1026490678161
TGGT1_211440	51.5664553556246
TGGT1_211460	55.96626030421005
TGGT1_211670	55.98841318130975
TGGT1_211680	63.0728690857919
TGGT1_211690	52.9215984418554
TGGT1_211695	55.8560147639388
TGGT1_211710	56.7712757418526
TGGT1_211730	59.8588172450062
TGGT1_211850	65.0932824082197
TGGT1_212090	57.05317072603345
TGGT1_212130	54.6515065236263
TGGT1_212150	54.2064202627827
TGGT1_212170	52.6506736745104
TGGT1_212220	64.2465500937366
TGGT1_212250	51.46305068747925
TGGT1_212260	64.0296544913142
TGGT1_212270	64.9060134148125
TGGT1_212290	46.811832379039046
TGGT1_212300	53.36448542307255
TGGT1_212310	64.13527543345344
TGGT1_212410	55.3307365660132
TGGT1_212760	61.9558229709814
TGGT1_212770	53.8386773959293
TGGT1_212820	64.1191036102217
TGGT1_212840	58.366530270561455
TGGT1_212850	55.2097849204283
TGGT1_212930	62.2621766894445
TGGT1_212950	54.3562533269518
TGGT1_212960A	54.2766396116186
TGGT1_212960B	54.315465456147095
TGGT1_212980	57.35485445784775
TGGT1_212990	58.86539759296835
TGGT1_213000	52.77149517532045
TGGT1_213010	52.8306810103875
TGGT1_213060	60.92203601735495
TGGT1_213067	49.4363243075996
TGGT1_213072	52.5452018096673
TGGT1_213240	61.102611717662654
TGGT1_213300	55.9431481348921
TGGT1_213350	44.18170473829725
TGGT1_213392	57.4231518142027
TGGT1_213410	62.51052873030585
TGGT1_213520	64.3021221021444
TGGT1_213610	59.3486189144202
TGGT1_213650	58.3480282827108
TGGT1_213660	50.3459431707596
TGGT1_213670	55.471497227152895
TGGT1_213680	54.68501837618
TGGT1_213690	58.6163059182134
TGGT1_213730	52.58930583149415
TGGT1_213740	54.7952637351738
TGGT1_213770	53.8554675031842
TGGT1_213790	53.29514460815675
TGGT1_213830	52.353266541805695
TGGT1_213870	53.7692657891409
TGGT1_213880	66.3947868965531
TGGT1_213890	52.2951346492643
TGGT1_213900	51.26183195510255
TGGT1_213910	52.8538261665095
TGGT1_213930	64.5505940448192
TGGT1_214090	58.1098182578079
TGGT1_214110	54.4931021141909
TGGT1_214140	57.0098873252486
TGGT1_214150	54.1718149497203
TGGT1_214170	54.29084963499855
TGGT1_214180	59.0566757376961
TGGT1_214190	66.4272214223975
TGGT1_214200	52.4918270169435
TGGT1_214210	58.1045392316674
TGGT1_214230	56.850869932851
TGGT1_214240	54.0312461958948
TGGT1_214250	54.3154597594754
TGGT1_214260	53.439470600130306
TGGT1_214270	55.043792910010254
TGGT1_214290	63.579256539225
TGGT1_214320	51.50318328593295
TGGT1_214350	52.0232687996493
TGGT1_214440	51.1524474760949
TGGT1_214480	57.1911947463676
TGGT1_214490	56.75742633613025
TGGT1_214500	55.9620844119734
TGGT1_214575	54.3934787335077
TGGT1_214600	53.838687189336
TGGT1_214610	54.99588980535475
TGGT1_214620	53.3192725718512
TGGT1_214740	59.0982628940231
TGGT1_214750	51.43578864605955
TGGT1_214760	51.05186120566515
TGGT1_214770	59.112432276025004
TGGT1_214780	56.7270212442478
TGGT1_214800	56.89436774463605
TGGT1_214810	60.8316207697003
TGGT1_214820	53.2367873283268
TGGT1_214830	52.1092707763022
TGGT1_214840	56.79664865854435
TGGT1_214850	55.0852818443972
TGGT1_214870	56.8299774380794
TGGT1_214910	53.1886395866511
TGGT1_214930	66.2066971686822
TGGT1_214960	58.9981618645277
TGGT1_214970	53.532557039365955
TGGT1_214980	68.4833363048167
TGGT1_214990	55.9052196969873
TGGT1_215010	52.5882627020278
TGGT1_215040	53.82297755462595
TGGT1_215060	50.784470245339904
TGGT1_215150	68.246236257406
TGGT1_215170	54.8420519119022
TGGT1_215220	55.043387849622846
TGGT1_215230	59.480766394347
TGGT1_215250	58.7060628688366
TGGT1_215260	53.342139293337596
TGGT1_215280	54.28952068086415
TGGT1_215290	51.743834379252505
TGGT1_215360	59.6230815877851
TGGT1_215420	57.038748972129
TGGT1_215430	59.6035822673696
TGGT1_215440	60.4200310739733
TGGT1_215460	53.29759076097825
TGGT1_215470	51.7371651811287
TGGT1_215490	50.990721625058754
TGGT1_215560	53.74896227701575
TGGT1_215590	50.66282985968215
TGGT1_215610	51.217550500955554
TGGT1_215700	54.7608167288093
TGGT1_215710	53.1093892127547
TGGT1_215730	55.3114342250482
TGGT1_215740	56.53038014589035
TGGT1_215750	56.827978886755
TGGT1_215775	58.6283946581678
TGGT1_215890	56.635686032879
TGGT1_215910	57.756273201083104
TGGT1_215940	52.50599617582195
TGGT1_215950	58.103090399474155
TGGT1_215980	50.684614648175696
TGGT1_216020	54.95475767384475
TGGT1_216030A	58.0789409702418
TGGT1_216030B	58.0723478107352
TGGT1_216050	54.0144789533841
TGGT1_216060	60.5104094710844
TGGT1_216080	57.5299078241226
TGGT1_216120	55.0006701687099
TGGT1_216130	59.77985938156701
TGGT1_216180	60.6656738251511
TGGT1_216210	55.7214732837384
TGGT1_216220	53.642559854534454
TGGT1_216260	53.676760274220854
TGGT1_216335	55.7503859328319
TGGT1_216410	53.94612371317455
TGGT1_216450	67.046992379816
TGGT1_216510	61.07999540790665
TGGT1_216530	51.19724731768805
TGGT1_216580	57.2965941886679
TGGT1_216590	51.98595309413675
TGGT1_216600	53.430965085745896
TGGT1_216620	53.4229656786309
TGGT1_216630	56.8888318086511
TGGT1_216650	61.12391454241755
TGGT1_216660	52.2858896095495
TGGT1_216670	48.717697183065454
TGGT1_216680	52.050605817151606
TGGT1_216720	58.9458936051696
TGGT1_216730	53.0055773133256
TGGT1_216750	58.0034520572466
TGGT1_216770	65.59476270965915
TGGT1_216790	56.02557409624095
TGGT1_216810	54.854896600428205
TGGT1_216820	55.29142482625335
TGGT1_216860	53.3711830506919
TGGT1_216880	59.919099988055706
TGGT1_216890	52.363784143677904
TGGT1_216900	68.24228440126825
TGGT1_216930	62.57474616134935
TGGT1_216960	52.20119536955535
TGGT1_217000	54.1315565310392
TGGT1_217020	55.2648946922161
TGGT1_217030	65.664398099171
TGGT1_217050	56.8601284367921
TGGT1_217220	54.658677205960146
TGGT1_217350	52.1379804156571
TGGT1_217410	55.50979966774085
TGGT1_217430	54.6529770853481
TGGT1_217440	58.376484575317605
TGGT1_217450	53.575695262029
TGGT1_217460	52.0314844389746
TGGT1_217480	51.5797254712588
TGGT1_217510	62.27891504544815
TGGT1_217530	52.2152209514054
TGGT1_217540	52.519693689076504
TGGT1_217550	69.5326375069472
TGGT1_217560	53.866723829408954
TGGT1_217570	51.2624920161984
TGGT1_217600	50.1830171669263
TGGT1_217680	68.1780071532817
TGGT1_217700	53.5834045855708
TGGT1_217740	51.832208837634056
TGGT1_217820	51.223641658244404
TGGT1_217850	55.4873808994382
TGGT1_217870	58.6645013886084
TGGT1_217910	52.7976254260841
TGGT1_218070	58.2799010839342
TGGT1_218200	53.193676102484105
TGGT1_218220	51.4915247689471
TGGT1_218250	59.83950314018405
TGGT1_218270	52.5254427167697
TGGT1_218280	51.921317486194454
TGGT1_218300	56.97792399250175
TGGT1_218358	56.88082698050595
TGGT1_218410	54.65311129958985
TGGT1_218420	56.97873318357015
TGGT1_218530	59.09604357588695
TGGT1_218540	52.301561184396746
TGGT1_218580	56.2678975747309
TGGT1_218590	54.43467465272985
TGGT1_218610	50.2011375506319
TGGT1_218720	55.3934862848595
TGGT1_218730	53.386843935150054
TGGT1_218760	53.02034549718315
TGGT1_218780	59.36644939187825
TGGT1_218800	50.8579304089579
TGGT1_218820	58.3072670447178
TGGT1_218830	53.859936687293455
TGGT1_218840	54.1848684924308
TGGT1_218880	55.4079190830143
TGGT1_218920	73.0881627664079
TGGT1_218940	50.919083511302844
TGGT1_218950	58.4565318096725
TGGT1_218960	55.71522604649195
TGGT1_219070	51.9790831543573
TGGT1_219080	49.95455863828805
TGGT1_219120	58.8061323312011
TGGT1_219130	57.9433175912871
TGGT1_219140	52.815946525255654
TGGT1_219190	60.419210884679046
TGGT1_219210	58.9344870436952
TGGT1_219230	52.6988494362146
TGGT1_219240	60.85455685549336
TGGT1_219250	54.14528729653685
TGGT1_219270	60.72451345671105
TGGT1_219280	52.2950474767198
TGGT1_219290	58.5616222288502
TGGT1_219300	65.1767669480801
TGGT1_219310	54.7083549677923
TGGT1_219320	56.738726789985904
TGGT1_219440	54.0678523161018
TGGT1_219460	55.9145873410654
TGGT1_219520	52.5414122177649
TGGT1_219540	52.232079918262045
TGGT1_219550	51.2584015510388
TGGT1_219590	55.93368445406955
TGGT1_219600	56.2811582551776
TGGT1_219630	52.18789672551085
TGGT1_219640	54.1115992104852
TGGT1_219682	52.53204363206645
TGGT1_219700	53.307799990397854
TGGT1_219710	55.4915652352542
TGGT1_219720	55.315950042317496
TGGT1_219738	51.942818698587445
TGGT1_219750	67.2083181730588
TGGT1_219760	51.57931138927305
TGGT1_219790A	53.514352529628354
TGGT1_219790B	57.6730282527325
TGGT1_219800	53.37727386520825
TGGT1_219810	54.751920002316595
TGGT1_219850	52.188959578305955
TGGT1_219860	54.69498296246295
TGGT1_220090	59.4020830069976
TGGT1_220100	63.8657084471592
TGGT1_220110	49.7091641453499
TGGT1_220140	60.8616419700328
TGGT1_220160	54.9696554459366
TGGT1_220190	56.3108469772541
TGGT1_220200	53.5731200222981
TGGT1_220212	54.4624923349838
TGGT1_220230A	54.7382910720459
TGGT1_220230B	54.42603627550015
TGGT1_220240	66.3297166332775
TGGT1_220250	66.7045412355152
TGGT1_220260	50.5334407970506
TGGT1_220320	54.67846001926005
TGGT1_220350	51.5165155234774
TGGT1_220360	55.038198508077
TGGT1_220390	59.7866520933199
TGGT1_220430	59.348231867205456
TGGT1_220450	55.6984599512603
TGGT1_220500	64.4916993875564
TGGT1_220570	53.1662393347865
TGGT1_220600	52.740514037279354
TGGT1_220610	58.2697723180528
TGGT1_220860	52.491556824839805
TGGT1_220880	54.00548659020215
TGGT1_220890	55.161168075095205
TGGT1_220900	73.8426669243833
TGGT1_220910	57.4294187088888
TGGT1_220920	53.6478379620628
TGGT1_220930	53.9809587958722
TGGT1_220950	51.1012409229791
TGGT1_221170	50.334955618287196
TGGT1_221180	58.1813534114819
TGGT1_221190	53.07549558737455
TGGT1_221200A	61.16255920024855
TGGT1_221200B	60.6955725621332
TGGT1_221210	57.09957564830225
TGGT1_221230	54.43036291869155
TGGT1_221320	52.4977122269178
TGGT1_221360	58.2694677508055
TGGT1_221380	50.67623343940875
TGGT1_221390	58.6204287551151
TGGT1_221410	57.58631149147235
TGGT1_221440	67.1808614411996
TGGT1_221460	54.3424972710771
TGGT1_221470	64.80333039021525
TGGT1_221490	53.3378486960854
TGGT1_221510	54.396528320882354
TGGT1_221522	52.594684618738555
TGGT1_221580	58.769647990169446
TGGT1_221610	53.6747566146425
TGGT1_221620	61.2615645382291
TGGT1_221630	45.5875485393309
TGGT1_221660	54.09424584989565
TGGT1_221670	55.5152202533266
TGGT1_221685	57.1420560194124
TGGT1_221690	52.8430557338281
TGGT1_221700	55.613419699699
TGGT1_221720	56.9804655340565
TGGT1_221850	49.5986110091474
TGGT1_221870	60.08053404477275
TGGT1_221910	65.4649502004172
TGGT1_221922	58.2010568227712
TGGT1_221940	54.3314430530809
TGGT1_221950	51.64256192139855
TGGT1_221970	56.695686583028746
TGGT1_221980	64.87698385828641
TGGT1_222000	55.4346776344425
TGGT1_222020	53.640621885658106
TGGT1_222040	60.3374055203389
TGGT1_222050	59.016550411233
TGGT1_222090	58.5873400718313
TGGT1_222100	56.185378361167395
TGGT1_222110	55.147593394271595
TGGT1_222160	63.4846485134411
TGGT1_222170	54.125524126779396
TGGT1_222192	55.38041920408445
TGGT1_222230	55.9739714977296
TGGT1_222240	59.79118058602
TGGT1_222270	54.89816733424175
TGGT1_222290	58.3823748996284
TGGT1_222300	73.27992846615274
TGGT1_222310	56.3126801606909
TGGT1_222360	50.6523289532644
TGGT1_222370	59.842377671004
TGGT1_222380	51.51158619798235
TGGT1_222400	53.9337136049885
TGGT1_222410	52.56347188345915
TGGT1_222430	54.60705384811475
TGGT1_222440	54.1411714992002
TGGT1_222660	52.8429515326351
TGGT1_222710	68.5954376356637
TGGT1_222800	55.0951935174022
TGGT1_222840	64.1272001156884
TGGT1_222850	62.86564530322555
TGGT1_222860	51.00993063041995
TGGT1_222870	57.8849500234148
TGGT1_222900	58.901972758331
TGGT1_222910	60.334165266799644
TGGT1_222920	52.648614956590194
TGGT1_222952	55.4163530800695
TGGT1_222960	53.152959483375
TGGT1_222970	64.0079661900215
TGGT1_222990	54.6636694538497
TGGT1_223000	57.000774677848
TGGT1_223020	67.90606744712021
TGGT1_223040	57.3562647815471
TGGT1_223050	56.4965326849023
TGGT1_223070	56.2546971810043
TGGT1_223080	53.2506761110253
TGGT1_223110	55.156037255783545
TGGT1_223125	57.79488089857905
TGGT1_223140	51.45560907424985
TGGT1_223390	48.9227085696526
TGGT1_223410	52.251224814134204
TGGT1_223485	52.5866121977987
TGGT1_223510	53.7460900114899
TGGT1_223540	51.790175516192946
TGGT1_223560	60.9149416042678
TGGT1_223570	52.9464280334295
TGGT1_223580	62.1895004397531
TGGT1_223600	52.1165533028491
TGGT1_223610	55.8366928831104
TGGT1_223620	53.2816361042122
TGGT1_223668	66.0457772381692
TGGT1_223690	57.2665322069399
TGGT1_223710	51.1154645412713
TGGT1_223760	54.9725994343691
TGGT1_223780	54.8566222738878
TGGT1_223800	68.22381114335249
TGGT1_223840	56.7383448141009
TGGT1_223880	57.37904045076215
TGGT1_223910	53.882836180013754
TGGT1_223920	50.0231465178937
TGGT1_223930	51.797217043366004
TGGT1_223960	58.319170812402405
TGGT1_224050	53.5872326333972
TGGT1_224060	51.74728193000915
TGGT1_224090	53.867038489634155
TGGT1_224110	58.4992502257788
TGGT1_224150	51.734921876677646
TGGT1_224170	50.111641694297
TGGT1_224200	55.3929036524507
TGGT1_224205	52.9065619745386
TGGT1_224210	57.72044709613205
TGGT1_224220	56.2665449484492
TGGT1_224240	51.4453019230505
TGGT1_224260	58.4680460456275
TGGT1_224270	56.587964196234054
TGGT1_224280	56.05243960817245
TGGT1_224310	54.3067672736486
TGGT1_224330	63.2758857767779
TGGT1_224340	56.2618217557293
TGGT1_224350A	54.775448522677095
TGGT1_224460	62.6405493754518
TGGT1_224480	56.963792608082
TGGT1_224490	56.9686949885372
TGGT1_224580	51.3308649889365
TGGT1_224590	56.5393428719621
TGGT1_224600	57.1806139487953
TGGT1_224630	57.9730226388682
TGGT1_224660	56.48831932928855
TGGT1_224720	55.1744858111869
TGGT1_224730	59.1426518589929
TGGT1_224740	63.9458780539595
TGGT1_224760	69.1471256010302
TGGT1_224800	54.0880030787973
TGGT1_224820	54.3041658401295
TGGT1_224850	49.384330747733244
TGGT1_224860	58.7536714366527
TGGT1_224870	48.3420336182693
TGGT1_224890	57.28362663773455
TGGT1_224900	63.5772890439247
TGGT1_224910	76.7751043919312
TGGT1_224920	54.060957671885
TGGT1_224950	55.4448538491472
TGGT1_224960	54.86587270612045
TGGT1_224980	54.27300777375915
TGGT1_224990	57.0405044238621
TGGT1_225000	55.2576905874041
TGGT1_225010	51.481729670039954
TGGT1_225060	58.1971901191067
TGGT1_225080	45.030432999797895
TGGT1_225150	63.1932095985655
TGGT1_225160	53.421355118098
TGGT1_225190	54.0655842975918
TGGT1_225200	53.991547423235446
TGGT1_225230	59.8343298920785
TGGT1_225260	55.4832487063082
TGGT1_225280	51.4004989740599
TGGT1_225310	63.833014943620356
TGGT1_225320	63.40043971121925
TGGT1_225330	60.059323452128694
TGGT1_225360	58.4545824689051
TGGT1_225450	51.9827630703721
TGGT1_225470	53.452643412184
TGGT1_225480	61.5590526267616
TGGT1_225550	53.280832167981345
TGGT1_225555	55.003035545066396
TGGT1_225560	55.7202488952073
TGGT1_225570	54.0977652702686
TGGT1_225580	53.2777074695545
TGGT1_225690	65.02011661871875
TGGT1_225710	60.6450048229555
TGGT1_225730	50.50334916501365
TGGT1_225745	50.0756708996743
TGGT1_225790	60.2061252112351
TGGT1_225800	55.4627044454796
TGGT1_225820	57.0121065687472
TGGT1_225840	57.8107841357596
TGGT1_225850	54.60767768739515
TGGT1_225860	55.45347400929995
TGGT1_225880	51.75047447753305
TGGT1_225890	56.6249716272996
TGGT1_225930	54.6075280366035
TGGT1_225940	62.3713461275114
TGGT1_225990	55.48130348934415
TGGT1_226000	61.0396742319596
TGGT1_226020	53.39693552397915
TGGT1_226030	53.38453720016495
TGGT1_226040	58.6356096078588
TGGT1_226060	52.67045038532425
TGGT1_226068	53.068434346278195
TGGT1_226072	68.38068129664495
TGGT1_226080A	51.5035360386034
TGGT1_226090	54.7362102101889
TGGT1_226220	54.0217056813643
TGGT1_226240	62.27885728343816
TGGT1_226250	49.40578659026395
TGGT1_226260	55.0899431390102
TGGT1_226270	57.907138615964
TGGT1_226320	52.1774628048104
TGGT1_226340	55.07776397147195
TGGT1_226350	53.935630934970604
TGGT1_226380	50.60636339180185
TGGT1_226400	54.242882643902
TGGT1_226410	52.6168194994449
TGGT1_226420	57.36358172632245
TGGT1_226430	59.552783641339545
TGGT1_226440	53.120344091096555
TGGT1_226470	59.1294991871244
TGGT1_226500	53.43859714882515
TGGT1_226510	54.7136544723705
TGGT1_226550	56.0617483658475
TGGT1_226580	50.1603682817739
TGGT1_226590	51.8790308882501
TGGT1_226600	54.48830598477565
TGGT1_226620	58.36481997140235
TGGT1_226640	54.6324608988104
TGGT1_226660	54.756945819314595
TGGT1_226680	69.38200362180685
TGGT1_226690	54.7605056078161
TGGT1_226710	54.573252321362546
TGGT1_226720	58.3028195494761
TGGT1_226730	54.4091323267968
TGGT1_226755	46.6586657606675
TGGT1_226780	58.71477468571545
TGGT1_226800	61.7610017204429
TGGT1_226810	55.10025190305015
TGGT1_226830	54.9915232903766
TGGT1_226860	61.5598937836582
TGGT1_226890	48.68212905681315
TGGT1_226900	58.6093445115058
TGGT1_226910	53.75908987960095
TGGT1_226950	60.0796839678426
TGGT1_226960	54.44093313011025
TGGT1_226970	49.715202818241
TGGT1_227020	54.4157208219902
TGGT1_227030	51.16431673033945
TGGT1_227060	54.2267954517296
TGGT1_227260	61.3407808635035
TGGT1_227280	51.45783803728774
TGGT1_227290	53.7657745163035
TGGT1_227300	58.7044454459776
TGGT1_227350	60.4255249273387
TGGT1_227360	46.0177014317311
TGGT1_227390	53.47561629315405
TGGT1_227410	61.7636320324429
TGGT1_227420	56.82281093444
TGGT1_227450	57.5393506107417
TGGT1_227560	58.7762231244304
TGGT1_227600	56.1115978063191
TGGT1_227610	54.3158725799877
TGGT1_227650	51.7947913508689
TGGT1_227780	53.18403443831675
TGGT1_227790	52.2588506184222
TGGT1_227800	56.27343404177365
TGGT1_227810	51.4144096750654
TGGT1_227820	59.4169804138403
TGGT1_227830	51.75158415673465
TGGT1_227840	55.73496968575595
TGGT1_227850	53.6013263904846
TGGT1_227870	65.1140310161401
TGGT1_227900	56.7755066114702
TGGT1_227910	54.484142610926654
TGGT1_227920	54.2290653993938
TGGT1_227948	51.8628254244528
TGGT1_227952	55.27257473011845
TGGT1_227960	54.035791509082
TGGT1_227980	57.442157308754346
TGGT1_227990	51.0573295506395
TGGT1_228000	52.95994829247325
TGGT1_228010	54.441546558867
TGGT1_228040	57.5627103584667
TGGT1_228080	52.863539586359096
TGGT1_228100	54.829877080846
TGGT1_228120	55.6660554994139
TGGT1_228130	55.0525191768772
TGGT1_228150	58.108045901497306
TGGT1_228170	52.4609663262808
TGGT1_228180	50.5938738308709
TGGT1_228190	53.49517168628335
TGGT1_228200	62.46843717131959
TGGT1_228210	54.6060694144091
TGGT1_228230	57.5044016908535
TGGT1_228290	52.80874371874225
TGGT1_228300	56.4905798928817
TGGT1_228340	53.6469354952075
TGGT1_228360	50.909266955227
TGGT1_228395	49.1843267011179
TGGT1_228400	55.650940287099104
TGGT1_228460	53.5226770466127
TGGT1_228470	51.8253458023326
TGGT1_228490	57.2786245186803
TGGT1_228630	53.35426068181705
TGGT1_228660	55.66790652286895
TGGT1_228750	56.25925430099865
TGGT1_228760	52.477786256934
TGGT1_228770	55.0254090626441
TGGT1_229000	54.73764134405995
TGGT1_229010	53.893590754676
TGGT1_229030	54.536354452390654
TGGT1_229140	51.283766958919756
TGGT1_229180	52.1956750095226
TGGT1_229210	52.465910458212846
TGGT1_229250B	50.13781628840995
TGGT1_229290	56.0476742092123
TGGT1_229310	54.2511086511007
TGGT1_229350	58.0242792832501
TGGT1_229360	52.887934303348004
TGGT1_229380	55.4703896839327
TGGT1_229390	54.5670917566415
TGGT1_229420	60.70129294940605
TGGT1_229460	55.996220206922004
TGGT1_229490	56.1720602133521
TGGT1_229500	62.3916004241164
TGGT1_229630	57.6775593191096
TGGT1_229640	66.13472888751599
TGGT1_229650	53.357527474114306
TGGT1_229670	49.18777092805185
TGGT1_229680	56.0762428015483
TGGT1_229690	61.0118143362799
TGGT1_229750	55.75902098562655
TGGT1_229780	51.7239919437077
TGGT1_229790	53.0891998274736
TGGT1_229920	51.292301990336654
TGGT1_229940	56.08389804360145
TGGT1_229950	54.54721484871175
TGGT1_229990	55.361925303849
TGGT1_230000	55.14061422710675
TGGT1_230010	55.417008227618595
TGGT1_230060	51.66981390368515
TGGT1_230100	54.7036911734858
TGGT1_230140	58.0714372091449
TGGT1_230220	53.6357888319249
TGGT1_230230	59.6060842680603
TGGT1_230350	52.9979490676803
TGGT1_230380	58.9503635053792
TGGT1_230400	61.148564913108245
TGGT1_230420	52.3150158941277
TGGT1_230430	51.1036794643392
TGGT1_230450	53.86863281179
TGGT1_230480	57.928096865456254
TGGT1_230490	54.04477761946215
TGGT1_230510	60.5945128220868
TGGT1_230520	53.151176395273254
TGGT1_230570	54.1135654089746
TGGT1_230580	57.27428734120845
TGGT1_230590	54.467655885418296
TGGT1_230630	52.0063420184443
TGGT1_230690	54.9898561426691
TGGT1_230700	57.999793615978206
TGGT1_230705	66.275389746968
TGGT1_230820	54.78411736736925
TGGT1_230850	68.2634643399478
TGGT1_230860	58.16667510508225
TGGT1_230880	56.4419220216543
TGGT1_230890	59.36302551908805
TGGT1_230910	53.45177522895745
TGGT1_230950	59.1799127219679
TGGT1_230960	52.5185983788328
TGGT1_230990	55.711626219697
TGGT1_231000	53.7970464492692
TGGT1_231010	55.177910044362704
TGGT1_231040	57.3502974233629
TGGT1_231080	50.69278311277425
TGGT1_231100	56.93914122256305
TGGT1_231130	51.7043323221052
TGGT1_231140	43.879708137794196
TGGT1_231160	59.888785495431
TGGT1_231170	54.069690842767756
TGGT1_231190	51.8391967553084
TGGT1_231210	51.082308741234755
TGGT1_231220	54.3411502210882
TGGT1_231350	51.64660772012705
TGGT1_231370	55.4842122505194
TGGT1_231380	62.418705812509145
TGGT1_231410	48.9293401718766
TGGT1_231440	64.3897436767213
TGGT1_231480	50.5192373126489
TGGT1_231590	64.2299991779141
TGGT1_231600	52.324127054878744
TGGT1_231750	57.3646232808444
TGGT1_231850	51.1822368315849
TGGT1_231870	60.6715318978145
TGGT1_231890	60.1731769010417
TGGT1_231910	54.6987783403635
TGGT1_231920	56.79203059164915
TGGT1_231930	54.6493150114395
TGGT1_231940	54.53963496229595
TGGT1_231970	49.097171567051646
TGGT1_232000	54.0422987206225
TGGT1_232010	77.9908286483363
TGGT1_232020	61.151409342103506
TGGT1_232050	51.682868360756444
TGGT1_232080	56.607330024995946
TGGT1_232090	64.0497797025138
TGGT1_232120	56.9476758565939
TGGT1_232130	56.3918306375888
TGGT1_232150	53.571998144004496
TGGT1_232180	52.4777607613267
TGGT1_232190	53.0412297951366
TGGT1_232210	58.8705563090253
TGGT1_232250	58.1881544052007
TGGT1_232260	55.12452556149055
TGGT1_232270	55.1847362267237
TGGT1_232280	63.2503254879232
TGGT1_232300	48.01369273450645
TGGT1_232310	55.4695555896232
TGGT1_232340	54.38485116778005
TGGT1_232350	66.98005155648295
TGGT1_232370	58.5337989985333
TGGT1_232380	53.6270721261376
TGGT1_232475	58.9800756571049
TGGT1_232510	58.595007746146
TGGT1_232540	50.763472375003204
TGGT1_232550	62.3169963042626
TGGT1_232600	58.1211446867766
TGGT1_232650	61.032971874404
TGGT1_232660	65.0004223203276
TGGT1_232680	59.698260891593804
TGGT1_232710	49.22926143341045
TGGT1_232720	58.40964616010935
TGGT1_232800	61.6013560406587
TGGT1_232815	64.93292393103465
TGGT1_232830	53.1305932738089
TGGT1_232970	57.8122282268519
TGGT1_232980	50.556370987965
TGGT1_233000	51.33824612394545
TGGT1_233010	52.25686551999955
TGGT1_233020	54.7645672857429
TGGT1_233080	54.6967625858508
TGGT1_233100	52.15931614483445
TGGT1_233110	63.2013665040403
TGGT1_233120	55.25362099536805
TGGT1_233160	56.2891748752836
TGGT1_233200	58.21140748423025
TGGT1_233220	57.4806740664219
TGGT1_233230	63.2351098418871
TGGT1_233260	51.397356236598355
TGGT1_233300	52.265039376342756
TGGT1_233310	62.3640217156368
TGGT1_233340	55.4266961381932
TGGT1_233350	57.4450695329214
TGGT1_233400	52.41750089957765
TGGT1_233450	66.96744828946484
TGGT1_233500	62.2928262724416
TGGT1_233520	52.821617498617044
TGGT1_233540	54.2468020036985
TGGT1_233680	61.3256634371877
TGGT1_233710	63.4114495670845
TGGT1_233720	56.059606189174346
TGGT1_233760	54.50876879683735
TGGT1_233810	56.2486456916742
TGGT1_233820	53.121695871665054
TGGT1_233830	53.3931901772795
TGGT1_233838	54.9168680680172
TGGT1_233850	63.3692459971137
TGGT1_233890	56.002653749659345
TGGT1_233905	53.6916501927771
TGGT1_233930	50.5967988952941
TGGT1_234190	53.13698050241095
TGGT1_234220	52.184763576604055
TGGT1_234230	65.7258910385974
TGGT1_234250	56.6897605105924
TGGT1_234270	62.9651855500975
TGGT1_234280	61.480746030362354
TGGT1_234350	51.7044210036658
TGGT1_234360	50.87037777526495
TGGT1_234380	49.097595282175746
TGGT1_234390	52.8283351266458
TGGT1_234420	49.90245166131055
TGGT1_234440	54.295789274952654
TGGT1_234450	51.2280039641114
TGGT1_234490	52.1204647585431
TGGT1_234505	51.537326697379456
TGGT1_234510	53.4584821146696
TGGT1_234520	53.17010094715355
TGGT1_234530	53.8193866232426
TGGT1_234560	56.4374537705049
TGGT1_234610	59.20053457691045
TGGT1_234900	56.496306263334645
TGGT1_234970	54.0542459546131
TGGT1_235020	52.677566362682754
TGGT1_235130	54.70772781661955
TGGT1_235150	53.4325201442052
TGGT1_235160	51.567002097615955
TGGT1_235170	51.842594056272404
TGGT1_235187A	58.318887319181
TGGT1_235190	64.3089255933081
TGGT1_235340	62.6150290526807
TGGT1_235360	58.26198371839235
TGGT1_235420	55.2547562344098
TGGT1_235450	57.58866842928485
TGGT1_235470	54.458207205536056
TGGT1_235490	52.7298576161936
TGGT1_235540	55.950991555246546
TGGT1_235610	55.34658010963115
TGGT1_235620	56.585711566186546
TGGT1_235660	53.55299740554845
TGGT1_235670	52.106994594800696
TGGT1_235690	60.747627010029696
TGGT1_235700	67.1949722372472
TGGT1_235730	51.650132418357
TGGT1_235740	69.7803905647469
TGGT1_235880	54.0120158557817
TGGT1_235890	57.6474420886521
TGGT1_235905	57.2433049842738
TGGT1_235930	49.9723358521618
TGGT1_235960	54.23857592981
TGGT1_235970	54.84252426344555
TGGT1_235980	52.0413021800982
TGGT1_236000	66.44895750817675
TGGT1_236010	55.562362237508395
TGGT1_236030	54.8612260746865
TGGT1_236040	55.7847519676142
TGGT1_236070	61.464303164573195
TGGT1_236080	53.728431499483
TGGT1_236110	52.705892289632246
TGGT1_236130	54.3898002462955
TGGT1_236140	55.91496743742575
TGGT1_236160	55.8035942633578
TGGT1_236210	49.3274592761268
TGGT1_236260	59.7651659091944
TGGT1_236270	61.83421582205435
TGGT1_236540	50.4191585083782
TGGT1_236550	58.1227429680987
TGGT1_236560	62.9219219622889
TGGT1_236570	53.94580470644395
TGGT1_236580	53.2783011422369
TGGT1_236620	51.5274820537905
TGGT1_236650	47.0679088313912
TGGT1_236860	54.760302911615
TGGT1_236870	57.277160894168105
TGGT1_236890	59.9964846645767
TGGT1_236910	56.3172166479331
TGGT1_236930	54.7504016833579
TGGT1_236970	52.5598846868987
TGGT1_237000	51.639544742206795
TGGT1_237010	52.2802973165272
TGGT1_237015	53.55437962804185
TGGT1_237020	60.3210246046335
TGGT1_237090	56.8803684778018
TGGT1_237110	52.5071638755785
TGGT1_237150	50.4050249677791
TGGT1_237180	51.4533792309038
TGGT1_237220	52.3132232375107
TGGT1_237230	50.0500631214284
TGGT1_237250	51.2405551183014
TGGT1_237260	71.532398717239
TGGT1_237280	54.771300053583204
TGGT1_237290	55.1834721032338
TGGT1_237470	56.4102992081281
TGGT1_237500	56.719210567188654
TGGT1_237520	60.6623211315502
TGGT1_237560	66.9391517046547
TGGT1_237570	54.77123843666885
TGGT1_237820	58.867037454676904
TGGT1_237870	56.2195053850325
TGGT1_238040A	51.4663626355339
TGGT1_238040B	51.9141993733618
TGGT1_238050	49.791157373239756
TGGT1_238060	64.1367542313753
TGGT1_238070	56.30532772590515
TGGT1_238100	55.1766039958092
TGGT1_238110	55.850387997105244
TGGT1_238150	64.70886154034051
TGGT1_238180	53.7269776068998
TGGT1_238190	55.92909097293615
TGGT1_238230	54.655158512629896
TGGT1_238240	53.8519510944818
TGGT1_238250	54.88075701569945
TGGT1_238380	56.5607813805472
TGGT1_238400	57.2035162143487
TGGT1_238410	57.8136504800677
TGGT1_238510	53.744998790620755
TGGT1_238880	62.41581097864325
TGGT1_238940	57.2021139715229
TGGT1_238950	51.127939393973094
TGGT1_239010	59.6601595005099
TGGT1_239020	59.74155347543625
TGGT1_239070	52.3688810178445
TGGT1_239100	48.53428174724565
TGGT1_239130	50.9372005621855
TGGT1_239300	61.60678279376325
TGGT1_239310	63.29034466073905
TGGT1_239320	57.6807233217003
TGGT1_239400	60.94907185740805
TGGT1_239410	56.17039266106735
TGGT1_239420	50.6272704144304
TGGT1_239480	55.625855146644
TGGT1_239490	51.802209987234605
TGGT1_239590	53.140880903586
TGGT1_239610	53.71948601454575
TGGT1_239620	55.772111828203094
TGGT1_239630	53.506846993611504
TGGT1_239680	55.2733329559546
TGGT1_239710	56.5102287782434
TGGT1_239740	53.43294280616245
TGGT1_239752	51.35448371518095
TGGT1_239760	49.9480765672296
TGGT1_239790	51.3918591952557
TGGT1_239800	57.4492855260075
TGGT1_239820	51.0505417040812
TGGT1_239870	56.16957923683165
TGGT1_239930	53.371077249120404
TGGT1_240050	55.183654318141905
TGGT1_240060	61.034553824278
TGGT1_240070	55.6856604556686
TGGT1_240090	51.4678747673909
TGGT1_240220	61.7010252083233
TGGT1_240250	58.63759034159885
TGGT1_240280	51.949502418543645
TGGT1_240440	54.097691796059
TGGT1_240450	52.5301888441617
TGGT1_240500	54.67123319366125
TGGT1_240520	57.642970254012
TGGT1_240560	59.3786043179674
TGGT1_240570	54.58509808383725
TGGT1_240590	53.13499332831375
TGGT1_240600	61.8634015682708
TGGT1_240640	52.39979811423755
TGGT1_240650	51.22644981391695
TGGT1_240660	58.9390372464194
TGGT1_240690	52.4286381678887
TGGT1_240700	62.3691520300895
TGGT1_240710	54.1169637102266
TGGT1_240810	51.51958571887265
TGGT1_240830	55.2217452720427
TGGT1_240840	54.9976706051489
TGGT1_240850	52.076477315095
TGGT1_240860	51.8512540107844
TGGT1_240870	52.57601399647845
TGGT1_240890	55.72896104792275
TGGT1_240960	55.5482248544771
TGGT1_240980	62.587820639037446
TGGT1_241000	66.08487691442454
TGGT1_241010	59.6352862913285
TGGT1_241150	53.3480555493765
TGGT1_241160	52.4554666861134
TGGT1_241170	52.1522243905587
TGGT1_241240	57.030162844489254
TGGT1_241820	68.00901687260784
TGGT1_241830	54.9801684595187
TGGT1_241840	55.1020473579143
TGGT1_241850	56.8742290496021
TGGT1_241880	53.4977400852826
TGGT1_242000	51.2572594618789
TGGT1_242020	55.906234997948644
TGGT1_242030	54.286272232913646
TGGT1_242070	54.48611676320315
TGGT1_242080	67.1379987164712
TGGT1_242090	54.5390975069029
TGGT1_242240	50.0938782501614
TGGT1_242260	55.9925630638959
TGGT1_242270	54.78192889548155
TGGT1_242290	71.8213312206295
TGGT1_242330	47.5929540831071
TGGT1_242380	51.0734903953913
TGGT1_242415	47.5287458871884
TGGT1_242435	53.2312133997573
TGGT1_242460	55.4130383588045
TGGT1_242570	57.42006384345465
TGGT1_242610	56.3484428051813
TGGT1_242660	53.187171257305295
TGGT1_242700	59.7876710886176
TGGT1_242730	57.0869378690321
TGGT1_242780	63.1238818001556
TGGT1_242830	53.5410722037565
TGGT1_242840	52.0935253839686
TGGT1_242860	63.158175603229
TGGT1_242880	60.4107655851523
TGGT1_242890	55.4632005646449
TGGT1_243190	57.0865478222623
TGGT1_243200	57.2774364222435
TGGT1_243210	58.7177428709404
TGGT1_243240	54.5550849783746
TGGT1_243280A	53.1761569566269
TGGT1_243280B	53.6966899108786
TGGT1_243290	54.208104942460906
TGGT1_243350	56.0718429036555
TGGT1_243390	54.0102403347733
TGGT1_243410	59.3935719274738
TGGT1_243430	55.8259437113243
TGGT1_243440	54.23902542632225
TGGT1_243460	57.3076661266651
TGGT1_243490	52.91583042782155
TGGT1_243510	55.305058729039004
TGGT1_243540	52.89895028623755
TGGT1_243560	60.6245149316184
TGGT1_243570	51.39860657185985
TGGT1_243580	60.79427691415595
TGGT1_243590	55.17791115101545
TGGT1_243610	52.324347995576446
TGGT1_243690	62.7910070550055
TGGT1_243710	55.6455985315022
TGGT1_243730	57.5009642499209
TGGT1_243760	52.8831428738469
TGGT1_243780	57.12887180698675
TGGT1_243790	56.7180899613488
TGGT1_243800	52.266824553716546
TGGT1_243910	52.9826331307174
TGGT1_243920	52.7931216542755
TGGT1_243930	60.90910865377285
TGGT1_243950	52.56504059279895
TGGT1_243960	51.49396163356995
TGGT1_244020	64.0773004554115
TGGT1_244040	58.8786134791017
TGGT1_244050	57.37878275073915
TGGT1_244100	51.3652630422955
TGGT1_244110	55.72689382285845
TGGT1_244130	57.42200285469845
TGGT1_244150	52.55372734611185
TGGT1_244160	56.6475479330124
TGGT1_244180	54.1052284829485
TGGT1_244200	49.0394220546177
TGGT1_244210	54.5546277862376
TGGT1_244290	53.2144143715116
TGGT1_244300	55.4197928237652
TGGT1_244310	49.5369948908562
TGGT1_244350	56.164343557819706
TGGT1_244370	50.85282048819535
TGGT1_244380	51.17296374951265
TGGT1_244390	53.5231054562746
TGGT1_244440	50.881048191127
TGGT1_244460	54.495561390351895
TGGT1_244530	59.193484587617945
TGGT1_244550	54.902218791456
TGGT1_244560	54.8661335843051
TGGT1_244570	52.5504663856011
TGGT1_244650	52.19915022232025
TGGT1_244670	56.5460020720339
TGGT1_244690	56.071870206803055
TGGT1_244700	57.2153033144757
TGGT1_244840	60.4140151455621
TGGT1_244870A	59.2516033581629
TGGT1_244870B	54.87995378818885
TGGT1_244880	52.976292514928346
TGGT1_244910	64.70313861549225
TGGT1_245428	52.9988103997071
TGGT1_245432	50.7269651315083
TGGT1_245450	61.851945272127196
TGGT1_245460	46.106993290915455
TGGT1_245470	53.13797275146475
TGGT1_245485	64.1477960035401
TGGT1_245490	74.2361106180954
TGGT1_245500	60.1032610099679
TGGT1_245510	54.2652530385001
TGGT1_245550	59.989917173827195
TGGT1_245560	59.2892278903086
TGGT1_245570	52.8039462428495
TGGT1_245580	55.3983157610688
TGGT1_245610	53.749226325205896
TGGT1_245620	50.879160260342346
TGGT1_245650	62.354834953933505
TGGT1_245670	52.47558240519655
TGGT1_245680	50.0847711156769
TGGT1_245710	59.71509075290385
TGGT1_245720	57.4056000964083
TGGT1_245730	54.9269945054743
TGGT1_245752	53.7995030651753
TGGT1_246030	56.33027910989345
TGGT1_246040	51.0920688692449
TGGT1_246060	51.4716016238438
TGGT1_246080	54.8864295097844
TGGT1_246090	58.2160088242412
TGGT1_246100	59.5060854872558
TGGT1_246120	62.3599928099424
TGGT1_246130	57.690213080335
TGGT1_246170	55.32173558323875
TGGT1_246178	54.36386777122325
TGGT1_246220	53.4415214048921
TGGT1_246330	51.0922185083096
TGGT1_246340	55.4642319225631
TGGT1_246450	57.4354133170661
TGGT1_246460	54.920819972253454
TGGT1_246500	57.2194579921647
TGGT1_246510	52.3286776575171
TGGT1_246540	52.057282197096455
TGGT1_246550	49.9951962123892
TGGT1_246580	52.55130369344725
TGGT1_246600	55.0837632822263
TGGT1_246620	54.80045624337915
TGGT1_246630	52.9481435534808
TGGT1_246670	57.6119898569883
TGGT1_246720	55.557896224025
TGGT1_246740	57.4157233798012
TGGT1_246910	56.73959802455655
TGGT1_246920	69.6794255364609
TGGT1_246940	58.86011603402915
TGGT1_246960	62.88864893838215
TGGT1_246970	52.947229514485954
TGGT1_246982	53.788332357304895
TGGT1_247000	60.3263478987429
TGGT1_247020	55.1586438643783
TGGT1_247050	51.236911518065895
TGGT1_247195	56.2197766673496
TGGT1_247220	60.19123911976805
TGGT1_247230	57.724672590577
TGGT1_247250	57.1275671391954
TGGT1_247290	59.6900876546735
TGGT1_247300	52.5482409812197
TGGT1_247330	54.902033992152795
TGGT1_247360	61.8458740733552
TGGT1_247380	55.2018402411864
TGGT1_247410	55.497793039585446
TGGT1_247440	54.1688085630616
TGGT1_247450	65.5996142981755
TGGT1_247460	57.059248929684
TGGT1_247470	52.3388534289961
TGGT1_247510	53.40584572735405
TGGT1_247580	56.2960121979736
TGGT1_247590	53.5833286308026
TGGT1_247600	56.645460501584
TGGT1_247648	55.5814071359391
TGGT1_247690	57.5648644896846
TGGT1_247700	58.5625919797941
TGGT1_247730	54.7996407229915
TGGT1_247760	63.419450777808
TGGT1_247770	49.1780299731827
TGGT1_247930	57.2181915215403
TGGT1_247980	61.0691946602982
TGGT1_248100	53.28622179023755
TGGT1_248110	55.644047366388
TGGT1_248120	52.88110581413985
TGGT1_248130	51.7807718906384
TGGT1_248250	64.2859965431047
TGGT1_248290	57.7391220992942
TGGT1_248320	53.6588679735833
TGGT1_248340	52.32753036237375
TGGT1_248390	59.4295392856791
TGGT1_248400	52.62425411822635
TGGT1_248420	54.5815152149964
TGGT1_248460	54.429774677679646
TGGT1_248480	48.30304129403
TGGT1_248500	67.7949995722775
TGGT1_248600	66.07206550143616
TGGT1_248630	55.1836711602975
TGGT1_248670	54.0155317320771
TGGT1_248720	57.3386483143591
TGGT1_248770	58.7892871351683
TGGT1_248810	54.0814385005353
TGGT1_248830	54.5898569305459
TGGT1_248840	55.274752188382905
TGGT1_248850	54.56556467444625
TGGT1_248880	52.2049489987877
TGGT1_248890	53.7669629110949
TGGT1_248940	75.1116593751596
TGGT1_248980	54.997049957432
TGGT1_248990	56.538121567840506
TGGT1_249000	55.147151215856
TGGT1_249010	59.29190420174605
TGGT1_249030	56.71683677709595
TGGT1_249170	55.1271401776036
TGGT1_249180	50.2466770681808
TGGT1_249200	53.9110860861131
TGGT1_249250	54.6357858620267
TGGT1_249260	58.28340119185095
TGGT1_249270	52.88713954657935
TGGT1_249300	54.4584431514819
TGGT1_249310	55.598244018545
TGGT1_249320	51.92988738920115
TGGT1_249325	57.9531883843888
TGGT1_249350	57.074070496371945
TGGT1_249360	54.0897761353936
TGGT1_249370	65.2466460519379
TGGT1_249380	56.768485065963645
TGGT1_249390	51.790847605075854
TGGT1_249480	53.0467962466535
TGGT1_249530	50.8237457253571
TGGT1_249580	58.454657936335295
TGGT1_249590	73.41689187390855
TGGT1_249610	54.1409487604354
TGGT1_249620	54.1838646891869
TGGT1_249630	54.89399773360235
TGGT1_249650	63.6418429003209
TGGT1_249670	56.03704722216165
TGGT1_249680	52.52960969850665
TGGT1_249690	52.8299832446058
TGGT1_249710	61.0202154315976
TGGT1_249730	53.022819328745996
TGGT1_249780	54.5663050350988
TGGT1_249800	59.807143102235
TGGT1_249810	52.1178155050129
TGGT1_249850	58.183824385071844
TGGT1_249860	57.41540667134795
TGGT1_249870	54.7444882582783
TGGT1_249900	49.7380227106772
TGGT1_249910	54.8889762829557
TGGT1_249920	52.9248005429235
TGGT1_249970	66.3805435614963
TGGT1_249990	54.6605099435145
TGGT1_250040	57.4956091802397
TGGT1_250050	58.7381020784374
TGGT1_250060	55.2934116279649
TGGT1_250330	61.1593609640938
TGGT1_250680	54.5329926404133
TGGT1_250700	54.20938841388545
TGGT1_250750	53.64809045411074
TGGT1_250760	53.607353785815306
TGGT1_250770	50.86396753240655
TGGT1_250800	59.3941668243659
TGGT1_250810	49.6444084458339
TGGT1_250820	70.4955167177854
TGGT1_250830	53.644930357335554
TGGT1_250880	59.00892540981245
TGGT1_250900	54.47956395978635
TGGT1_251450	58.5881067718273
TGGT1_251460	54.603430133684554
TGGT1_251490	54.7058977418435
TGGT1_251500	51.52862798382815
TGGT1_251540	61.605927081415246
TGGT1_251620	58.8941565987881
TGGT1_251630	54.73620502288915
TGGT1_251680	66.0687060688629
TGGT1_251690	52.997947808123
TGGT1_251730	54.7202858947723
TGGT1_251760	61.318781198489646
TGGT1_251770	56.34892641619555
TGGT1_251780	58.105327040718805
TGGT1_251840	67.2260846372611
TGGT1_251850	54.260405827276244
TGGT1_251870	61.56162707905065
TGGT1_251880	54.68882829316055
TGGT1_251885	57.8474984225014
TGGT1_251930	52.00840299945085
TGGT1_252210	57.56943260122135
TGGT1_252250	53.5934475850374
TGGT1_252290	50.4102543654373
TGGT1_252340	51.9574948986484
TGGT1_252360	59.5522003945617
TGGT1_252380	55.91510163810545
TGGT1_252390	67.5682766930802
TGGT1_252420	54.82704759873085
TGGT1_252430	55.598623092514046
TGGT1_252440	51.69492749814535
TGGT1_252490	53.79821619702305
TGGT1_252500	56.1013244877417
TGGT1_252510	51.4554582875286
TGGT1_252630	54.20563304094105
TGGT1_252850	55.89755833040225
TGGT1_252870	55.3027655516367
TGGT1_253000	54.86577566480371
TGGT1_253030	54.7393842387287
TGGT1_253040	54.05098777794275
TGGT1_253060	55.09063858340545
TGGT1_253070	61.9623629271759
TGGT1_253100	55.555245842130844
TGGT1_253170	50.7750566325729
TGGT1_253290	53.11910537544315
TGGT1_253310	60.005694874309
TGGT1_253360	57.10709617087275
TGGT1_253370	54.3683010780823
TGGT1_253380	61.359254537459705
TGGT1_253420	54.3292245182631
TGGT1_253430	53.721808881363046
TGGT1_253440	55.28527009788465
TGGT1_253520	54.40007475979159
TGGT1_253640	58.89419909427485
TGGT1_253650	55.37312542231555
TGGT1_253690	59.93353350333835
TGGT1_253700	55.6890345094821
TGGT1_253730	51.73796410653475
TGGT1_253750	57.006322322568096
TGGT1_253820	59.51344165578105
TGGT1_253880	52.6776230170958
TGGT1_253890	52.8626310936297
TGGT1_253900	66.5062959771313
TGGT1_253910	59.631877115903606
TGGT1_253950	59.189093864609546
TGGT1_254000	55.149661494434355
TGGT1_254010	54.5853030593767
TGGT1_254030	50.0080375322152
TGGT1_254050	54.6294608322832
TGGT1_254060	59.1778608482094
TGGT1_254070	61.76355929053885
TGGT1_254120	53.5177499724238
TGGT1_254150	51.3831712236599
TGGT1_254210	55.7375585254167
TGGT1_254220	54.4013423284241
TGGT1_254250	57.299892684319
TGGT1_254260	58.0966117693849
TGGT1_254280	53.7403852685942
TGGT1_254300	50.9948900171858
TGGT1_254365	51.8584281305758
TGGT1_254370	54.09737485653035
TGGT1_254390	54.19370719650505
TGGT1_254410	55.84268689627145
TGGT1_254420	57.98459269887715
TGGT1_254440	52.105371216074204
TGGT1_254450	56.131526355374
TGGT1_254470	55.4700557583014
TGGT1_254480	56.764437687776
TGGT1_254490	54.5888062363658
TGGT1_254500	57.9964411595438
TGGT1_254510	56.52817012031335
TGGT1_254570	63.6216117029961
TGGT1_254580	49.6910041477454
TGGT1_254600	72.28044261677681
TGGT1_254620	56.0270753029217
TGGT1_254625	54.2528293298244
TGGT1_254650	51.7605269872459
TGGT1_254690	54.92284227963145
TGGT1_254710	58.1651337639683
TGGT1_254720	53.8919113816887
TGGT1_254770	52.40594994820665
TGGT1_254870	55.82220822664865
TGGT1_254880	53.8906271015758
TGGT1_254930	59.32851259865075
TGGT1_254940	59.14400040231785
TGGT1_255190	53.15388570084415
TGGT1_255220	59.0027082315956
TGGT1_255240	55.9144398665491
TGGT1_255250	59.3985642464652
TGGT1_255260	66.1532517039813
TGGT1_255300	55.4889643748129
TGGT1_255320	49.9571823229708
TGGT1_255330	64.681111893675
TGGT1_255340	53.011095013513
TGGT1_255350	64.6637995888536
TGGT1_255360	57.6996144233135
TGGT1_255370	50.9184669308999
TGGT1_255400	57.0854405908802
TGGT1_255410	69.4015336718995
TGGT1_255420	56.9595661492999
TGGT1_255450	50.827456744199
TGGT1_255500	56.7859044426322
TGGT1_255650	54.9606593931359
TGGT1_255660	58.0736661222111
TGGT1_255680	54.26529944841885
TGGT1_255690	52.746777528904644
TGGT1_255715	62.5167006544703
TGGT1_255740	56.2528630934323
TGGT1_255870	60.6583221633539
TGGT1_255880	56.259421478342
TGGT1_255890	69.850165837068
TGGT1_255900	58.13969667749915
TGGT1_255910	56.2927348231265
TGGT1_255940	62.8298507374704
TGGT1_255980	54.72955129917955
TGGT1_256000	50.599474844072844
TGGT1_256050	55.55547133673045
TGGT1_256060	56.126440308301056
TGGT1_256090	52.1564027191735
TGGT1_256770	51.82590311285295
TGGT1_256820	53.0531548786026
TGGT1_256840	52.42633026620305
TGGT1_256900	64.5450985486462
TGGT1_256970	52.864147513614995
TGGT1_256980	52.6039388426519
TGGT1_256990	52.01547813645675
TGGT1_257020	59.1567955517503
TGGT1_257030	55.1786380133948
TGGT1_257040	61.7363766975923
TGGT1_257070	61.8088784929837
TGGT1_257080	62.5469351053974
TGGT1_257100	53.9106947200325
TGGT1_257110	54.7553930268401
TGGT1_257150	55.7370318249432
TGGT1_257160	56.1047604548555
TGGT1_257310	56.7021540072014
TGGT1_257340	52.24621519689455
TGGT1_257350	54.8900421855407
TGGT1_257440	53.878905656909254
TGGT1_257480	64.92040732130765
TGGT1_257490	54.4761771543277
TGGT1_257500	55.8735570148875
TGGT1_257520	56.0761272528967
TGGT1_257530	50.14089228488735
TGGT1_257560	55.38404918524295
TGGT1_257580	65.15328843477334
TGGT1_257625	66.8270874270077
TGGT1_257640	57.2441356263104
TGGT1_257730	55.48296586168685
TGGT1_257740	55.97671550401015
TGGT1_257750	54.110864083935
TGGT1_257780	54.2377682165964
TGGT1_257960	53.87359534964774
TGGT1_257990	51.042818980068645
TGGT1_258010	60.9406141743146
TGGT1_258030	52.1803706501791
TGGT1_258050	52.979630539503745
TGGT1_258060	60.3987671855086
TGGT1_258080	68.40200216770256
TGGT1_258100	61.5399311169477
TGGT1_258110	54.6933840030504
TGGT1_258130	61.855194835861255
TGGT1_258210	55.44736166854805
TGGT1_258230	52.021259194874006
TGGT1_258240	53.2178468917906
TGGT1_258390	52.36138909851615
TGGT1_258458	53.3723558195974
TGGT1_258462	53.6237812341111
TGGT1_258480	62.2550291723914
TGGT1_258500	55.5361159590889
TGGT1_258540	57.410179820985846
TGGT1_258560	51.6956609832647
TGGT1_258580	50.1605137969226
TGGT1_258625	52.049684794265104
TGGT1_258650	53.1293908249214
TGGT1_258720	60.22688730425425
TGGT1_258730	62.30288652005685
TGGT1_258740	55.9859730696173
TGGT1_258770	50.8223881612804
TGGT1_258780	55.18873846047305
TGGT1_258826	54.097192877213104
TGGT1_258832	54.1588177005021
TGGT1_258860	56.4719636573198
TGGT1_258870A	54.19594302146545
TGGT1_258870B	48.5459222085253
TGGT1_258930	56.3133830070164
TGGT1_258940	59.9640916480322
TGGT1_258950	53.539695623287045
TGGT1_258980	54.9234422496821
TGGT1_258990	60.8068579885753
TGGT1_259000	53.40526733103755
TGGT1_259010	56.9918961096418
TGGT1_259040	55.740295234924304
TGGT1_259050	56.8015396813415
TGGT1_259200A	56.9053773248567
TGGT1_259200B	53.303144778835
TGGT1_259260	53.92258741572395
TGGT1_259550	51.941619483440604
TGGT1_259560	53.136680364090395
TGGT1_259640	55.6322838673096
TGGT1_259660	54.27124768249385
TGGT1_259690	64.6420226725021
TGGT1_259710	58.3883228523975
TGGT1_259720	57.027451468143894
TGGT1_259860	60.90211365126335
TGGT1_259880	54.421463779772
TGGT1_259940	54.5106205810172
TGGT1_259950	55.9814647660538
TGGT1_259980	53.1743672057683
TGGT1_259990	53.8542570291652
TGGT1_260010	53.2982094672228
TGGT1_260020	52.6539770893692
TGGT1_260030	62.034651726908
TGGT1_260140	57.38816791717145
TGGT1_260170	52.13974720960705
TGGT1_260180	49.3340859950144
TGGT1_260190	51.8330880147783
TGGT1_260200	54.4080287193657
TGGT1_260220	55.9513818182009
TGGT1_260240	54.9253333937958
TGGT1_260260	55.1774381677432
TGGT1_260310	55.654686525744495
TGGT1_260370	58.75789143846505
TGGT1_260380	58.270547369844
TGGT1_260390	61.752617923329154
TGGT1_260470	51.0468396030941
TGGT1_260500	58.83978896777175
TGGT1_260510	55.7452585513172
TGGT1_260520	53.861525286284
TGGT1_260540	58.9721810711766
TGGT1_260600	56.38015706043715
TGGT1_260610	56.9916077315505
TGGT1_260630	50.75074293743515
TGGT1_260680	59.8535786981246
TGGT1_260810	52.3307774472827
TGGT1_260820	63.9957013571339
TGGT1_261000	51.9672341275407
TGGT1_261010	54.535537207743445
TGGT1_261030	53.5916892230715
TGGT1_261050	52.5548747548882
TGGT1_261060	54.8726586569796
TGGT1_261070	52.247768368653354
TGGT1_261080	53.6362911567398
TGGT1_261210	53.77616851679065
TGGT1_261220	54.5542464448468
TGGT1_261250	61.4202187380087
TGGT1_261260A	49.710464213084
TGGT1_261260B	54.55549989041375
TGGT1_261400	54.532826698156896
TGGT1_261410	58.9897215827692
TGGT1_261430	55.72669307075285
TGGT1_261440	51.38960740384195
TGGT1_261450	57.7206311632768
TGGT1_261460	53.192726781860145
TGGT1_261470	64.29979382485355
TGGT1_261480	51.9435803110355
TGGT1_261490	58.78346648340295
TGGT1_261500	54.67638505014095
TGGT1_261570	46.16229865693805
TGGT1_261580	58.313782203469145
TGGT1_261600	55.911715291516
TGGT1_261690	59.9636260627391
TGGT1_261710	62.536022487855
TGGT1_261720	49.49535111993665
TGGT1_261750	64.8971933858003
TGGT1_261760	50.7425707463147
TGGT1_261780	66.7944565198916
TGGT1_261950	53.36197042011295
TGGT1_261960	54.3769779232151
TGGT1_261980	54.261998879816
TGGT1_262040	52.7870694457131
TGGT1_262050	50.8603107486868
TGGT1_262060	56.8139831391051
TGGT1_262070	54.3915584706968
TGGT1_262140	53.146141213721
TGGT1_262150	55.209721447227196
TGGT1_262380	50.542504442942146
TGGT1_262390	54.8551494302146
TGGT1_262400	53.429411275469
TGGT1_262410	54.756271551296
TGGT1_262430	54.86043096668405
TGGT1_262450	55.02558641087785
TGGT1_262460	59.1788494937417
TGGT1_262470	50.6228060623111
TGGT1_262480	63.4058552259635
TGGT1_262520	60.943810054446
TGGT1_262530	72.2004308525845
TGGT1_262620	55.0889999677169
TGGT1_262640	51.37800600058345
TGGT1_262670	49.6499408203872
TGGT1_262680	60.8788449860157
TGGT1_262690	53.860677032523
TGGT1_262700	56.83734438038745
TGGT1_262710	58.04506695765395
TGGT1_262720	69.7844742359572
TGGT1_262730	54.802556590546004
TGGT1_262750	55.49558344177255
TGGT1_262760	53.26175308706085
TGGT1_262780	58.7711126969698
TGGT1_262810	63.663148685265
TGGT1_262860	53.3267509293372
TGGT1_262880	55.3705215148199
TGGT1_262910	52.1139528436012
TGGT1_262920	55.3662227675975
TGGT1_262935	63.2394678247917
TGGT1_262960	50.57208310471195
TGGT1_262980	59.1638241439188
TGGT1_263000	53.840602307508405
TGGT1_263040	42.30626629283225
TGGT1_263050	49.166236165037404
TGGT1_263060	55.38718655635735
TGGT1_263070	52.2141743815507
TGGT1_263080	57.8795964966314
TGGT1_263090	61.56095220740515
TGGT1_263130	52.40258063705815
TGGT1_263140	55.4710039397741
TGGT1_263150	55.4496346762696
TGGT1_263180	55.961644884280645
TGGT1_263190	55.7612385486725
TGGT1_263220	54.129474488192145
TGGT1_263270	58.0850541180753
TGGT1_263280	53.412285003034455
TGGT1_263290	58.07796871716285
TGGT1_263300	52.5934341870997
TGGT1_263320	62.8256791547228
TGGT1_263323	52.930254337623
TGGT1_263330	59.4551845267545
TGGT1_263360	67.4085663510519
TGGT1_263420	53.342857039486745
TGGT1_263430	57.7325604231917
TGGT1_263440	59.2025452343818
TGGT1_263470	55.359507266918
TGGT1_263480	53.18713372317185
TGGT1_263500	52.589453618840494
TGGT1_263530	64.42449245395
TGGT1_263540	51.872300956833
TGGT1_263560	56.26417743527145
TGGT1_263580	52.95037301147785
TGGT1_263630	52.89677250344875
TGGT1_263650	54.896389804479554
TGGT1_263660	56.52533249897715
TGGT1_263670	53.6158582841626
TGGT1_263700	50.7720028745446
TGGT1_263710	52.01545309107
TGGT1_263730	53.1292254514856
TGGT1_263750	59.2985501322465
TGGT1_263800	54.9752417732388
TGGT1_263810	60.9174787602094
TGGT1_263850	55.27147364046505
TGGT1_263860	65.4833588596805
TGGT1_263870	50.620032040031
TGGT1_263990	67.2609231098178
TGGT1_264000	52.8186805144087
TGGT1_264020	54.838698268761
TGGT1_264030	62.23035877868735
TGGT1_264040	54.84656568158135
TGGT1_264050	52.6321116794401
TGGT1_264060	52.9678817742234
TGGT1_264080	60.019489997018
TGGT1_264090	57.343707383917646
TGGT1_264130	61.0935123156446
TGGT1_264140	58.774218808510255
TGGT1_264190	55.483900138898
TGGT1_264200	55.4790551000502
TGGT1_264220	54.2905384747518
TGGT1_264430	61.7524806382968
TGGT1_264440	52.00659320579065
TGGT1_264450	55.1245874551531
TGGT1_264460	54.619758465914
TGGT1_264600	53.5725339444435
TGGT1_264610	58.2179798182746
TGGT1_264640	54.9628529104889
TGGT1_264650	56.0833120319008
TGGT1_264660	60.9731728402108
TGGT1_264690	53.36207507387015
TGGT1_264740	55.6908291969972
TGGT1_264752	54.0078372866506
TGGT1_264760	54.92945354549935
TGGT1_264770	55.412008431794405
TGGT1_264780	56.18359583300375
TGGT1_264820	53.8876729686546
TGGT1_264830	52.6649216224567
TGGT1_264860	53.2475788678388
TGGT1_264870	54.1615963770572
TGGT1_264880	58.9780684803431
TGGT1_264890	57.2077051512694
TGGT1_264900	57.7280765924571
TGGT1_264950	54.9586867935582
TGGT1_264970	60.2929426972024
TGGT1_264990	58.9669111121577
TGGT1_265000	55.8679900916909
TGGT1_265010	64.0906281153927
TGGT1_265020	54.745509399149
TGGT1_265040	58.307412764761
TGGT1_265090	58.07424464628255
TGGT1_265110	54.5193452242082
TGGT1_265150	54.0927806888075
TGGT1_265180	54.6636400003631
TGGT1_265205	57.0689288379995
TGGT1_265260	67.0907527633465
TGGT1_265270	55.0150350521023
TGGT1_265280	54.175006424471945
TGGT1_265310	58.4634186194418
TGGT1_265330	50.58637318738965
TGGT1_265360	55.177113405895454
TGGT1_265370	51.62855125419145
TGGT1_265390	54.9565977061913
TGGT1_265400	53.5042961937596
TGGT1_265410	60.0366045856855
TGGT1_265420	58.824514029507654
TGGT1_265440	62.0833533787641
TGGT1_265450	57.06083134840814
TGGT1_265460	54.8721241346709
TGGT1_265500	57.696542917642
TGGT1_265510	56.6327160628619
TGGT1_265520	55.0018276350525
TGGT1_265530	61.96558583477315
TGGT1_265790	55.9924050017652
TGGT1_265830	55.133103435361804
TGGT1_265840	60.2458031335007
TGGT1_265850	54.27422344901045
TGGT1_265870A	56.12200547198855
TGGT1_265870B	55.39770513100345
TGGT1_265990	62.542957738915604
TGGT1_266030	54.9548922528391
TGGT1_266060	49.524958322249546
TGGT1_266070	55.1234809823505
TGGT1_266080	57.0542377869102
TGGT1_266090	53.83662269766985
TGGT1_266110	53.0220928704949
TGGT1_266120	53.377708737854306
TGGT1_266140	56.4338465649608
TGGT1_266280	51.858074542261406
TGGT1_266310	53.937300716360696
TGGT1_266320	54.025012698190295
TGGT1_266390	54.876862296664
TGGT1_266450	52.5532816636688
TGGT1_266460	63.8909070697928
TGGT1_266470	51.300058453223
TGGT1_266620	60.9053776056842
TGGT1_266640	65.5927585005995
TGGT1_266760	58.056971242738
TGGT1_266800	51.8116418796595
TGGT1_266810	52.9589753358418
TGGT1_266830	53.8619194266227
TGGT1_266850	56.1043721715247
TGGT1_266890	50.694816091187505
TGGT1_266960	56.6518251142804
TGGT1_266970	55.396724411655654
TGGT1_266990	51.0382280999216
TGGT1_267050	67.7989710502471
TGGT1_267060	49.847544227885294
TGGT1_267080	54.13334162782885
TGGT1_267100	58.0431854217781
TGGT1_267130	58.1075619140157
TGGT1_267160	62.466565464648
TGGT1_267330	51.8489221528272
TGGT1_267350	59.5964522770546
TGGT1_267370	58.5845127909902
TGGT1_267390	49.4107803766831
TGGT1_267400	49.84554333174045
TGGT1_267420	52.8502686974183
TGGT1_267430	50.03988099983685
TGGT1_267440	52.84192454067055
TGGT1_267450	57.3696847621384
TGGT1_267480	53.506062843567506
TGGT1_267510	58.99193447469505
TGGT1_267550	54.3631685334187
TGGT1_267560	55.943113470604104
TGGT1_267580	63.0662879605991
TGGT1_267590	54.4090841550571
TGGT1_267600	59.010882067983545
TGGT1_267620	52.81422248666915
TGGT1_267650	53.6839054295227
TGGT1_267660	56.0180950565041
TGGT1_267690	51.9689724746463
TGGT1_267710	55.24472397186935
TGGT1_267730	57.4282935633666
TGGT1_267740	55.126654083249704
TGGT1_267750	58.1589327476804
TGGT1_267800	50.43795271666805
TGGT1_267810	55.7517345442197
TGGT1_267840	50.8283612332262
TGGT1_267855	52.4195542043083
TGGT1_268000	55.0526149803007
TGGT1_268182	58.0863003307746
TGGT1_268200	51.560686947799695
TGGT1_268210	51.6027469875699
TGGT1_268260	53.9523110189677
TGGT1_268280	60.0911738184345
TGGT1_268330	57.2782164421586
TGGT1_268370	54.9850592514193
TGGT1_268380	58.941409799332945
TGGT1_268570	58.70853540345925
TGGT1_268580	52.7199138095945
TGGT1_268590	65.5815115028212
TGGT1_268650	53.39050812532445
TGGT1_268710	54.4751239257093
TGGT1_268720	64.3356910547402
TGGT1_268730	59.5335831169092
TGGT1_268740	58.1508496489685
TGGT1_268770	55.8115970480744
TGGT1_268810	54.37360817330565
TGGT1_268835	49.8785472334692
TGGT1_268840	50.744738793500645
TGGT1_268850	56.4293198982269
TGGT1_268870	53.4195032435819
TGGT1_268890	54.0616220220518
TGGT1_268950	59.640499639736305
TGGT1_268960	55.551995603324
TGGT1_268970	58.2205422660806
TGGT1_268980	62.5359503807995
TGGT1_268990	54.8096518046021
TGGT1_269000	52.7530790749765
TGGT1_269010	57.6382765850323
TGGT1_269180	57.95697464545475
TGGT1_269190	56.223858216938254
TGGT1_269200	49.3553109913253
TGGT1_269250	54.03631090428
TGGT1_269260	50.7736539139272
TGGT1_269330	57.6324575396527
TGGT1_269340	53.9695535410051
TGGT1_269450	53.6609067356509
TGGT1_269480	53.796126388368
TGGT1_269650	63.5652535918642
TGGT1_269690	50.329010336614246
TGGT1_269700	54.9566665117427
TGGT1_269710	54.7889023789243
TGGT1_269800	58.2633025837402
TGGT1_269840	52.915605554034
TGGT1_269885A	53.626516628599745
TGGT1_269885B	57.7883754005013
TGGT1_269900	55.70791720594155
TGGT1_269920	54.1565113291242
TGGT1_269940	52.1419630063602
TGGT1_269950	53.478377299905446
TGGT1_269960	61.68640943343385
TGGT1_269980	49.63516145198745
TGGT1_269990	58.0524021836991
TGGT1_270010	56.261218019677
TGGT1_270070	51.91722771135325
TGGT1_270140	53.07075059985695
TGGT1_270150	52.8381329142013
TGGT1_270220	52.92038017082725
TGGT1_270240	57.9062357088729
TGGT1_270270	52.47990336768865
TGGT1_270310	63.4251927986863
TGGT1_270320	53.10277016852635
TGGT1_270370	53.9697885326903
TGGT1_270380	48.7454559234392
TGGT1_270510	50.6986921964144
TGGT1_270530	54.2425052215507
TGGT1_270540	57.52510719304385
TGGT1_270550	53.98595459444705
TGGT1_270560	56.9379473971267
TGGT1_270640	54.535769483845144
TGGT1_270650	61.6169442872082
TGGT1_270690	56.13760525321615
TGGT1_270700	60.8431650464208
TGGT1_270770	52.81509575631535
TGGT1_270780	62.9458304315136
TGGT1_270790	64.5437526537276
TGGT1_270800	52.6908294490188
TGGT1_270830	61.94599993231685
TGGT1_270865	55.35625324883185
TGGT1_270880	60.2242352609817
TGGT1_270910	49.9132183021903
TGGT1_270930	55.68673031458085
TGGT1_270960	46.8305929602023
TGGT1_270980	55.3375674211088
TGGT1_271060	52.50285552069125
TGGT1_271100	55.43651602423395
TGGT1_271120	52.471113024038345
TGGT1_271200	42.1620986851056
TGGT1_271240	54.9197568151653
TGGT1_271250	59.01080656173565
TGGT1_271270	57.2888594641291
TGGT1_271280	59.8721305341031
TGGT1_271290	54.8251895608927
TGGT1_271300	57.461431420617146
TGGT1_271350	52.5790819201963
TGGT1_271360	69.7702578641202
TGGT1_271380	56.297242603959646
TGGT1_271420	58.763328400456
TGGT1_271430	55.2044302420049
TGGT1_271440	51.92934295170275
TGGT1_271460	56.19432429083225
TGGT1_271470	49.0783501123712
TGGT1_271600	62.2800757940537
TGGT1_271610	61.4039112709799
TGGT1_271740	55.3237226886285
TGGT1_271760	53.89661644130685
TGGT1_271800	58.4586684185312
TGGT1_271820	54.19914457499525
TGGT1_271888	51.236721352464855
TGGT1_271910	55.5247802169932
TGGT1_271930	53.7450676456761
TGGT1_271970	61.974235385243404
TGGT1_271990	57.5253703788837
TGGT1_272010	54.0091327594554
TGGT1_272030A	61.166805216034845
TGGT1_272030B	62.9866928131308
TGGT1_272290	52.4407106880343
TGGT1_272350	53.613092872489005
TGGT1_272370	53.63045666290755
TGGT1_272380	54.2313253668905
TGGT1_272383	57.9651080044216
TGGT1_272390	51.7083412863187
TGGT1_272400	54.27037508359565
TGGT1_272490	56.1335021758282
TGGT1_272550	54.9096037930135
TGGT1_272630	69.5308717995262
TGGT1_272640	54.2220453992021
TGGT1_272645	52.52695790317795
TGGT1_272660	60.2227805849741
TGGT1_272670	54.301652217526
TGGT1_272695	60.8262381329933
TGGT1_272710	56.00352306927765
TGGT1_272720	54.538054920216254
TGGT1_272740	51.9177392204013
TGGT1_272760	55.1501209427224
TGGT1_272770	62.7596944274592
TGGT1_272910	55.0668523066403
TGGT1_273030	58.3761656326981
TGGT1_273070	56.1811927363799
TGGT1_273090	60.51982163817295
TGGT1_273150	55.611605379302645
TGGT1_273320	71.7871127838081
TGGT1_273360	54.0849437938465
TGGT1_273370	51.007766284156446
TGGT1_273400	58.3337561784996
TGGT1_273460	52.085711595932
TGGT1_273490	69.68928223460995
TGGT1_273520	49.8999018892665
TGGT1_273540	52.2845792134623
TGGT1_273550	57.9014693213364
TGGT1_273560	57.7799667019721
TGGT1_273580	54.240951581615946
TGGT1_273640	57.4780210436284
TGGT1_273690	57.09062599572765
TGGT1_273760	56.638717673503706
TGGT1_273780	55.781215802879
TGGT1_273800	56.1270090811227
TGGT1_273840	51.7053439925549
TGGT1_273870	52.9539575598987
TGGT1_273885	56.56483170087035
TGGT1_273905	58.56663197596555
TGGT1_273920	50.736017814386
TGGT1_273950	53.2172512947394
TGGT1_273960	60.913334848018394
TGGT1_273990	57.4612655809327
TGGT1_274000	53.0057117515041
TGGT1_274060	51.700179494885546
TGGT1_274070	56.7871123031192
TGGT1_274090	61.6792673919703
TGGT1_274100	58.4633640346159
TGGT1_274130	57.89247539286505
TGGT1_274180	54.6795686371934
TGGT1_274190	53.389391790107254
TGGT1_275310	64.7522492483639
TGGT1_275330	58.54740967021135
TGGT1_275350	56.7042088890029
TGGT1_275370	63.7321188582691
TGGT1_275420	52.4057036706106
TGGT1_275440	61.07475081947095
TGGT1_275460	55.618786359366055
TGGT1_275480	51.6757856263157
TGGT1_275490	53.8810867590545
TGGT1_275568	52.208157701828256
TGGT1_275630	52.1574853626417
TGGT1_275650	48.46499290144895
TGGT1_275680	59.402109505246
TGGT1_275690	51.3290376842437
TGGT1_275750	61.9931780788724
TGGT1_275770	53.97867780503445
TGGT1_275802	51.7688128871077
TGGT1_275810	46.59278944083225
TGGT1_275840	55.0192037514487
TGGT1_275860	53.5725295736415
TGGT1_275990	55.22525467119685
TGGT1_276110	65.0372405261893
TGGT1_276120	51.4592638617902
TGGT1_276140	50.52814046281975
TGGT1_276170	52.5244330244848
TGGT1_276180	56.3366530841791
TGGT1_276190	50.9403209390894
TGGT1_276200	51.2649237834143
TGGT1_276210	55.3218562644524
TGGT1_276930	58.1318211459592
TGGT1_276990	55.6355388418316
TGGT1_277000	51.32723162579095
TGGT1_277270	51.80741105420735
TGGT1_277500	54.1003889090357
TGGT1_277510	60.0214397303415
TGGT1_277680	53.6558479944471
TGGT1_277720	57.3691363254977
TGGT1_277740	62.6636600349502
TGGT1_277760	57.194269490870894
TGGT1_277790	53.9104465602932
TGGT1_277840	53.7402261265709
TGGT1_277850	58.7154828685056
TGGT1_277910	54.23683970726305
TGGT1_277950	59.7836960255852
TGGT1_277990	53.4705020789745
TGGT1_278030	53.1004286559825
TGGT1_278060	59.1376327631107
TGGT1_278365	54.1845117118139
TGGT1_278440	53.3755216593199
TGGT1_278490	51.93582640403075
TGGT1_278510	51.4849546098938
TGGT1_278540	59.818364969585105
TGGT1_278630	50.5321523443827
TGGT1_278660	52.71029817468345
TGGT1_278670	55.838959384316
TGGT1_278720	54.44295993942715
TGGT1_278730	63.083941157268
TGGT1_278740	54.5437000228431
TGGT1_278770	58.562298973992355
TGGT1_278830	52.5321746211171
TGGT1_278850	54.6259412599581
TGGT1_278870	50.19096949366495
TGGT1_278890	58.7097395811703
TGGT1_278900	55.790505613350646
TGGT1_278950	68.2037661883354
TGGT1_278960	52.929882355941
TGGT1_278975	53.2553900486882
TGGT1_278990	49.915715023805845
TGGT1_279100	51.90653244124745
TGGT1_279320	63.6376481739489
TGGT1_279340	59.8148673785098
TGGT1_279370	51.665736225126096
TGGT1_279380	54.70487574825685
TGGT1_279390	53.068193921235
TGGT1_279420	60.0834394973138
TGGT1_279430	59.9112946969068
TGGT1_279450	63.46714220648885
TGGT1_280370	54.6801832881159
TGGT1_280380	53.85223186047865
TGGT1_280400	56.024803213828946
TGGT1_280410	53.9677189575818
TGGT1_280440	53.1475254947369
TGGT1_280480	51.70515168808295
TGGT1_280490	50.7171973757583
TGGT1_280540	54.0405066935464
TGGT1_280550	58.621139890105496
TGGT1_280560	53.6102386332375
TGGT1_280590	57.1719812675649
TGGT1_280600	50.7392193775638
TGGT1_280610	52.209474633949554
TGGT1_280660	49.4948025215553
TGGT1_280690	52.539426455137
TGGT1_280700	55.048568735051546
TGGT1_280730	54.2940055949596
TGGT1_280740	52.4999271828231
TGGT1_280750	68.823000492333
TGGT1_280780	56.169039373482846
TGGT1_280800	58.7973873418372
TGGT1_281380	54.8607676379952
TGGT1_281400	58.3057823987408
TGGT1_281440	58.4159974948028
TGGT1_281480	56.5072511338039
TGGT1_281490	56.733808565718
TGGT1_281500	58.2302868872199
TGGT1_281520	60.306542205638195
TGGT1_281545	52.995038249576
TGGT1_281570	52.10328276276595
TGGT1_281580	56.5220121812498
TGGT1_281620	51.6456998785558
TGGT1_281630	58.745388987583155
TGGT1_281920	54.6663079912599
TGGT1_281930	62.7895173845737
TGGT1_281950	53.8160892896365
TGGT1_281980	55.10981811902355
TGGT1_281990	60.3961090008387
TGGT1_282030	53.4566286606971
TGGT1_282055	67.4086627234094
TGGT1_282090	57.26897722801075
TGGT1_282130	55.043801373567
TGGT1_282170	53.7983731123998
TGGT1_282180	51.6166336194854
TGGT1_282190	58.7526249050938
TGGT1_282220	61.6531474525945
TGGT1_283510	66.21904896070384
TGGT1_283540	62.102430662661945
TGGT1_283550	57.30872610544695
TGGT1_283590B	53.8688373184862
TGGT1_283710	50.53843414473095
TGGT1_283720	54.3771700640147
TGGT1_283730	51.8551499093871
TGGT1_283740	55.41133764062916
TGGT1_283780	55.719356662943554
TGGT1_283830	56.95373318321645
TGGT1_284050	54.06754788401125
TGGT1_284190	51.7801156003155
TGGT1_284540	53.055592486005594
TGGT1_284560	49.8404537650688
TGGT1_284570	55.6219295559352
TGGT1_284580	54.4129683349988
TGGT1_284630	61.1250553506983
TGGT1_284670	54.061990551548
TGGT1_284780	53.8641698359815
TGGT1_285180	53.2194210465181
TGGT1_285190	56.957198309235906
TGGT1_285200	55.94712064052965
TGGT1_285220	56.5886355006399
TGGT1_285230	51.56072172366835
TGGT1_285240	50.019719461372404
TGGT1_285250	57.7325647731982
TGGT1_285500	55.20794586353705
TGGT1_285520	57.1201541926405
TGGT1_285650	55.9115953280315
TGGT1_285660B	49.9783315918537
TGGT1_285680	58.3675744187388
TGGT1_285700	53.7635107232216
TGGT1_285710	60.56660800670976
TGGT1_285720	54.57189235273885
TGGT1_285750	53.44575131543505
TGGT1_285760	50.51649115021195
TGGT1_285840	59.7383561820465
TGGT1_285850	60.0208827708383
TGGT1_285895	59.1647028240146
TGGT1_285980A	53.72107045792215
TGGT1_285980B	53.4819673636902
TGGT1_286050	56.338747398178555
TGGT1_286080	52.99808437915915
TGGT1_286120	53.164207259318545
TGGT1_286210	53.4185940282141
TGGT1_286220	53.1444354964697
TGGT1_286230	61.9128304594638
TGGT1_286240	54.17564254592785
TGGT1_286260	54.002223084967454
TGGT1_286420A	52.88749114546785
TGGT1_286440	54.12665148451855
TGGT1_286510	54.7169493335766
TGGT1_286530	54.3395838921376
TGGT1_286550	58.6936515863171
TGGT1_286560	60.8048251200274
TGGT1_286580	54.28176527684485
TGGT1_286630	61.861834090871255
TGGT1_286650	58.280255268075194
TGGT1_286690	47.9306362166955
TGGT1_286710	55.46451689938765
TGGT1_286720	56.6944716250537
TGGT1_286730	53.2497593685153
TGGT1_286740	66.23253229820554
TGGT1_286750	51.9224613112484
TGGT1_286770	56.297710241551144
TGGT1_286800	55.159860910544296
TGGT1_286910	57.3669123530226
TGGT1_286920	53.909871929382945
TGGT1_287040	54.7186976995388
TGGT1_287210	61.3087902190244
TGGT1_287230	53.7748571296977
TGGT1_287270	56.682265392512
TGGT1_287480	54.42689927783
TGGT1_287490	52.9108715475924
TGGT1_287500	54.7081931618562
TGGT1_287970	50.0392540469179
TGGT1_287980	56.48231256236525
TGGT1_288000	55.1427242964713
TGGT1_288030	65.50152519418705
TGGT1_288040	54.9361406807863
TGGT1_288210	54.36221394607185
TGGT1_288240	62.7288347386601
TGGT1_288250	57.1914937892635
TGGT1_288330	53.617351049324895
TGGT1_288340	53.3846564300101
TGGT1_288350	59.4464888323575
TGGT1_288360	56.35814328945815
TGGT1_288370	50.7453874736254
TGGT1_288380	53.067124994487
TGGT1_288400	55.6542305436643
TGGT1_288460	53.2198000742019
TGGT1_288500	52.037310029603745
TGGT1_288530	52.9167590497923
TGGT1_288570	54.8539473348137
TGGT1_288580	54.218864792024
TGGT1_288600	57.3184775588228
TGGT1_288610	48.9379247982781
TGGT1_288620	56.8202579719589
TGGT1_288630	63.1419491034342
TGGT1_288650	54.0805537022919
TGGT1_288680	61.405697341552596
TGGT1_288710	57.771776149992505
TGGT1_288720	48.503437028135394
TGGT1_288740	56.75105027677855
TGGT1_288750	49.393104455548595
TGGT1_288800	53.636519000600956
TGGT1_288830	51.22345764248515
TGGT1_288840	55.8863564712664
TGGT1_288860	57.51637988684685
TGGT1_288900	56.9328419345787
TGGT1_288910	59.6837910985175
TGGT1_288930	56.0223836146483
TGGT1_288960	53.605109616766
TGGT1_289000	54.396049591356
TGGT1_289010	55.1995758945803
TGGT1_289080	53.7174807566261
TGGT1_289100	58.89333779736195
TGGT1_289120	55.9266249650372
TGGT1_289150	52.5171520149318
TGGT1_289190	53.7164466389549
TGGT1_289250	58.6289303453745
TGGT1_289300	52.170569041259554
TGGT1_289310	51.82729148067335
TGGT1_289320	53.28165687410055
TGGT1_289330	53.0011851387235
TGGT1_289350	52.2287726151204
TGGT1_289360	56.6162210448415
TGGT1_289380	52.583535537382545
TGGT1_289510	57.033606902817
TGGT1_289520	53.421802595692796
TGGT1_289540	52.0778464743059
TGGT1_289550	54.3778460692631
TGGT1_289560	51.285884713179954
TGGT1_289570	54.9974258303644
TGGT1_289580	52.47729836914925
TGGT1_289600	77.7502906638386
TGGT1_289615	64.209278580272
TGGT1_289620	59.4280211254989
TGGT1_289630	59.4345116114947
TGGT1_289650	59.41374935479375
TGGT1_289680	54.4728095802481
TGGT1_289690	62.3824809201693
TGGT1_289730	52.05064764549405
TGGT1_289750	63.2753978789646
TGGT1_289770	53.221695535282805
TGGT1_289780	49.6862325529136
TGGT1_289800	51.8298977608826
TGGT1_289820	54.5674842838325
TGGT1_289830	48.8597732160472
TGGT1_289880	53.24812063596515
TGGT1_289940	55.37543183237335
TGGT1_289950	57.7012640057265
TGGT1_289980	53.111724953522256
TGGT1_290005	63.2862257569869
TGGT1_290030	49.897767778642304
TGGT1_290160	53.053316523804654
TGGT1_290170	56.9755304962673
TGGT1_290200	48.887999639559155
TGGT1_290240	48.5572427863928
TGGT1_290260	59.891195212537696
TGGT1_290270	56.5130511183831
TGGT1_290290	51.1632593669673
TGGT1_290310	52.291941073830955
TGGT1_290340	55.41368000676505
TGGT1_290580	47.8607348670562
TGGT1_290600	53.388255519915
TGGT1_290630	51.2602567055727
TGGT1_290640	52.545374082756695
TGGT1_290650	58.6765614884631
TGGT1_290660	50.73028234612025
TGGT1_290678	54.61675801494185
TGGT1_290700	50.61271338922645
TGGT1_290720	54.2839516530566
TGGT1_290730	52.369222952703296
TGGT1_290840	56.61479867898905
TGGT1_290850	51.266427604559595
TGGT1_290880	52.66048625872275
TGGT1_290890	53.25995267113485
TGGT1_290900	52.85858667536935
TGGT1_290910	55.61484930571895
TGGT1_290920	54.99120573294195
TGGT1_290940	51.4406745718871
TGGT1_290950	47.3755472574008
TGGT1_290980	51.7375083523051
TGGT1_291000	55.23109887301655
TGGT1_291040	62.08582035599995
TGGT1_291120	51.3399751670663
TGGT1_291140	53.23881011117305
TGGT1_291180	55.57138109801035
TGGT1_291300	52.43641636164235
TGGT1_291330	48.808407658777
TGGT1_291590	57.05520516860345
TGGT1_291600	64.54224137518395
TGGT1_291620	60.1849461036626
TGGT1_291640	62.3648594435174
TGGT1_291680	51.87261394277135
TGGT1_291800	53.40666056267165
TGGT1_291810	58.1118777579715
TGGT1_291820	53.0854305638166
TGGT1_291890	72.93272991062321
TGGT1_291940	56.1064265837933
TGGT1_291950	53.24439347540135
TGGT1_291960	53.24866983540835
TGGT1_291980	56.62597605157115
TGGT1_292000	53.8714933297702
TGGT1_292010	55.9287987834965
TGGT1_292020	54.92953364009105
TGGT1_292055	54.9944134679
TGGT1_292080	49.723983052619104
TGGT1_292120	58.1679311031764
TGGT1_292130	44.26494345338415
TGGT1_292160	55.5429922988761
TGGT1_292200	53.9918370361252
TGGT1_292220	54.23508337716325
TGGT1_292235	52.8503825863549
TGGT1_292300	57.2594364988184
TGGT1_292320	53.51226262206945
TGGT1_292920	51.42488572295615
TGGT1_292950	56.7057682324065
TGGT1_293000	57.9402378498791
TGGT1_293050	53.26085625180935
TGGT1_293060	56.6621739881178
TGGT1_293190	57.12143767249255
TGGT1_293200	56.7310981754951
TGGT1_293220	57.2675578960356
TGGT1_293230	51.2651521852678
TGGT1_293300	69.358589536978
TGGT1_293320	54.8597010693097
TGGT1_293340	59.083989537238054
TGGT1_293350	52.8726906519168
TGGT1_293370	58.33655259349505
TGGT1_293380	53.12081820459986
TGGT1_293390	54.28828238001075
TGGT1_293430	61.9577593263169
TGGT1_293440	65.26004512527186
TGGT1_293470	54.53138750370975
TGGT1_293480	56.010487280307544
TGGT1_293510	51.765754009488
TGGT1_293570	54.186819101905954
TGGT1_293580	58.864728421969346
TGGT1_293590	59.5392029244732
TGGT1_293610	52.3449675696864
TGGT1_293630	49.78092707846985
TGGT1_293670	56.034994358663596
TGGT1_293700	56.0033091053118
TGGT1_293710	67.64418258876225
TGGT1_293730	51.232848601019796
TGGT1_293770	59.76002742040165
TGGT1_293810	56.14640048105835
TGGT1_293860	59.361857915738696
TGGT1_294010	54.3826221379083
TGGT1_294040	54.1578982946126
TGGT1_294050	56.8510996186651
TGGT1_294180	58.845508347643
TGGT1_294190	52.1771150091249
TGGT1_294200	50.00253361353295
TGGT1_294220	57.88850874191115
TGGT1_294250	53.109964502061246
TGGT1_294270	53.3717236880522
TGGT1_294280	54.2838367788646
TGGT1_294290	52.3557609012644
TGGT1_294340	55.4696878206968
TGGT1_294350	51.8449684919282
TGGT1_294360	52.757021046736654
TGGT1_294420	54.579097107353746
TGGT1_294440	57.9600910046595
TGGT1_294550	52.3791655447864
TGGT1_294560	79.186923846577
TGGT1_294610	57.6669880085982
TGGT1_294620	49.2955952427387
TGGT1_294630	54.5613895903261
TGGT1_294640	53.55317569926445
TGGT1_294670	51.22536303076445
TGGT1_294700	55.9781719952246
TGGT1_294710	53.73839222034874
TGGT1_294730	58.402570149264506
TGGT1_294770	51.6832898700414
TGGT1_294780	55.9871174972584
TGGT1_294800B	52.17788338740035
TGGT1_294860	62.7376486187651
TGGT1_294890	59.0927571356244
TGGT1_294898	52.675370386113954
TGGT1_294930	50.58177969552305
TGGT1_294960	51.4658383589305
TGGT1_294980	57.1172364516954
TGGT1_295000	53.2619303387032
TGGT1_295040	52.6555239011022
TGGT1_295080	54.022342415592504
TGGT1_295090	53.6764222572963
TGGT1_295110	58.47016903159545
TGGT1_295125	58.6687601582177
TGGT1_295460	55.5495850907305
TGGT1_295610	52.178730644134
TGGT1_295620	59.48188097006465
TGGT1_295650	55.447250438009746
TGGT1_295658	58.7810633055102
TGGT1_295710	55.8005415385058
TGGT1_295730	53.649011456553595
TGGT1_295750	55.7101629952229
TGGT1_295990	52.1937718763297
TGGT1_296010	54.0126903573498
TGGT1_296950	56.9029364240884
TGGT1_297060	65.300934288868
TGGT1_297130	56.88537643868625
TGGT1_297140	64.2244030992372
TGGT1_297150	57.5457619028859
TGGT1_297160	57.318903012168306
TGGT1_297230	55.8485139678832
TGGT1_297245	55.4148784138894
TGGT1_297330	58.81812665055385
TGGT1_297340	56.534483225804706
TGGT1_297360	58.7670824141737
TGGT1_297420	54.8563738259769
TGGT1_297460	59.44919097204005
TGGT1_297465	68.3513147988558
TGGT1_297470	52.48035344674785
TGGT1_297500	55.01744269683755
TGGT1_297520	60.1240032381641
TGGT1_297530	53.358027652271446
TGGT1_297647	55.7490650596202
TGGT1_297650	53.6690381425949
TGGT1_297690	57.31767556186
TGGT1_297720	53.70994984636435
TGGT1_297745	57.749184500366
TGGT1_297780	53.076017370565
TGGT1_297800	55.922855355121996
TGGT1_297810	57.5875222973739
TGGT1_297830	57.3318930486977
TGGT1_297845	57.4074097595276
TGGT1_297880	51.42482758074535
TGGT1_297940	68.9653337732952
TGGT1_297960A	63.7464989533401
TGGT1_297960B	55.0076429043596
TGGT1_297970	64.38398694520485
TGGT1_298020	50.9204945405929
TGGT1_298610	60.4427883497889
TGGT1_298630	52.0442853553415
TGGT1_298970	61.211763720388745
TGGT1_298980	55.9154057530108
TGGT1_299030	55.573333904361505
TGGT1_299050	49.44140709870865
TGGT1_299060	50.48637508037145
TGGT1_299070	57.5428711092044
TGGT1_299080	54.073287357418096
TGGT1_299100	60.489562217318806
TGGT1_299110	50.286558997775245
TGGT1_299180	53.1158869657709
TGGT1_299200	55.16690323723765
TGGT1_299210	56.054668649862
TGGT1_299250	57.38682288708025
TGGT1_299570	52.036194362891
TGGT1_299670	65.2302807271719
TGGT1_299780	50.36325299746725
TGGT1_299810	57.7223940490116
TGGT1_299970	52.8367581416274
TGGT1_300000	52.700084985773
TGGT1_300010	57.6087942754842
TGGT1_300020	53.333974417168704
TGGT1_300030	52.3418817499673
TGGT1_300040	64.0133409836364
TGGT1_300060	51.5744284431642
TGGT1_300100	51.902096330279846
TGGT1_300110	53.018124426976
TGGT1_300120	60.9269212164999
TGGT1_300140	53.1008385409135
TGGT1_300150	60.94424720752185
TGGT1_300200	51.3244834206778
TGGT1_300240	59.089855474245596
TGGT1_300260	50.2070919007016
TGGT1_300280	61.924861035556745
TGGT1_300290	57.3191334275266
TGGT1_300310	54.6274978896976
TGGT1_300330	53.470131452305296
TGGT1_300350	66.7792762238224
TGGT1_300380	52.418877935422145
TGGT1_301010	58.9941880782883
TGGT1_301120	53.2626911758558
TGGT1_301270	59.2733095647847
TGGT1_301340	53.71616128990315
TGGT1_301390	56.4311675257328
TGGT1_301410	61.546376129154396
TGGT1_301420	65.0828244012529
TGGT1_301430	70.1956408239272
TGGT1_301440	51.31092189166295
TGGT1_301450	61.864550878535304
TGGT1_301460	71.5009513983747
TGGT1_301480	55.1806305438332
TGGT1_302000B	49.4109139526504
TGGT1_302000C	49.3526983348974
TGGT1_302050	52.4858106065728
TGGT1_304460	55.6084285029119
TGGT1_304470	53.12475289453805
TGGT1_304490	54.8622985489518
TGGT1_304500	53.6338212094098
TGGT1_304520	63.000052204690945
TGGT1_304630	58.47032290377455
TGGT1_304650	59.1421412082915
TGGT1_304660	54.530878837731294
TGGT1_304670	55.2230916245372
TGGT1_304680	54.403630663489295
TGGT1_304710	49.3430995322131
TGGT1_304720	54.984796285971896
TGGT1_304740	55.126183333017096
TGGT1_304760	59.4414704887233
TGGT1_304770	57.95140251182395
TGGT1_304890	61.89135114228044
TGGT1_304900	54.23089028633445
TGGT1_304955	52.3047704418243
TGGT1_304970	56.3245190691765
TGGT1_304990	52.222284727601604
TGGT1_305010	51.56267965843165
TGGT1_305030	57.096490408742994
TGGT1_305040	53.495124893683254
TGGT1_305060	59.3066614742756
TGGT1_305070	60.3277520666321
TGGT1_305140	61.9995535732221
TGGT1_305160	64.2097026875061
TGGT1_305180	54.1320760986255
TGGT1_305190	54.0735184053104
TGGT1_305240	51.65901046652325
TGGT1_305250	55.8542849785028
TGGT1_305260	61.80164629844225
TGGT1_305270	56.42749335449975
TGGT1_305290	52.42862757979245
TGGT1_305340	58.3296148792172
TGGT1_305450	51.3580353359278
TGGT1_305460	60.0977875669456
TGGT1_305510	53.50422051631105
TGGT1_305520	51.5529803157454
TGGT1_305560	54.388139380147294
TGGT1_305590	53.02263033917555
TGGT1_305610	57.111589903285804
TGGT1_305760	51.2385590433698
TGGT1_305770	57.32604592986105
TGGT1_305780	56.0301695424299
TGGT1_305800	62.8013797843068
TGGT1_305810	56.7394828926571
TGGT1_305820	57.5258818761642
TGGT1_305850	51.841719828941905
TGGT1_305860	52.741131377592296
TGGT1_305870	56.4396625182093
TGGT1_305910	56.8577989117523
TGGT1_305980	58.061449273972
TGGT1_306000	53.9280332860582
TGGT1_306030	51.80813946358
TGGT1_306060	51.480282516783504
TGGT1_306190	63.21888775752595
TGGT1_306195	57.1544572631046
TGGT1_306210	52.1216423936552
TGGT1_306220	47.5757876835558
TGGT1_306250	56.6741764891199
TGGT1_306270	62.0787883949617
TGGT1_306280	58.9498457470341
TGGT1_306290	56.2071186639034
TGGT1_306300	69.82823663226614
TGGT1_306330	53.4917593978295
TGGT1_306338B	50.5438277370487
TGGT1_306380	56.505316289498396
TGGT1_306390	65.7604173906522
TGGT1_306400	59.4602486245902
TGGT1_306460	54.07905317142
TGGT1_306540	58.78112788441625
TGGT1_306590	58.0612217626671
TGGT1_306600	57.8916484362145
TGGT1_306610	62.18823025278855
TGGT1_306650	60.1351937798146
TGGT1_306660	56.931044060066895
TGGT1_306670	52.00647531369465
TGGT1_306910	53.3320216818614
TGGT1_306920	52.1060349195285
TGGT1_306930	64.4452723825178
TGGT1_306950	49.7546419577608
TGGT1_306960	51.88721023061035
TGGT1_306970	59.3412573020781
TGGT1_306980	51.0768442125158
TGGT1_307000	56.5077853321176
TGGT1_307010	54.9332708967885
TGGT1_307040	55.83335562513225
TGGT1_307570	54.26054965315875
TGGT1_307605	52.38796336872265
TGGT1_307610	56.934978858004
TGGT1_307770	55.4347004592716
TGGT1_307820	57.21341631129515
TGGT1_307830	55.5522893383328
TGGT1_307850	52.065614794916755
TGGT1_308000	54.62907719926465
TGGT1_308020	67.1017425225218
TGGT1_308040	59.20385949231405
TGGT1_308090	68.33075311372835
TGGT1_308580	55.06878147635585
TGGT1_308590	56.27975457346525
TGGT1_308810A	64.7645447599794
TGGT1_308810B	61.460344143301
TGGT1_308860	52.5199211698394
TGGT1_308870	65.23481016424554
TGGT1_308890	52.65734005166285
TGGT1_308920	52.481039118991745
TGGT1_308950	53.7942190649709
TGGT1_308970	52.903687475520044
TGGT1_309010	56.5974808247491
TGGT1_309020	52.9686392480079
TGGT1_309050	61.27695541930325
TGGT1_309070	56.7289958903994
TGGT1_309120	48.1415378480701
TGGT1_309140	57.379123880319355
TGGT1_309170	49.1556192513591
TGGT1_309190	53.6652182817243
TGGT1_309210	70.2737635072753
TGGT1_309220	53.493758967866654
TGGT1_309240	59.7025929087143
TGGT1_309250	57.6347569282174
TGGT1_309265	50.04248190751735
TGGT1_309290	56.2492286852132
TGGT1_309370	52.85703416371915
TGGT1_309560	58.8594739795322
TGGT1_309570	50.9361211424473
TGGT1_309580	53.6585035084083
TGGT1_309600	55.6824644822608
TGGT1_309740	59.90046107421865
TGGT1_309752	51.7929418798341
TGGT1_309760	53.0347916285834
TGGT1_309780	61.8128922232049
TGGT1_309800	51.11857088199825
TGGT1_309810	61.7650876984969
TGGT1_309820	51.6812160064505
TGGT1_309850	52.7355893114857
TGGT1_309910	53.0029195196897
TGGT1_309920	57.3864352735299
TGGT1_309930	56.5702979896274
TGGT1_309950	56.44123573677115
TGGT1_309960A	56.511400943046155
TGGT1_309960B	53.4460110392961
TGGT1_310000	52.32229713280435
TGGT1_310030	58.13589614239195
TGGT1_310040	52.7373739336514
TGGT1_310050	54.4265529379998
TGGT1_310060	67.9284437472694
TGGT1_310070	64.88679457317265
TGGT1_310080	52.790305234555845
TGGT1_310100	61.830745163288
TGGT1_310150	52.39457000166165
TGGT1_310170	57.5445507931122
TGGT1_310180	60.368223795321455
TGGT1_310190	54.03178497404705
TGGT1_310200	56.6411537395765
TGGT1_310210	55.2764330174317
TGGT1_310220	59.144777951395
TGGT1_310270	57.532953476693905
TGGT1_310280	61.7259698837286
TGGT1_310290	56.4959729976533
TGGT1_310310	58.5057688864364
TGGT1_310320	51.79853671824995
TGGT1_310350	52.7919518846474
TGGT1_310360	50.68238296703605
TGGT1_310370	51.5391999925826
TGGT1_310380	55.3173988225495
TGGT1_310400	57.41093222930875
TGGT1_310430A	53.34376140729705
TGGT1_310430B	52.147819817857396
TGGT1_310440	53.87903589532185
TGGT1_310460	65.9301594392569
TGGT1_310470	51.7890611686697
TGGT1_310490	45.91025040208345
TGGT1_310530	60.8729281259498
TGGT1_310570	57.722996587335
TGGT1_310630	53.969434846767854
TGGT1_310640	55.72556154154845
TGGT1_310670	57.232186600234456
TGGT1_310700	54.887122453570754
TGGT1_310720A	57.409438273836
TGGT1_310720B	53.531952670288746
TGGT1_310750	54.2916753496534
TGGT1_310760	54.084502354059
TGGT1_310802	56.23309139924455
TGGT1_310820	55.85737028720855
TGGT1_310850	55.18142823499615
TGGT1_310860	52.4175940856434
TGGT1_310870	51.5103137660848
TGGT1_310900	63.989991329935954
TGGT1_310910	53.75431984934825
TGGT1_310930	55.0660133194279
TGGT1_310950	62.1403302117807
TGGT1_310960	56.439417126038
TGGT1_311000	56.730530691271
TGGT1_311030	53.00205304462765
TGGT1_311080	56.0976172577161
TGGT1_311090	53.490938685947455
TGGT1_311100	60.6919797313737
TGGT1_311110	68.5726578241934
TGGT1_311160	65.0021910424889
TGGT1_311210	53.3948007507029
TGGT1_311220	58.24254550264155
TGGT1_311240	54.0582546419651
TGGT1_311280	59.85344116715345
TGGT1_311290	50.92790317045705
TGGT1_311310	56.8286438052854
TGGT1_311320	60.41811896984275
TGGT1_311360	52.1013724710705
TGGT1_311400	56.74925245847275
TGGT1_311430	48.885688265468445
TGGT1_311470	51.623838956403
TGGT1_311480	63.1877417352649
TGGT1_311500	58.6994501694051
TGGT1_311660	50.3146944592133
TGGT1_311680	53.162461857146596
TGGT1_311690	52.5067554697236
TGGT1_311720	57.824558424654995
TGGT1_311790	56.6357847328175
TGGT1_311810	56.83489388835315
TGGT1_311840	51.669403387376
TGGT1_311860	59.5066060575806
TGGT1_311870	54.9374772981044
TGGT1_311890	54.2605912258686
TGGT1_311920	57.67205239812535
TGGT1_312050	53.0984575223598
TGGT1_312090	51.7591389591521
TGGT1_312110	60.4096070722826
TGGT1_312140	55.742041677706
TGGT1_312150	61.2681905605299
TGGT1_312160	59.5497424172472
TGGT1_312190	55.9387811278271
TGGT1_312200	53.2547843425439
TGGT1_312220	52.1663633207354
TGGT1_312230	53.87239419101785
TGGT1_312240	61.1292670412441
TGGT1_312260	56.0407611904422
TGGT1_312270	53.78628702189095
TGGT1_312280	53.687737314534445
TGGT1_312380	55.6892178849819
TGGT1_312400	55.830302617985254
TGGT1_312420	53.03427445898595
TGGT1_312470	53.7363451628628
TGGT1_312480	53.553836161847755
TGGT1_312490	62.4216178864631
TGGT1_312520	54.6877949968964
TGGT1_312530	53.436464816083756
TGGT1_312580	52.8337999530174
TGGT1_312600	59.8668342370714
TGGT1_312622	52.81432763598915
TGGT1_312630	51.7566525060264
TGGT1_312640	59.3024192712906
TGGT1_312660	58.7322166178835
TGGT1_312670	56.53035151035895
TGGT1_312820	56.2529948052148
TGGT1_312860	53.6188237758015
TGGT1_312940	52.766688009135
TGGT1_312990	50.8320469149281
TGGT1_313010	48.61054507417875
TGGT1_313030	66.7438876245464
TGGT1_313040	49.3552173725166
TGGT1_313060	55.09677090701715
TGGT1_313070	54.08935994321
TGGT1_313080	61.5348922439324
TGGT1_313100	50.9664649307804
TGGT1_313130	55.9181643387474
TGGT1_313140	59.227603006617045
TGGT1_313150	54.7223553245847
TGGT1_313180	51.4237836030226
TGGT1_313190	52.38823326303985
TGGT1_313230	53.8643763519866
TGGT1_313240	53.277699810507954
TGGT1_313270	78.3454172593917
TGGT1_313280	57.545347652902194
TGGT1_313290	76.1401517738008
TGGT1_313300	59.245764089816404
TGGT1_313310	61.7759445013677
TGGT1_313340	56.7800102031891
TGGT1_313350	56.3977874994504
TGGT1_313370	54.2635505179654
TGGT1_313390	47.91423211815275
TGGT1_313400	57.326256481765796
TGGT1_313410	55.293354300073005
TGGT1_313440	60.6117599625949
TGGT1_313470	55.8762751306077
TGGT1_313480	66.05838508625
TGGT1_313495	50.7667505384302
TGGT1_313540	60.2426139373898
TGGT1_313560	57.02480424298255
TGGT1_313580	55.6139850343927
TGGT1_313670	52.8684922171646
TGGT1_313680	57.94231803319335
TGGT1_313690	56.77659175899085
TGGT1_313700	50.6420968532783
TGGT1_313750	55.2183376092767
TGGT1_313770	54.9716924284798
TGGT1_313810	52.8811279874146
TGGT1_313820	62.249456005713455
TGGT1_313860	60.182885278612645
TGGT1_313910	58.5308983900169
TGGT1_313970	51.1240755724587
TGGT1_314000	61.68977628736165
TGGT1_314020	60.28352829401525
TGGT1_314042	52.8370184095495
TGGT1_314070	56.449419393637896
TGGT1_314080	60.2526181457678
TGGT1_314100	55.2453220740042
TGGT1_314280	56.91584284770105
TGGT1_314330	54.586900804581
TGGT1_314340	52.2572604213747
TGGT1_314370	54.6758756537213
TGGT1_314400	51.7526865193249
TGGT1_314410	53.07097683892155
TGGT1_314430	50.8164687763834
TGGT1_314460	56.80711801001715
TGGT1_314470	62.5650028467448
TGGT1_314500	58.7139613175337
TGGT1_314530	54.633160947978254
TGGT1_314540	54.35656754626375
TGGT1_314690	53.8206239934768
TGGT1_314740	56.48231639359575
TGGT1_314780	51.1562720813472
TGGT1_314790	62.3309543828463
TGGT1_314810	50.8259315384702
TGGT1_314820	60.9483477843343
TGGT1_314830	54.0506767353225
TGGT1_314860	58.5424769064392
TGGT1_314900	55.8527450801516
TGGT1_314920	52.4779663967023
TGGT1_314970	51.96151854289285
TGGT1_315080	54.0026110112437
TGGT1_315110	62.3155917206015
TGGT1_315120	59.293754074614
TGGT1_315130	57.8130518518183
TGGT1_315140	54.0684198114325
TGGT1_315150	52.8030792343602
TGGT1_315170	56.41359711097235
TGGT1_315210	50.620082630948
TGGT1_315220	50.9153184245512
TGGT1_315230	52.06531759036405
TGGT1_315250	56.696947940565295
TGGT1_315270	65.4504140070065
TGGT1_315280	56.4090692827943
TGGT1_315300	53.3069295440011
TGGT1_315530	53.012625460157
TGGT1_315620	51.3085516581448
TGGT1_315670	52.965729794720204
TGGT1_315680	60.3586106457408
TGGT1_315690	63.204339226597
TGGT1_315700	62.7745318549144
TGGT1_315710	60.0585379473565
TGGT1_315720	55.5361215702604
TGGT1_315760	57.4213500402395
TGGT1_315770	51.465064739362
TGGT1_315810	53.62914121650125
TGGT1_315860	52.324461521888
TGGT1_315920	55.9960156532692
TGGT1_315930	52.59849157772495
TGGT1_315940	53.0572486074978
TGGT1_315980	56.28502034209645
TGGT1_316100	57.3226051118763
TGGT1_316180	53.195310370254546
TGGT1_316200	54.7958335017408
TGGT1_316230	53.5323183070281
TGGT1_316240	59.581438360807255
TGGT1_316250	51.57039956971525
TGGT1_316255	50.0509047263625
TGGT1_316280	56.2849400538096
TGGT1_316360	54.7677157380858
TGGT1_316400B	59.644824569066046
TGGT1_316490	69.76146468029
TGGT1_316520	53.87785912918495
TGGT1_316530	54.4098375522872
TGGT1_316540	61.0046821151218
TGGT1_316570A	63.5652209331343
TGGT1_316600	57.7915534407536
TGGT1_316650	61.7714262792455
TGGT1_316660	53.25886538818875
TGGT1_316680	54.0449092409721
TGGT1_316700	56.0715351195352
TGGT1_316730	54.0856308123166
TGGT1_316750	55.1145443767157
TGGT1_316900	58.2822679460391
TGGT1_317720	49.754922838733805
TGGT1_318120	66.4537630075879
TGGT1_318150	58.956599266232345
TGGT1_318160	61.466495870986506
TGGT1_318170	70.1192709311893
TGGT1_318210	58.6165591083374
TGGT1_318230	58.24175237352165
TGGT1_318260	53.42158682207645
TGGT1_318290	66.97163246763314
TGGT1_318300	54.098262055602
TGGT1_318310	58.923753548026454
TGGT1_318320	60.457327984661305
TGGT1_318330	56.3803375811225
TGGT1_318350	54.76637263434385
TGGT1_318370	62.71487579695335
TGGT1_318400	50.796602172965
TGGT1_318410	55.40189780590665
TGGT1_318430	59.426536318598394
TGGT1_318440	49.2322347722946
TGGT1_318460	52.6597137244726
TGGT1_318510	51.49306218520075
TGGT1_318525	54.636053704829905
TGGT1_318550	59.546556164319
TGGT1_318560	53.61145842662725
TGGT1_318580	58.2943686410536
TGGT1_318590	60.168429938936356
TGGT1_318600	56.0729976356997
TGGT1_318620	55.116116890064646
TGGT1_318700	52.4615618933548
TGGT1_318710	51.48277472100925
TGGT1_318720	54.8879965285439
TGGT1_318730	51.850257997115804
TGGT1_318750	57.5434100521676
TGGT1_318760	58.7074605807547
TGGT1_319090	56.104976572312
TGGT1_319300	51.562582933959945
TGGT1_319340	53.99747339662545
TGGT1_319510	58.298512490789605
TGGT1_319530	57.0566129524662
TGGT1_319550	53.8696469089443
TGGT1_319570	64.319469447897
TGGT1_319610	55.0627753748343
TGGT1_319620	55.387416840854
TGGT1_319640	58.240535818797
TGGT1_319650	60.1838420093428
TGGT1_319658	52.9620896199164
TGGT1_319720	56.1108826384081
TGGT1_319850	50.7473829553612
TGGT1_319870	54.687269727209156
TGGT1_319880	57.005843952869256
TGGT1_319910	53.934181312568754
TGGT1_319920	59.39013499438125
TGGT1_319930	56.96814663483835
TGGT1_320000	56.169248303085595
TGGT1_320010	51.566298278327295
TGGT1_320015	56.2957018416275
TGGT1_320020	52.44198180196525
TGGT1_320050	42.0073366951975
TGGT1_320080	55.077750211276395
TGGT1_320100	57.588504254186
TGGT1_320110	60.627818019224
TGGT1_320120	57.76601251779695
TGGT1_320130	58.02208999860275
TGGT1_320140	53.48881089833205
TGGT1_320160A	59.5920406425606
TGGT1_320170	59.956010100656
TGGT1_320200	68.0822986338768
TGGT1_320210	55.0266208158306
TGGT1_320220	52.45262695048125
TGGT1_320230	64.8982208817962
TGGT1_320300	53.2451187293298
TGGT1_320430	53.731676099297744
TGGT1_320470	57.669293935192044
TGGT1_320480	51.4116646616146
TGGT1_320490	63.0171505590966
TGGT1_320570	55.78648624622475
TGGT1_320592	61.3219007572565
TGGT1_320630	55.2153646057978
TGGT1_320640	52.542968848981104
TGGT1_320670	52.4465806180314
TGGT1_320690	51.49791318062055
TGGT1_320740	52.08941110101005
TGGT1_320750	59.06665628722255
TGGT1_321290	56.8092878966276
TGGT1_321300	60.2698256042367
TGGT1_321400	56.5873603087336
TGGT1_321410	56.4881684309113
TGGT1_321420	56.38844029160195
TGGT1_321440	56.2912166340447
TGGT1_321450	58.1873214193889
TGGT1_321500	53.070895231543645
TGGT1_321530	66.0971109470475
TGGT1_321540	57.9498626952472
TGGT1_321550	62.022456887059946
TGGT1_321560	54.71177215280025
TGGT1_321570	64.82616562997765
TGGT1_321590	52.9152277147012
TGGT1_321620	51.1701332440064
TGGT1_321630	54.5205609040871
TGGT1_321640	52.48020607987745
TGGT1_321650	55.17408533827205
TGGT1_321690	56.303543330653355
TGGT1_322000	53.099481670186904
TGGT1_356300	55.5101954216959
TGGT1_356400	54.57728300076625
TGGT1_359190	51.2532985918891
TGGT1_359320	60.5021610081012
TGGT1_359770	64.2922422171334
TGGT1_360830	51.950937021960556
TGGT1_361650	56.598149019548956
TGGT1_362760	59.3335638560302
TGGT1_363030	51.296800697931
TGGT1_363940	43.2256361388915
TGGT1_408800	50.0727059858798
TGGT1_408820	51.42182974359365
TGGT1_409600	53.4955821738356
TGGT1_410060	71.2187422437712
TGGT1_410120	58.0371959320792
TGGT1_410360	50.14147442367755
TGGT1_410370	49.9674404165009
TGGT1_410450	52.88623641730385
TGGT1_410610	57.0996489261408
TGGT1_410650	57.7444181245152
TGGT1_410900	54.8787774622783
TGGT1_411430	55.95687357018835
TGGT1_411470	51.1608774910989
TGGT1_411760	66.3078650924394
