Gene ID	Fold Difference
TGGT1_363030	-1.49
TGGT1_221510	-1.03
TGGT1_221870	1.41
TGGT1_254120	1.18
TGGT1_318440	3.19
TGGT1_318410	2.48
TGGT1_318230	3.87
TGGT1_211630	5.13
TGGT1_211040	1.78
TGGT1_301130	5.8
TGGT1_267810	2.09
TGGT1_266100	1.71
TGGT1_266080	1.82
TGGT1_266070	-1.25
TGGT1_266060	1.52
TGGT1_290585	2.03
TGGT1_291890	1.52
TGGT1_307570	2.51
TGGT1_306280	1.97
TGGT1_295360	1.69
TGGT1_209720	2.55
TGGT1_286410	1.89
TGGT1_283510	2.26
TGGT1_238150	1.42
TGGT1_239760	-1.51
TGGT1_242840	4.93
TGGT1_243690	2.57
TGGT1_243730	2.85
TGGT1_229010	1.15
TGGT1_232030	2.83
TGGT1_232300	-1.03
TGGT1_232710	-1.25
TGGT1_271090	2.94
TGGT1_268360	2.46
TGGT1_304660	1.55
TGGT1_205580	-1.59
TGGT1_281930	13.29
TGGT1_263360	4.75
TGGT1_262640	3.53
TGGT1_261250	2.57
TGGT1_258660	4.52
TGGT1_257030	1.06
TGGT1_227970	3.19
TGGT1_227040	4.82
TGGT1_225940	2.75
TGGT1_224590	-1.18
TGGT1_223485	2.26
TGGT1_212290	2.03
TGGT1_237490	3.01
TGGT1_215460	1.02
TGGT1_215470	1.28
TGGT1_309740	3.76
TGGT1_310810	1.85
TGGT1_312510	1.28
TGGT1_313380	3.06
TGGT1_216860	-1.15
TGGT1_300290	1.9
TGGT1_300190	1.22
TGGT1_217510	1.66
TGGT1_246940	1.48
TGGT1_247550	1.1
TGGT1_247960	2.09
TGGT1_249250	1.57
TGGT1_251430	3.23
TGGT1_284310	6.4
TGGT1_221620	2.53
TGGT1_297070	3.39
TGGT1_253430	2.4
TGGT1_320170	1.94
TGGT1_320070	1.68
TGGT1_319920	1.02
TGGT1_318160	2.17
TGGT1_210690	1.19
TGGT1_301440	1.32
TGGT1_267140	1.95
TGGT1_266620	2.11
TGGT1_288830	2.28
TGGT1_306650	1.49
TGGT1_293300	9.2
TGGT1_294200	2.07
TGGT1_294250	1.75
TGGT1_220300	4.06
TGGT1_285680	2.91
TGGT1_239890	1.17
TGGT1_243400	8.59
TGGT1_230380	8.29
TGGT1_231140	-1.21
TGGT1_231640	2.79
TGGT1_233040	2.37
TGGT1_233100	1.05
TGGT1_233480	2.08
TGGT1_274060	1.96
TGGT1_271970	1.01
TGGT1_271930	1.91
TGGT1_270510	1.58
TGGT1_269980	1.64
TGGT1_269190	-1.05
TGGT1_268850	2.22
TGGT1_268835	-1.58
TGGT1_205330	6.66
TGGT1_261570	1.48
TGGT1_258730	-1.23
TGGT1_258410	1.95
TGGT1_255510	8.8
TGGT1_227620	2.11
TGGT1_225820	2.07
TGGT1_224960	5.44
TGGT1_236530	2.39
TGGT1_214790	-1.64
TGGT1_275440	1.89
TGGT1_310030	2.65
TGGT1_310070	3.35
TGGT1_310360	2.17
TGGT1_310790	5.98
TGGT1_311290	5.46
TGGT1_313290	1.07
TGGT1_216670	-1.64
TGGT1_300240	1.95
TGGT1_299780	2.79
TGGT1_219720	1.35
TGGT1_245680	2.43
TGGT1_247930	2.15
TGGT1_248390	-1.38
TGGT1_248700	2.11
TGGT1_221690	1.36
TGGT1_210800	3.17
TGGT1_266640	-1.05
TGGT1_266630	1.81
TGGT1_290030	1.72
TGGT1_305850	1.03
TGGT1_306290	6.16
TGGT1_293040	2.05
TGGT1_293690	-1.03
TGGT1_208530	1.39
TGGT1_220100	1.12
TGGT1_213280	6.36
TGGT1_285240	2.08
TGGT1_238010	1.81
TGGT1_238250	2.82
TGGT1_239100	-1.19
TGGT1_240060	2.12
TGGT1_243790	4.33
TGGT1_244200	-1.15
TGGT1_244440	11.32
TGGT1_230060	4.41
TGGT1_231160	3.22
TGGT1_233450	5.15
TGGT1_273930	1.93
TGGT1_273120	2.33
TGGT1_269885A	-1.51
TGGT1_268590	3.34
TGGT1_280580	1.14
TGGT1_280480	3.13
TGGT1_205350	2.13
TGGT1_205030	1.99
TGGT1_203600	2.47
TGGT1_263810	3.29
TGGT1_259000	1.6
TGGT1_258580	1.58
TGGT1_258130	2.12
TGGT1_228420	2.47
TGGT1_228320	4.69
TGGT1_227810	1.63
TGGT1_226860	7.17
TGGT1_225930	3.39
TGGT1_215430	-1.15
TGGT1_215680	3.07
TGGT1_310150	1.31
TGGT1_310420	10.65
TGGT1_310670	1.45
TGGT1_311470	-1.49
TGGT1_311480	1.1
TGGT1_312160	2.53
TGGT1_312820	-1.07
TGGT1_314100	2.07
TGGT1_316140	6.44
TGGT1_316340	2.53
TGGT1_316540	1.88
TGGT1_217010	-1.54
TGGT1_216610	2.09
TGGT1_218280	-1.05
TGGT1_245470	1.05
TGGT1_246000	3.71
TGGT1_248810	1.21
TGGT1_251840	5.61
TGGT1_276860	2.62
TGGT1_297400	2.81
TGGT1_252390	3.68
TGGT1_299050	1.19
TGGT1_320592	1.05
TGGT1_319530	7.99
TGGT1_301170	1.24
TGGT1_279390	1.26
TGGT1_267060	3.46
TGGT1_264440	1.87
TGGT1_288500	-1.07
TGGT1_288720	1.46
TGGT1_290950	-1.5
TGGT1_304890	6.92
TGGT1_306640	3.33
TGGT1_293510	2.91
TGGT1_208030	1.42
TGGT1_208790	3.18
TGGT1_220270	1.78
TGGT1_286530	-1.59
TGGT1_238040B	2.67
TGGT1_360500	2.45
TGGT1_239260	1.42
TGGT1_239490	1.29
TGGT1_242070	2.14
TGGT1_242290	1.25
TGGT1_243390	3.07
TGGT1_244110	1.96
TGGT1_230160	1.27
TGGT1_231630	3.06
TGGT1_231930	7.34
TGGT1_231998	2.39
TGGT1_232130	3.34
TGGT1_232350	-1.19
TGGT1_203330	3.97
TGGT1_202200	3
TGGT1_262690	1.89
TGGT1_261440	1.95
TGGT1_260260	1.51
TGGT1_259650	2.74
TGGT1_259270	6.1
TGGT1_259240	2.35
TGGT1_257060	1.47
TGGT1_255880	3.2
TGGT1_255260	2.65
TGGT1_228060	2.27
TGGT1_226250	1.02
TGGT1_223920	-1.12
TGGT1_234190	2.51
TGGT1_214320	1.18
TGGT1_215060	1.16
TGGT1_207140	6.56
TGGT1_309600	4.46
TGGT1_310490	1.8
TGGT1_312600	-1.04
TGGT1_313080	3.17
TGGT1_216010	4.76
TGGT1_219290	4.57
TGGT1_219170	1.89
TGGT1_217570	1.86
TGGT1_245450	1.12
TGGT1_246220	1.82
TGGT1_246580	2.8
TGGT1_248880	-1.33
TGGT1_200260	3.75
TGGT1_221480	6.13
TGGT1_221600	5.55
TGGT1_297130	3.04
TGGT1_252630	1.17
TGGT1_254060	2.38
TGGT1_254440	1.7
TGGT1_319850	2.99
TGGT1_237820	4.05
TGGT1_356780	4.82
TGGT1_266140	4.26
TGGT1_265530	4.29
TGGT1_265520	1.34
TGGT1_288590	4.64
TGGT1_289530	-1.49
TGGT1_293440	2.66
TGGT1_294670	1.24
TGGT1_294790	4.09
TGGT1_410800	4.55
TGGT1_286720	2.67
TGGT1_286580	1.21
TGGT1_285850	2.53
TGGT1_240860	-1.41
TGGT1_230420	1.25
TGGT1_230520	1.58
TGGT1_231910	2.57
TGGT1_232230	1.07
TGGT1_233460	5.44
TGGT1_273130	2.81
TGGT1_272520	1.5
TGGT1_269650	2.47
TGGT1_304500	3.91
TGGT1_204050	2.84
TGGT1_203400	3.47
TGGT1_281500	1.74
TGGT1_260500	2.71
TGGT1_260410	1.45
TGGT1_259260	-1.02
TGGT1_258470	3.42
TGGT1_258150	1.73
TGGT1_227600	1.65
TGGT1_223560	4.22
TGGT1_212240	-1
TGGT1_234450	1.56
TGGT1_234930	3.11
TGGT1_235470	-1.02
TGGT1_236070	1.04
TGGT1_236950	2.3
TGGT1_237150	2.29
TGGT1_308860	2.36
TGGT1_309760	3.1
TGGT1_309810	3.77
TGGT1_313010	1.81
TGGT1_313560	3.38
TGGT1_300140	1.01
TGGT1_308020	3.58
TGGT1_219590	10.25
TGGT1_219210	2.77
TGGT1_245710	1.73
TGGT1_248677	2.98
TGGT1_249240	3.07
TGGT1_251800	3.38
TGGT1_251810	-1.62
TGGT1_278510	1.49
TGGT1_278340	1.54
TGGT1_276990	4.83
TGGT1_221380	1.11
TGGT1_223050	2.79
TGGT1_297150	2.43
TGGT1_276140	2.42
TGGT1_211030	3
TGGT1_301180	1.48
TGGT1_289580	1.75
TGGT1_289600	5.69
TGGT1_305160	-1.14
TGGT1_293870	2.31
TGGT1_207400	3.88
TGGT1_209260	1.86
TGGT1_209730	3.93
TGGT1_209950	1.53
TGGT1_321500	-1.03
TGGT1_213069	1.68
TGGT1_284560	1.88
TGGT1_239310	1.86
TGGT1_239752	2.76
TGGT1_241000	4.78
TGGT1_243930	4.95
TGGT1_229670	1.46
TGGT1_273090	1.67
TGGT1_272380	3.16
TGGT1_270380	2.01
TGGT1_280740	4.6
TGGT1_280550	3.59
TGGT1_206470	2.69
TGGT1_205558	2.37
TGGT1_205340	1.12
TGGT1_203310	1.44
TGGT1_263050	1.34
TGGT1_261520	2.85
TGGT1_260630	1.71
TGGT1_228190	1.45
TGGT1_226980	1
TGGT1_226590	1.35
TGGT1_226570	4.78
TGGT1_226430	3.52
TGGT1_225080	1.02
TGGT1_223940	4.25
TGGT1_214140	1.34
TGGT1_309060	2.83
TGGT1_309820	1.38
TGGT1_310750	2.16
TGGT1_312050	1.32
TGGT1_314810	-1.53
TGGT1_315320	3.93
TGGT1_300060	4.48
TGGT1_219460	1.11
TGGT1_219320	1.67
TGGT1_218260	2.45
TGGT1_217890	2.24
TGGT1_247240	13.43
TGGT1_247410	1.23
TGGT1_248340	1.38
TGGT1_248460	2.68
TGGT1_248480	1.47
TGGT1_249200	3.3
TGGT1_249850	1.09
TGGT1_251600	7.32
TGGT1_222220	2.33
TGGT1_297470	2.69
TGGT1_320200	2.44
TGGT1_319350	3.76
TGGT1_301160	2.79
TGGT1_267690	2.93
TGGT1_267160	2.75
TGGT1_291800	6.06
TGGT1_292275	3.47
TGGT1_305050	1.03
TGGT1_305860	1.83
TGGT1_306195	1.47
TGGT1_293390	3.27
TGGT1_293430	3.98
TGGT1_294620	1.15
TGGT1_207440	1.05
TGGT1_208370	1.62
TGGT1_208440	1.33
TGGT1_286650	1.39
TGGT1_285870	4.02
TGGT1_244210	4.94
TGGT1_230210	1.81
TGGT1_230410	-1.13
TGGT1_231080	1.34
TGGT1_232050	-1.51
TGGT1_232260	3.74
TGGT1_324600	3.91
TGGT1_272670	1.81
TGGT1_271000	4.07
TGGT1_270320	-1.37
TGGT1_268630	7.27
TGGT1_205470	1.54
TGGT1_204060	3.78
TGGT1_201390	2.82
TGGT1_281970	1.39
TGGT1_263520	-1.3
TGGT1_263300	2.56
TGGT1_263180	1.45
TGGT1_263070	1.08
TGGT1_263040	1.54
TGGT1_261950	2.96
TGGT1_261680	3.16
TGGT1_261580	1.25
TGGT1_258950	2.61
TGGT1_257160	1.8
TGGT1_255420	2.44
TGGT1_255410	5.5
TGGT1_235750	1.45
TGGT1_215420	4.78
TGGT1_207130	2.62
TGGT1_309120	-1.08
TGGT1_310000	1.66
TGGT1_310320	2.7
TGGT1_312110	-1.14
TGGT1_313070	7.75
TGGT1_313190	1.11
TGGT1_314820	-1.12
TGGT1_216370	2
TGGT1_362290	2.18
TGGT1_219820	1.45
TGGT1_219800	1.31
TGGT1_219270	1.58
TGGT1_245520	2.07
TGGT1_247350	3.9
TGGT1_247760	1
TGGT1_248740	2.02
TGGT1_249910	4.17
TGGT1_250340	4.07
TGGT1_251540	4.13
TGGT1_276850	2.86
TGGT1_276810	2.42
TGGT1_222910	1.13
TGGT1_252360	5.57
TGGT1_254390	1.59
TGGT1_254720	2.27
TGGT1_320180	3.4
TGGT1_319640	2.32
TGGT1_319560	-1.1
TGGT1_319390	-1.16
TGGT1_211710	2.01
TGGT1_237860	3.79
TGGT1_267500	1.08
TGGT1_292130	-1.21
TGGT1_305810	1.65
TGGT1_293190	1.56
TGGT1_208990	3.06
TGGT1_209150	2.25
TGGT1_220400	1.4
TGGT1_213030	5.13
TGGT1_213350	2.48
TGGT1_287260	2.26
TGGT1_285230	-1.02
TGGT1_284540	-1.08
TGGT1_240600	-1.05
TGGT1_242330	1.03
TGGT1_229030	2.58
TGGT1_229650	2.56
TGGT1_271888	1.29
TGGT1_271050	5.24
TGGT1_200320	2.81
TGGT1_204020	1.32
TGGT1_201780	1.31
TGGT1_264040	2.94
TGGT1_263320	3.9
TGGT1_257680	3.7
TGGT1_257040	1.34
TGGT1_228395	2.65
TGGT1_228360	3.93
TGGT1_226970	-1.1
TGGT1_226000	5.01
TGGT1_236650	-1.2
TGGT1_215775	1.34
TGGT1_309560	3.4
TGGT1_312090	-1.18
TGGT1_315410	3.1
TGGT1_316250	4.03
TGGT1_216180	2.8
TGGT1_219310	1.97
TGGT1_278850	-1.14
