organism,slot,axis,context,unit,grade,genes,coverage,positive,filled_by,detail,policy,candidates,candidate_titles,blocked_by,searched,would_fill_it
Tg,Tg_transcription · tachyzoite,transcription,"tachyzoite, in vitro",gene,A,7882,96.8%,,"expr_tachy, rna108740_Tachyzoites, invivo_TZ_, rna22258_tachyzoite, rna99395_intracellular_, rna129869_, rna51780_tachy_, rna245775_parent_tachy_",19 columns,one,,,,,
Tg,Tg_transcription · bradyzoite / tissue cyst,transcription,bradyzoite,gene,A,7865,96.6%,,"expr_cyst, rna108740_Tissue_cysts, rna108740_Day, rna22258_bradyzoite",12 columns,average,"PMID 41580398 GSE311669 (bradyzoite subtypes, 2026)",41580398: Bradyzoite subtypes rule the crossroads of Toxoplasma development.,,,
Tg,Tg_transcription · oocyst / sporozoite,transcription,"oocyst, sporulation",gene,A,7974,98.0%,,"rna206344_, expr_sporulated",7 columns,average,,,,,
Tg,Tg_transcription · merozoite,transcription,merozoite,gene,B,6504,79.9%,,rna51780_mero_,4 columns,one,"PMID 24885521 GSE51780 (measured feline merozoites); PMID 25757795 PRJEB7935 (asexual expansion, distinct from tachyzoite)","24885521: Toxoplasma gondii merozoite gene expression analysis with comparison to the life cycle discloses a unique expression state during enteric development. | 25757795: Asexual expansion of Toxoplasma gondii merozoites is distinct from tachyzoites and entails expression of non-overlapping gene families to attach, invade, and replicate within feline enterocytes.",,,
Tg,Tg_transcription · sexual stages,transcription,"feline gut, sexual",gene,B,4463,54.8%,,sexual_stage_8dpi_log2fc,1 columns,one,"PMID 38093015 GSE222819 (in vitro pre-sexual stages); PMID 42020723 (single-cell atlas of sexual development, 2026); GSE282299 (from the GEO index, verify assay and parasite-gene shape); PMID 41193469 GSE287537 (from the GEO index, verify assay and parasite-gene shape); GSE277553 (from the GEO index, verify assay and parasite-gene shape); PMID 40217127 GSE271902 (from the GEO index, verify assay and parasite-gene shape); PMID 40217127 GSE271900 (from the GEO index, verify assay and parasite-gene shape); PMID 39716984 GSE283441 (from the GEO index, verify assay and parasite-gene shape); PMID 38791568 GSE249604 (from the GEO index, verify assay and parasite-gene shape); PMID 38093015 GSE222835 (from the GEO index, verify assay and parasite-gene shape); PMID 37953800 PXD045050 (automatically proposed, verify assay and parasite-gene shape)","38093015: In vitro production of cat-restricted Toxoplasma pre-sexual stages. | 42020723: A single-cell atlas of Toxoplasma sexual development in the feline intestinal tract. | from the GEO index; verify assay and parasite-gene shape | 41193469: Toxoplasma gondii chromatin remodeler SWI/SNF controls parasite division and gene expression. | from the GEO index; verify assay and parasite-gene shape | 40217127: An ISWI-related chromatin remodeler orchestrates parasite lifecycle progression by insulating gene expression in a densely packed genome [RNA-seq] | 40217127: An ISWI-related chromatin remodeler orchestrates parasite lifecycle progression by insulating gene expression in a densely packed genome [RNA-seq] | 39716984: To identify HDAC3 occupancy in the genomes of ME49 and ΔXII-5 strains | 38791568: AP2XII-1 and AP2XI-2 Suppress Schizogony Gene Expression in Toxoplasma gondii | 38093015: In vitro production of cat-restricted Toxoplasma pre-sexual stages. | 37953800: Unravelling the sexual developmental biology of Cystoisospora suis, a model for comparative coccidian parasite studies.",,,
Tg,Tg_transcription · per cell-cycle phase,transcription,cell cycle,gene,B,6504,79.9%,,cellcycle19092_,28 columns,separate,"PMID 20865045 GSE19092 (synchronized tachyzoite time course); PMID 32065584 (the study behind cellcycle_phase, re-ingested as VALUES not a call)",20865045: Coordinated progression through two subtranscriptomes underlies the tachyzoite cycle of Toxoplasma gondii. | 32065584: A single-parasite transcriptional atlas of Toxoplasma Gondii reveals novel control of antigen expression.,,,
Tg,Tg_transcription · in naive macrophage,transcription,host: naive macrophage,gene,A,8140,100.0%,,macrophage_expression_percentile,1 columns,one,"PMID 40630957 GSE295224 (dual single-cell and bulk, host-parasite); GSE313582 (from the GEO index, verify assay and parasite-gene shape); GSE313273 (from the GEO index, verify assay and parasite-gene shape); GSE313048 (from the GEO index, verify assay and parasite-gene shape); GSE334992 (from the GEO index, verify assay and parasite-gene shape); GSE329845 (from the GEO index, verify assay and parasite-gene shape); PMID 41704854 GSE300509 (from the GEO index, verify assay and parasite-gene shape); GSE275112 (from the GEO index, verify assay and parasite-gene shape); PMID 39207100 GSE266204 (from the GEO index, verify assay and parasite-gene shape)",40630957: Dual single-cell and bulk RNA sequencing reveal transcriptional profiles underlying heterogenous host-parasite interactions in human peripheral blood mononuclear cells. | from the GEO index; verify assay and parasite-gene shape | from the GEO index; verify assay and parasite-gene shape | from the GEO index; verify assay and parasite-gene shape | from the GEO index; verify assay and parasite-gene shape | from the GEO index; verify assay and parasite-gene shape | 41704854: In vitro growth of Toxoplasma gondii tachyzoites on different host cell lines selects for changes in efficiency of invasion and parasite surface antigen gene expression | from the GEO index; verify assay and parasite-gene shape | 39207100: Cyclical transcription factor AP2XII-9 is a key activator for asexual division and apicoplast inheritance in Toxoplasma gondii tachyzoite,,,
Tg,Tg_transcription · in IFN-gamma macrophage,transcription,host: IFN-g macrophage,gene,-,0,,,,,one,,,missing,"All 56 ToxoDB RNA-seq datasets, all 180 datasets, GEO's Toxoplasma+interferon series. The only macrophage transcriptome is the naive 29-strain panel already in the map; GSE230866 profiles IFN-gamma-activated cells but sequenced only the human side, and the four-cell-type panel is neurons, skeletal muscle, astrocytes and fibroblasts. Re-swept without an organism filter, on the theory that a dual RNA-seq series tagged host-only would be invisible to one: 57 Toxoplasma+interferon GEO series and all 184 tagged Toxoplasma gondii. That surfaced GSE204926, whose title reads 'Toxoplasma IWS1 determines fitness in interferon-gamma-activated host cells' and whose parasite samples are freshly isolated EXTRACELLULAR tachyzoites compared WT against IWS1-KO -- a genotype contrast, not an IFN-gamma condition contrast. Refused: the sixth time a source's own label named a measurement it had not made.","Dual RNA-seq of Toxoplasma inside IFN-gamma-activated macrophages, parasite reads retained."
Tg,"Tg_transcription · in vivo brain, acute",transcription,"mouse brain, acute",gene,A,7663,94.1%,,invivo_WholeBrain_Acute,3 columns,average,,,,,
Tg,"Tg_transcription · in vivo brain, chronic",transcription,"mouse brain, chronic",gene,A,7663,94.1%,,invivo_WholeBrain_Chronic,3 columns,average,,,,,
Tg,Tg_transcription · purified bradyzoite in vivo,transcription,"mouse brain, purified bradyzoite",gene,A,7663,94.1%,,invivo_BZ_,6 columns,average,"PMID 41278634 (single-cell brain-derived bradyzoites, 2025)",41278634: Single-cell analysis of brain-derived Toxoplasma bradyzoites reveals a novel cell cycle regulated by AP2XI-6.,,,
Tg,Tg_transcription · primary brain-cell differentiation time course,transcription,"infected primary brain cells, day 1-14",gene,A,7438,91.4%,,brain168465_,10 columns,separate,,,,,
Tg,Tg_transcription · under stress / conversion,transcription,"alkaline, stress",gene,A,7880,96.8%,,"stress_, rna245775_parent_prebrady_",13 columns,separate,PMID 38782906 GSE245775 (RNA matched to pre-bradyzoite ribosome profiling),38782906: Translation initiation factor eIF1.2 promotes Toxoplasma stage conversion by regulating levels of key differentiation factors.,,,
Tg,Tg_transcription · extracellular lytic stress,transcription,extracellular tachyzoite,gene,A,7506,92.2%,,rna99395_extracellular_,2 columns,separate,PMID 29228904 GSE99395 (matched RNA for extracellular ribosome profiling),29228904: Comparative ribosome profiling uncovers a dominant role for translational control in Toxoplasma gondii.,,,
Tg,Tg_transcription · under TF or chromatin perturbation,transcription,perturbation,gene,A,7841,96.3%,,morc_,18 columns,separate,PMID 39774584 PRJNA1134678 (ApiAP2 cascade); PMID 40920096 PRJNA1281009 (AP2X-7); PMID 41193469 GSE287537 (SWI/SNF); PMID 40879678 GSE286088 (GCN5a); PMID 40593611 GSE268652 (SNF2L),39774584: Cascading expression of ApiAP2 transcription factors controls daughter cell assembly in Toxoplasma gondii. | 40920096: TgAP2X-7 is a novel cell cycle-regulated transcription factor that plays an essential role in Toxoplasma tachyzoite propagation. | 41193469: Toxoplasma gondii chromatin remodeler SWI/SNF controls parasite division and gene expression. | 40879678: GCN5a is a telomeric lysine acetyltransferase whose loss primes Toxoplasma gondii for latency. | 40593611: Regulation of the developmental programs in Toxoplasma by a novel SNF2L-containing chromatin remodeling complex.,,,
Tg,Tg_transcription · under RNA-processing perturbation,transcription,"CPSF4 depletion, tachyzoite",gene,A,7869,96.7%,,cpsf4rna168155_,8 columns,separate,PMID 34263725 GSE168155 (CPSF4/m6A-reader depletion RNA-seq),34263725: A plant-like mechanism coupling m6A reading to polyadenylation safeguards transcriptome integrity and developmental gene partitioning in Toxoplasma.,,,
Tg,Tg_transcription · bradyzoite checkpoint perturbation,transcription,tachyzoite and bradyzoite cyclin perturbation,gene,A,7880,96.8%,,restriction200962_,16 columns,separate,"GSE200962 (processed count matrix, GEO has no linked publication)",processed count matrix; GEO has no linked publication,,,
Tg,Tg_transcription · maximum observed across stages,transcription,cross-stage summary,gene,A,8131,99.9%,,expr_max,1 columns,one,,,,,
Tg,Tg_cell-cycle timing label,transcription,single-parasite atlas,gene,A,7499,92.1%,,cellcycle_pseudotime,1 columns,one,,,,,
Tg,Tg_life-cycle stage label (derived),transcription,cross-stage derived target,gene,B,1911,23.5%,,stage_margin_derived,1 columns,one,,,,,
Tg,Tg_translation · tachyzoite,translation,"tachyzoite, in vitro",gene,A,7880,96.8%,,"rpf99395_intracellular_, rpf129869_, rpf245775_parent_tachy_",11 columns,separate,PMID 29228904 GSE99395 (comparative ribosome profiling); PMID 31167946 GSE129869 (infected confluent/subconfluent HFFs); PMID 38782906 GSE245775 (eIF1.2 and stage conversion),29228904: Comparative ribosome profiling uncovers a dominant role for translational control in Toxoplasma gondii. | 31167946: Simultaneous Ribosome Profiling of Human Host Cells Infected with Toxoplasma gondii. | 38782906: Translation initiation factor eIF1.2 promotes Toxoplasma stage conversion by regulating levels of key differentiation factors.,,,
Tg,Tg_translation · bradyzoite,translation,"pre-bradyzoite, alkaline-induced",gene,A,7880,96.8%,,rpf245775_parent_prebrady_,3 columns,one,"PMID 38782906 GSE245775 (eIF1.2 and stage conversion); PMID 38747593 GSE243206 (from the GEO index, verify assay and parasite-gene shape)",38782906: Translation initiation factor eIF1.2 promotes Toxoplasma stage conversion by regulating levels of key differentiation factors. | 38747593: Depletion of mRNA cap-binding protein eIF4E1 drives bradyzoite formation in Toxoplasma gondii [RIBO-seq],,,
Tg,Tg_translation · per cell-cycle phase,translation,cell cycle,gene,-,0,,,,,one,,,missing,"All nine Toxoplasma ribosome-profiling series in GEO, opened one at a time: intracellular vs extracellular, eIF4E1 depletion, 5'UTR MPRA, stage conversion. None is cell-cycle resolved. Re-checked from the other direction by intersecting two catalogues rather than searching one: all 184 GEO series tagged Toxoplasma gondii, and every BioProject matching ribosome/polysome/translatome (7) against every BioProject matching synchronised/cell-cycle/sorted (29). The intersection is empty -- no submission is both -- which closes the slot on set membership instead of on a phrase.","Ribosome profiling of synchronised or FUCCI-sorted tachyzoites, by cell-cycle phase."
Tg,Tg_translation · under stress,translation,extracellular stress or iron,gene,A,7506,92.2%,,rpf99395_extracellular_,2 columns,separate,"PMID 29228904 GSE99395 (extracellular versus intracellular parasites); PMID 41925342 (translational remodelling under iron starvation, 2026)",29228904: Comparative ribosome profiling uncovers a dominant role for translational control in Toxoplasma gondii. | 41925342: Global translational and metabolic remodeling during iron deprivation in Toxoplasma gondii.,,,
Tg,Tg_translation efficiency · tachyzoite,translation,"tachyzoite, in vitro",gene,A,7880,96.8%,,"te99395_intracellular_, te129869_, te245775_parent_tachy_",11 columns,separate,PMID 29228904 GSE99395 (RPF relative to matched RNA); PMID 31167946 GSE129869 (RPF relative to matched RNA),29228904: Comparative ribosome profiling uncovers a dominant role for translational control in Toxoplasma gondii. | 31167946: Simultaneous Ribosome Profiling of Human Host Cells Infected with Toxoplasma gondii.,,,
Tg,Tg_translation efficiency · extracellular stress,translation,extracellular stress,gene,A,7506,92.2%,,te99395_extracellular_,2 columns,separate,PMID 29228904 GSE99395 (RPF relative to matched RNA),29228904: Comparative ribosome profiling uncovers a dominant role for translational control in Toxoplasma gondii.,,,
Tg,Tg_translation efficiency · bradyzoite,translation,"pre-bradyzoite, alkaline-induced",gene,A,7880,96.8%,,te245775_parent_prebrady_,3 columns,separate,PMID 38782906 GSE245775 (RPF relative to matched RNA under conversion),38782906: Translation initiation factor eIF1.2 promotes Toxoplasma stage conversion by regulating levels of key differentiation factors.,,,
Tg,Tg_translation · under initiation-factor depletion,translation,"eIF1.2 knockout, tachyzoite and pre-bradyzoite",gene,A,7880,96.8%,,"rpf245775_eif12ko_, te245775_eif12ko_",12 columns,separate,PMID 38782906 GSE245775 (delta-eIF1.2 ribosome profiling),38782906: Translation initiation factor eIF1.2 promotes Toxoplasma stage conversion by regulating levels of key differentiation factors.,,,
Tg,Tg_transcription · under initiation-factor depletion,transcription,"eIF1.2 knockout, tachyzoite and pre-bradyzoite",gene,A,7880,96.8%,,rna245775_eif12ko_,6 columns,separate,PMID 38782906 GSE245775 (RNA matched to delta-eIF1.2 ribosome profiling),38782906: Translation initiation factor eIF1.2 promotes Toxoplasma stage conversion by regulating levels of key differentiation factors.,,,
Tg,Tg_protein abundance · tachyzoite,protein abundance,tachyzoite,gene,B,3107,38.2%,,"proteome_, protein_ibaq_log2",16 columns,fill,PMID 40716488 PXD063409 (cytoskeleton proteome); PMID 25867681 PXD000297 (proteogenomics),40716488: Quantitative proteomic analysis of the Toxoplasma gondii cytoskeleton and bioinformatic identification of highly antigenic proteins. | 25867681: A large-scale proteogenomics study of apicomplexan pathogens-Toxoplasma gondii and Neospora caninum.,,,
Tg,Tg_protein abundance · other life stages,protein abundance,stages,gene,B,2079,25.5%,,oocyst_,8 columns,separate,PMID 28626452 PXD003765 (iTRAQ across developmental stages),28626452: Proteomic Differences between Developmental Stages of Toxoplasma gondii Revealed by iTRAQ-Based Quantitative Proteomics.,,,
Tg,Tg_thermal stability (melting temperature),protein abundance,tachyzoite,gene,B,3120,38.3%,,melting_temperature_tm,1 columns,one,PMID 35976251 eLife 80336 (mineCETSA curve fits),35976251: Temporal and thermal profiling of the Toxoplasma proteome implicates parasite Protein Phosphatase 1 in the regulation of Ca2+-responsive pathways.,,,
Tg,Tg_protein turnover,protein abundance,tachyzoite,gene,-,0,,,,,one,,,missing,"All 233 Toxoplasma deposits in ProteomeXchange, across every repository it aggregates -- 192 PRIDE, 29 iProX, 6 MassIVE, 5 jPOST, 1 PeptideAtlas -- enumerated and scanned. The earlier 201-deposit sweep was catalogue-complete for PRIDE only, which is not the same as complete for proteomics; widening it added 41 deposits and no turnover measurement. The one hit on turnover vocabulary is PXD019917, thermal stability under a drug (CETSA), not degradation. Also the eLife 80336 'temporal and thermal' study, whose seven supplements are all CETSA or phospho and contain no half-lives, and BONCAT-iTRAQ, which measures synthesis rather than degradation and does it under a drug. Then the literature rather than the archives: all 467 open-access Toxoplasma papers mentioning cycloheximide, half-life, protein stability or turnover, full text fetched and grepped for a half-life attached to a gene. Seven statements matched and ALL SEVEN are ExPASy ProtParam predictions -- six say exactly '30 h' and one '>20 h (yeast)', because ProtParam returns a constant keyed on the N-terminal residue -- in in-silico vaccine-design papers. Ingesting them would have made this slot read as filled by a column that is one amino acid in disguise. They are refused.",Pulse-SILAC or a cycloheximide chase with proteome-wide degradation rates.
Tg,Tg_phosphorylation · site count,PTM,tachyzoite,gene,A,8140,100.0%,1175,"n_phosphosites, has_phospho",2 columns,one,,,,,
Tg,Tg_phosphorylation · quantitative,PTM,tachyzoite,gene,C,1603,19.7%,,phospho_,5 columns,average,PMID 33363051 PXD020655 (iTRAQ phosphoproteome); PMID 31508380 PXD007777 (type I vs type II); PMID 40901993 PXD064226 (PP2A-2 during cytokinesis),33363051: iTRAQ-Based Phosphoproteomic Analysis of Toxoplasma gondii Tachyzoites Provides Insight Into the Role of Phosphorylation for its Invasion and Egress. | 31508380: iTRAQ-Based Global Phosphoproteomics Reveals Novel Molecular Differences Between Toxoplasma gondii Strains of Different Genotypes. | 40901993: The PP2A-2 holoenzyme orchestrates daughter cell emergence during cytokinesis in Toxoplasma gondii.,,,
Tg,Tg_phosphorylation · kinase-substrate,PTM,perturbation,gene,C,367,4.5%,,cdpk1_thiophospho_peptides,1 columns,separate,"PMID 37933960 PXD019677 (CDPK1 substrates); PMID 33635921 PXD019655 (CDPK7); PXD017032 (from the PRIDE index, verify the modification and the organism); PXD006045 (from the PRIDE index, verify the modification and the organism)",37933960: Analysis of CDPK1 targets identifies a trafficking adaptor complex that regulates microneme exocytosis in Toxoplasma. | 33635921: Protein kinase TgCDPK7 regulates vesicular trafficking and phospholipid synthesis in Toxoplasma gondii. | from the PRIDE index; verify the modification and the organism | from the PRIDE index; verify the modification and the organism,,,
Tg,Tg_acetylation,PTM,life stages,gene,B,3921,48.2%,,n_acetylation_sites,1 columns,one,"PMID 37562054 PXD040368 (lysine acetylation across stages); PXD079431 (from the PRIDE index, verify the modification and the organism); PXD079432 (from the PRIDE index, verify the modification and the organism); GSE313048 (from the GEO index, verify assay and parasite-gene shape); PMID 37562054 PXD040368 (automatically proposed, verify assay and parasite-gene shape); PMID 38647704 PXD045061 (automatically proposed, verify assay and parasite-gene shape)",37562054: Label-free quantitative detection and comparative analysis of lysine acetylation during the different life stages of Eimeria tenella. | from the PRIDE index; verify the modification and the organism | from the PRIDE index; verify the modification and the organism | from the GEO index; verify assay and parasite-gene shape | 37562054: Label-free quantitative detection and comparative analysis of lysine acetylation during the different life stages of Eimeria tenella. | 38647704: Global profiling of protein S-palmitoylation in the second-generation merozoites of Eimeria tenella.,,,
Tg,Tg_N-myristoylation,PTM,tachyzoite,gene,C,65,0.8%,,myristoylation_confidence,1 columns,one,PMID 32618271 eLife 57861 (myristoylated proteome of Toxoplasma gondii),32618271: Profiling of myristoylation in Toxoplasma gondii reveals an N-myristoylated protein important for host cell penetration.,,,
Tg,Tg_arginine methylation,PTM,tachyzoite,gene,C,368,4.5%,,n_arginine_methylation_sites,1 columns,one,ToxoDB Yakubu monomethylarginine proteomics (monomethylarginine sites per gene),monomethylarginine sites per gene,,,
Tg,Tg_lactylation,PTM,tachyzoite,gene,C,515,6.3%,,n_lactylation_sites,1 columns,one,"PMID 36216028 PXD022700 (protein lactylation); PXD031526 (systematic identification of lysine lactylation); PXD031526 (from the PRIDE index, verify the modification and the organism); PXD022700 (from the PRIDE index, verify the modification and the organism); GSE313048 (from the GEO index, verify assay and parasite-gene shape)",36216028: Protein Lactylation and Metabolic Regulation of the Zoonotic Parasite Toxoplasma gondii. | systematic identification of lysine lactylation | from the PRIDE index; verify the modification and the organism | from the PRIDE index; verify the modification and the organism | from the GEO index; verify assay and parasite-gene shape,,,
Tg,Tg_S-nitrosylation,PTM,tachyzoite,gene,C,660,8.1%,,n_nitrosylation_sites,1 columns,one,"PMID 37959749 PXD046083 (proteome-wide cysteine S-nitrosylation); PXD046083 (from the PRIDE index, verify the modification and the organism); GSE313048 (from the GEO index, verify assay and parasite-gene shape)",37959749: Global Proteome-Wide Analysis of Cysteine S-Nitrosylation in Toxoplasma gondii. | from the PRIDE index; verify the modification and the organism | from the GEO index; verify assay and parasite-gene shape,,,
Tg,Tg_ubiquitination / SUMOylation,PTM,tachyzoite,gene,C,130,1.6%,,n_ubiquitination_sites,1 columns,one,"PMID 40348811 PXD045018 (TgUAE1); PMID 40590555 PXD054719 (endodyogeny); PXD042937 (from the PRIDE index, verify the modification and the organism); GSE313048 (from the GEO index, verify assay and parasite-gene shape)",40348811: Ubiquitin-activating enzyme1 (TgUAE1) acts as a key regulator of Toxoplasma gondii lytic cycle and homeostasis. | 40590555: Deciphering cell cycle organization of Toxoplasma endodyogeny. | from the PRIDE index; verify the modification and the organism | from the GEO index; verify assay and parasite-gene shape,,,
Tg,Tg_glycosylation,PTM,tachyzoite,gene,C,394,4.8%,,n_o_fucosyl_peptides,1 columns,one,"PMID 39912628 PXD056853 (nucleocytoplasmic O-fucose); GSE313048 (from the GEO index, verify assay and parasite-gene shape)","39912628: Novel antibodies detect nucleocytoplasmic O-fucose in protist pathogens, cellular slime molds, and plants. | from the GEO index; verify assay and parasite-gene shape",,,
Tg,Tg_palmitoylation,PTM,tachyzoite,gene,C,488,6.0%,,palmitome_,2 columns,separate,"PMID 26468752 ToxoDB Foe palmitome (17-ODYA click chemistry, against hydroxylamine and against palmitate); GSE313048 (from the GEO index, verify assay and parasite-gene shape)",26468752: Global Analysis of Palmitoylated Proteins in Toxoplasma gondii. | from the GEO index; verify assay and parasite-gene shape,,,
Tg,Tg_fitness · HFF in vitro,fitness,HFF,gene,A,7325,90.0%,,fit_invitro_hff,1 columns,one,,,,,
Tg,Tg_fitness · naive macrophage,fitness,naive BMDM,gene,A,7402,90.9%,,fit_naive_bmdm,1 columns,one,,,,,
Tg,Tg_fitness · IFN-gamma macrophage,fitness,IFN-g BMDM,gene,A,7402,90.9%,,fit_ifng,1 columns,one,PMID 36916910 (a second IFN-gamma screen),36916910: CRISPR Screens Identify Toxoplasma Genes That Determine Parasite Fitness in Interferon Gamma-Stimulated Human Cells.,,,
Tg,Tg_fitness · in vivo peritoneum,fitness,mouse peritoneum,gene,A,7395,90.8%,,fit_invivo_PE,1 columns,one,,,,,
Tg,Tg_fitness · in vivo lung,fitness,mouse lung,gene,A,7395,90.8%,,fit_invivo_lung,1 columns,one,,,,,
Tg,Tg_fitness · in vivo liver,fitness,mouse liver,gene,A,7395,90.8%,,fit_invivo_liver,1 columns,one,,,,,
Tg,Tg_fitness · in vivo spleen,fitness,mouse spleen,gene,A,7395,90.8%,,fit_invivo_spleen,1 columns,one,,,,,
Tg,Tg_fitness · oxidative stress,fitness,oxidant,gene,A,7384,90.7%,,oxidative_stress_screen_score,1 columns,one,PMID 34163449 PRJNA707360 (genome-wide oxidative-stress screen),34163449: Genome-Wide CRISPR/Cas9 Screen Identifies New Genes Critical for Defense Against Oxidant Stress in Toxoplasma gondii.,,,
Tg,Tg_fitness · hyperLOPIT-unassigned proteins,fitness,in vivo virulence,gene,C,551,6.8%,,fit_hyperlopit_unassigned_invivo_,2 columns,separate,PMID 39082802 GSE253884 (aimed at this map's largest gap),39082802: CRISPR screens identify genes essential for in vivo virulence among proteins of hyperLOPIT-unassigned subcellular localization in Toxoplasma.,,,
Tg,Tg_fitness · targeted in vivo (Young 2019),fitness,"mouse, targeted libraries",gene,C,170,2.1%,,"fit_invivo_young2019, crispr_invivo_platform_lfc",2 columns,separate,,,,,
Tg,Tg_genetic interaction · delta-GRA17,fitness,GRA17 background,gene,A,7553,92.8%,,crispr_gra17,3 columns,one,,,,,
Tg,Tg_fitness · GRA12 screen 1 in vitro,fitness,"GRA12 screen 1, in vitro",gene,C,236,2.9%,,crispr_gra12s1_l2fc_invitro,1 columns,one,,,,,
Tg,Tg_fitness · GRA12 screen 1 in vivo,fitness,"GRA12 screen 1, mouse",gene,C,236,2.9%,,crispr_gra12s1_l2fc_invivo,1 columns,one,,,,,
Tg,Tg_fitness · GRA12 screen 1 differential,fitness,"GRA12 screen 1, in vivo vs in vitro",gene,C,236,2.9%,,crispr_gra12s1_disco,1 columns,one,,,,,
Tg,Tg_fitness · GRA12 screen 2 in vitro,fitness,"GRA12 screen 2, in vitro",gene,C,232,2.9%,,crispr_gra12s2_l2fc_invitro,1 columns,one,,,,,
Tg,Tg_fitness · GRA12 screen 2 in vivo,fitness,"GRA12 screen 2, mouse",gene,C,232,2.9%,,crispr_gra12s2_l2fc_invivo,1 columns,one,,,,,
Tg,Tg_fitness · GRA12 screen 2 differential,fitness,"GRA12 screen 2, in vivo vs in vitro",gene,C,232,2.9%,,crispr_gra12s2_disco,1 columns,one,,,,,
Tg,Tg_stage-conversion phenotype,fitness,bradyzoite conversion,gene,C,237,2.9%,,diff_reporter_log2_mNG_over_bulk,1 columns,one,"PMID 38782906 GSE245775 (from the GEO index, verify assay and parasite-gene shape); PMID 31955846 GSE132237 (from the GEO index, verify assay and parasite-gene shape)",38782906: Translation initiation factor eIF1.2 promotes Toxoplasma stage conversion by regulating levels of key differentiation factors. | 31955846: CRISPR-Cas9 screens to identify regulators of differentiation in Toxoplasma gondii,,,
Tg,Tg_drug sensitivity,fitness,compound,gene,C,3,0.0%,,"drug_compounds_tested, drug_sensitivity_shifts, drug_sensitivity_directions",3 columns,separate,PMID 41025776 mBio (equilibrative nucleoside transporters against Ara-A and 5-FU),41025776: Impact of equilibrative nucleoside transporters on Toxoplasma gondii infection and differentiation.,,,
Tg,Tg_TF binding · per factor,regulation,ChIP / CUT&RUN,gene,A,8140,100.0%,,cuttag_,1 columns,separate,"PMID 29788176 GSE106864 (ApiAP2 cooperative binding); PMID 37350586 GSE228853 (BDP1 bromodomain); GSE313582 (from the GEO index, verify assay and parasite-gene shape); GSE313273 (from the GEO index, verify assay and parasite-gene shape); GSE293279 (from the GEO index, verify assay and parasite-gene shape); GSE277553 (from the GEO index, verify assay and parasite-gene shape); PMID 40217127 GSE271900 (from the GEO index, verify assay and parasite-gene shape); GSE124251 (from the GEO index, verify assay and parasite-gene shape); PMID 38093015 GSE222835 (from the GEO index, verify assay and parasite-gene shape); PMID 38093015 GSE222819 (from the GEO index, verify assay and parasite-gene shape)","29788176: Cooperative binding of ApiAP2 transcription factors is crucial for the expression of virulence genes in Toxoplasma gondii. | 37350586: An apicomplexan bromodomain protein, TgBDP1, associates with diverse epigenetic factors to regulate essential transcriptional processes in Toxoplasma gondii. | from the GEO index; verify assay and parasite-gene shape | from the GEO index; verify assay and parasite-gene shape | from the GEO index; verify assay and parasite-gene shape | from the GEO index; verify assay and parasite-gene shape | 40217127: An ISWI-related chromatin remodeler orchestrates parasite lifecycle progression by insulating gene expression in a densely packed genome [RNA-seq] | from the GEO index; verify assay and parasite-gene shape | 38093015: In vitro production of cat-restricted Toxoplasma pre-sexual stages. | 38093015: In vitro production of cat-restricted Toxoplasma pre-sexual stages.",,,
Tg,Tg_chromatin state · histone marks,regulation,tachyzoite / bradyzoite,gene,A,7515,92.3%,,h4_acetylation_chip_score,1 columns,fill,"PMID 35164683 GSE104347 (histone variants genome-wide); PMID 21179246 GSE22100 (GCN5-A under alkaline stress); GSE313582 (from the GEO index, verify assay and parasite-gene shape); GSE313273 (from the GEO index, verify assay and parasite-gene shape); GSE313048 (from the GEO index, verify assay and parasite-gene shape); PMID 41193469 GSE287537 (from the GEO index, verify assay and parasite-gene shape); GSE277553 (from the GEO index, verify assay and parasite-gene shape); PMID 40830525 GSE294543 (from the GEO index, verify assay and parasite-gene shape); PMID 40823841 GSE249123 (from the GEO index, verify assay and parasite-gene shape); PMID 40217127 GSE271902 (from the GEO index, verify assay and parasite-gene shape)",35164683: Genome-wide localization of histone variants in Toxoplasma gondii implicates variant exchange in stage-specific gene expression. | 21179246: Toxoplasma gondii lysine acetyltransferase GCN5-A functions in the cellular response to alkaline stress and expression of cyst genes. | from the GEO index; verify assay and parasite-gene shape | from the GEO index; verify assay and parasite-gene shape | from the GEO index; verify assay and parasite-gene shape | 41193469: Toxoplasma gondii chromatin remodeler SWI/SNF controls parasite division and gene expression. | from the GEO index; verify assay and parasite-gene shape | 40830525: Cross-lineage 5-methylcytosine methylome profiling reveals methylated divergence among Toxoplasma gondii tachyzoites of the three major clonal lineages. | 40823841: AP2X-1 is a negative regulator of Toxoplasma gondii sexual commitment | 40217127: An ISWI-related chromatin remodeler orchestrates parasite lifecycle progression by insulating gene expression in a densely packed genome [RNA-seq],,,
Tg,Tg_chromatin accessibility,regulation,stages,gene,A,7988,98.1%,,atac_promoter_,1 columns,one,"PMID 38093015 PRJNA921935 (pre-sexual stages); GSE277553 (from the GEO index, verify assay and parasite-gene shape); PMID 40823841 GSE249123 (from the GEO index, verify assay and parasite-gene shape); GSE287334 (from the GEO index, verify assay and parasite-gene shape); PMID 35041939 GSE175919 (from the GEO index, verify assay and parasite-gene shape); PMID 38791568 GSE249604 (from the GEO index, verify assay and parasite-gene shape); PMID 38093015 GSE222835 (from the GEO index, verify assay and parasite-gene shape); PMID 38093015 GSE222832 (from the GEO index, verify assay and parasite-gene shape); PMID 38093015 GSE222819 (from the GEO index, verify assay and parasite-gene shape)",38093015: In vitro production of cat-restricted Toxoplasma pre-sexual stages. | from the GEO index; verify assay and parasite-gene shape | 40823841: AP2X-1 is a negative regulator of Toxoplasma gondii sexual commitment | from the GEO index; verify assay and parasite-gene shape | 35041939: A potent HDAC inhibitor blocks Toxoplasma gondii tachyzoite growth and profoundly disrupts parasite gene expression. | 38791568: AP2XII-1 and AP2XI-2 Suppress Schizogony Gene Expression in Toxoplasma gondii | 38093015: In vitro production of cat-restricted Toxoplasma pre-sexual stages. | 38093015: In vitro production of cat-restricted Toxoplasma pre-sexual stages. | 38093015: In vitro production of cat-restricted Toxoplasma pre-sexual stages.,,,
Tg,Tg_RNA modification · m6A / 5mC,regulation,tachyzoite,gene,C,837,10.3%,,n_m6a_peaks,1 columns,separate,"PMID 34263725 GSE168155 (m6A reader and polyadenylation); PMID 40830525 GSE294543 (5mC methylome across lineages); GSE313582 (from the GEO index, verify assay and parasite-gene shape); GSE313273 (from the GEO index, verify assay and parasite-gene shape); GSE313048 (from the GEO index, verify assay and parasite-gene shape); PMID 41193469 GSE287537 (from the GEO index, verify assay and parasite-gene shape); GSE277553 (from the GEO index, verify assay and parasite-gene shape); PMID 40830525 GSE294543 (from the GEO index, verify assay and parasite-gene shape); PMID 40823841 GSE249123 (from the GEO index, verify assay and parasite-gene shape); PMID 40217127 GSE271902 (from the GEO index, verify assay and parasite-gene shape)",34263725: A plant-like mechanism coupling m6A reading to polyadenylation safeguards transcriptome integrity and developmental gene partitioning in Toxoplasma. | 40830525: Cross-lineage 5-methylcytosine methylome profiling reveals methylated divergence among Toxoplasma gondii tachyzoites of the three major clonal lineages. | from the GEO index; verify assay and parasite-gene shape | from the GEO index; verify assay and parasite-gene shape | from the GEO index; verify assay and parasite-gene shape | 41193469: Toxoplasma gondii chromatin remodeler SWI/SNF controls parasite division and gene expression. | from the GEO index; verify assay and parasite-gene shape | 40830525: Cross-lineage 5-methylcytosine methylome profiling reveals methylated divergence among Toxoplasma gondii tachyzoites of the three major clonal lineages. | 40823841: AP2X-1 is a negative regulator of Toxoplasma gondii sexual commitment | 40217127: An ISWI-related chromatin remodeler orchestrates parasite lifecycle progression by insulating gene expression in a densely packed genome [RNA-seq],,,
Tg,Tg_splicing / isoform use,regulation,stages,gene,C,798,9.8%,,novel_transcript_models,1 columns,one,"PMID 33688018 PRJNA606986 (nanopore isoform landscape); GSE277553 (from the GEO index, verify assay and parasite-gene shape); PMID 40823841 GSE249123 (from the GEO index, verify assay and parasite-gene shape); GSE287334 (from the GEO index, verify assay and parasite-gene shape); PMID 35041939 GSE175919 (from the GEO index, verify assay and parasite-gene shape); PMID 38791568 GSE249604 (from the GEO index, verify assay and parasite-gene shape); PMID 38093015 GSE222835 (from the GEO index, verify assay and parasite-gene shape); PMID 38093015 GSE222832 (from the GEO index, verify assay and parasite-gene shape); PMID 38093015 GSE222819 (from the GEO index, verify assay and parasite-gene shape)",33688018: Direct Nanopore Sequencing of mRNA Reveals Landscape of Transcript Isoforms in Apicomplexan Parasites. | from the GEO index; verify assay and parasite-gene shape | 40823841: AP2X-1 is a negative regulator of Toxoplasma gondii sexual commitment | from the GEO index; verify assay and parasite-gene shape | 35041939: A potent HDAC inhibitor blocks Toxoplasma gondii tachyzoite growth and profoundly disrupts parasite gene expression. | 38791568: AP2XII-1 and AP2XI-2 Suppress Schizogony Gene Expression in Toxoplasma gondii | 38093015: In vitro production of cat-restricted Toxoplasma pre-sexual stages. | 38093015: In vitro production of cat-restricted Toxoplasma pre-sexual stages. | 38093015: In vitro production of cat-restricted Toxoplasma pre-sexual stages.,,,
Tg,Tg_RNA stability / half-life,regulation,tachyzoite,gene,C,412,5.1%,,mrna_remaining_5h_actinomycin,1 columns,one,"PMID 39899594 PRJEB67890 (iron-mediated post-transcriptional regulation); GSE313582 (from the GEO index, verify assay and parasite-gene shape); GSE313273 (from the GEO index, verify assay and parasite-gene shape); GSE313048 (from the GEO index, verify assay and parasite-gene shape); PMID 41193469 GSE287537 (from the GEO index, verify assay and parasite-gene shape); GSE277553 (from the GEO index, verify assay and parasite-gene shape); PMID 40830525 GSE294543 (from the GEO index, verify assay and parasite-gene shape); PMID 40823841 GSE249123 (from the GEO index, verify assay and parasite-gene shape); PMID 40217127 GSE271902 (from the GEO index, verify assay and parasite-gene shape)",39899594: Iron-mediated post-transcriptional regulation in Toxoplasma gondii. | from the GEO index; verify assay and parasite-gene shape | from the GEO index; verify assay and parasite-gene shape | from the GEO index; verify assay and parasite-gene shape | 41193469: Toxoplasma gondii chromatin remodeler SWI/SNF controls parasite division and gene expression. | from the GEO index; verify assay and parasite-gene shape | 40830525: Cross-lineage 5-methylcytosine methylome profiling reveals methylated divergence among Toxoplasma gondii tachyzoites of the three major clonal lineages. | 40823841: AP2X-1 is a negative regulator of Toxoplasma gondii sexual commitment | 40217127: An ISWI-related chromatin remodeler orchestrates parasite lifecycle progression by insulating gene expression in a densely packed genome [RNA-seq],,,
Tg,Tg_localization · measured,localization,hyperLOPIT,gene,A,8140,100.0%,,"compartment, compartment_source, lopit_prob, lopit_methods_agree, lopit_confident",6 columns,one,,,,,
Tg,Tg_localization · transferred,localization,orthoLOPIT,gene,A,8140,100.0%,,"ortholopit_, compartment_best",5 columns,fill,,,,,
Tg,Tg_membrane topology,localization,sequence,gene,A,8140,100.0%,,"dtm_class, n_tm, has_signal_peptide, is_tm, tm_kd_, tm_len_mean",7 columns,one,,,,,
Tg,Tg_exposure to host cytosol,localization,"PVM, export",gene,C,1274,15.7%,73,pvm_proximity_positive,1 columns,fill,PMID 38747635 (TurboID exportome of secreted disordered proteins); PMID 29615509 GSE109830 (MYR1-dependent effectors); PMID 31366709 GSE122786 (translocation across the PVM),"38747635: TurboID mapping reveals the exportome of secreted intrinsically disordered proteins in the transforming parasite Theileria annulata. | 29615509: MYR1-Dependent Effectors Are the Major Drivers of a Host Cell's Early Response to Toxoplasma, Including Counteracting MYR1-Independent Effects. | 31366709: Translocation of Dense Granule Effectors across the Parasitophorous Vacuole Membrane in Toxoplasma-Infected Cells Requires the Activity of ROP17, a Rhoptry Protein Kinase.",,,
Tg,Tg_secretome / excreted,localization,ESA,gene,C,165,2.0%,,secretome_soluble_over_vesicle_log2,1 columns,one,"PMID 40874616 Ramirez-Flores vesicles (soluble against vesicular secreted fractions); PMID 39082802 GSE253885 (from the GEO index, verify assay and parasite-gene shape); PMID 39082802 GSE253884 (from the GEO index, verify assay and parasite-gene shape)",40874616: Mapping a Toxoplasma gondii interactome by crosslinking mass spectrometry and machine learning. | 39082802: CRISPR screens identify genes essential for in vivo virulence among proteins of hyperLOPIT-unassigned subcellular localization in Toxoplasma. | 39082802: CRISPR screens identify genes essential for in vivo virulence among proteins of hyperLOPIT-unassigned subcellular localization in Toxoplasma.,,,
Tg,Tg_co-transcription,relation,stage series,pair,A,6375,78.3%,,coexpression,"49,293 pairs",separate,,,,,
Tg,Tg_co-translation,relation,ribosome profiling,pair,B,1094,13.4%,,cotranslation,"6,344 pairs",separate,"GSE334992 (from the GEO index, verify assay and parasite-gene shape); PMID 40830525 GSE294543 (from the GEO index, verify assay and parasite-gene shape); PMID 37350586 GSE228853 (from the GEO index, verify assay and parasite-gene shape); PMID 29788176 GSE109086 (from the GEO index, verify assay and parasite-gene shape)","from the GEO index; verify assay and parasite-gene shape | 40830525: Cross-lineage 5-methylcytosine methylome profiling reveals methylated divergence among Toxoplasma gondii tachyzoites of the three major clonal lineages. | 37350586: An apicomplexan bromodomain protein, TgBDP1, associates with diverse epigenetic factors to regulate essential transcriptional processes in Toxoplasma gondii. | 29788176: Cooperative binding of ApiAP2 transcription factors is crucial for the expression of virulence genes in Toxoplasma gondii.",,,
Tg,Tg_co-fitness,relation,seven screens,pair,A,7290,89.6%,,cofitness,"88,997 pairs",separate,,,,,
Tg,Tg_interaction · crosslink MS,relation,measured contact,pair,B,1630,20.0%,,xlms,"2,842 pairs",one,,,,,
Tg,"Tg_interaction · IP-MS, parasite-parasite",relation,pulldown,pair,C,48,0.6%,,ip_ms,64 pairs,fill,55 IP-MS studies already downloaded and not curated,55 IP-MS studies already downloaded and not curated,,,
Tg,Tg_interaction · proximity labelling,relation,BioID / TurboID,gene,B,1742,21.4%,,n_proximity_partners,1 columns,fill,"44 BioID studies already downloaded; PMID 36214684 PXD032102 (calmodulin proximal interactors); PXD059579 (from the PRIDE index, verify the modification and the organism)",44 BioID studies already downloaded | 36214684: Essential Functions of Calmodulin and Identification of Its Proximal Interacting Proteins in Tachyzoite-Stage Toxoplasma gondii via BioID Technology. | from the PRIDE index; verify the modification and the organism,,,
Tg,Tg_interaction · structural similarity,relation,Foldseek,pair,A,2338,28.7%,,struct,"11,684 pairs",one,,,,,
Tg,Tg_interaction · with host proteins,relation,host IP-MS,pair,C,5,0.1%,,bridge:host,"733 pairs, 5 parasite gene(s)",separate,"PMID 32075880 PXD016383 (MYR1 co-IP); PMID 38747635 (exportome TurboID); GSE313582 (from the GEO index, verify assay and parasite-gene shape); GSE313273 (from the GEO index, verify assay and parasite-gene shape); GSE334992 (from the GEO index, verify assay and parasite-gene shape); PMID 37350586 GSE228853 (from the GEO index, verify assay and parasite-gene shape); PMID 33816350 GSE166828 (from the GEO index, verify assay and parasite-gene shape); PMID 33816350 GSE166827 (from the GEO index, verify assay and parasite-gene shape); PMID 21179246 GSE22100 (from the GEO index, verify assay and parasite-gene shape)","32075880: Coimmunoprecipitation with MYR1 Identifies Three Additional Proteins within the Toxoplasma gondii Parasitophorous Vacuole Required for Translocation of Dense Granule Effectors into Host Cells. | 38747635: TurboID mapping reveals the exportome of secreted intrinsically disordered proteins in the transforming parasite Theileria annulata. | from the GEO index; verify assay and parasite-gene shape | from the GEO index; verify assay and parasite-gene shape | from the GEO index; verify assay and parasite-gene shape | 37350586: An apicomplexan bromodomain protein, TgBDP1, associates with diverse epigenetic factors to regulate essential transcriptional processes in Toxoplasma gondii. | 33816350: Targeted transcriptomic analysis of C57BL/6 and BALB/c mice during progressive chronic Toxoplasma gondii infection reveals changes in host and parasitic gene expression relating to neuropathology and resolution | 33816350: Targeted transcriptomic analysis of C57BL/6 and BALB/c mice during progressive chronic Toxoplasma gondii infection reveals changes in host and parasitic gene expression relating to neuropathology and resolution | 21179246: Toxoplasma gondii lysine acetyltransferase GCN5-A functions in the cellular response to alkaline stress and expression of cyst genes.",,,
Tg,Tg_shared compartment,relation,hyperLOPIT,pair,B,1724,21.2%,,compartment,"118,712 pairs",one,,,,,
Tg,Tg_shared orthogroup,relation,OrthoMCL,pair,B,1258,15.5%,,orthogroup,"3,452 pairs",one,,,,,
Tg,Tg_shared domain,relation,InterPro,pair,A,2235,27.5%,,domain,"10,272 pairs",one,,,,,
Tg,Tg_interaction degree · crosslink MS,relation,measured contact,gene,A,8140,100.0%,,"n_xlink_partners, best_model_agreement",2 columns,separate,,,,,
Tg,Tg_interaction degree · IP-MS,relation,curated pulldown,gene,A,8140,100.0%,,n_ipms_partners,1 columns,one,,,,,
Tg,Tg_interaction degree · structural similarity,relation,Foldseek,gene,A,8140,100.0%,,n_struct_similar,1 columns,one,,,,,
Tg,Tg_host interaction degree,host effect,curated parasite-host interactions,gene,A,8140,100.0%,,n_host_targets,1 columns,one,,,,,
Tg,Tg_downloaded-study membership,NEVER a feature,BioID / IP-MS corpus coverage,gene,A,8140,100.0%,,"n_bioid_studies, n_ipms_studies",2 columns,separate,,,,,
Tg,Tg_analysis-derived structural holes,NEVER a feature,coexpression + cofitness - literature,gene,A,8140,100.0%,,n_holes,1 columns,one,,,,,
Tg,Tg_assay confidence and significance,NEVER a feature,target evidence metadata,gene,C,252,3.1%,,hosttx_padj,1 columns,one,,,,,
Tg,Tg_host transcriptional effect per effector,host effect,dual perturb-seq,gene,C,252,3.1%,,"hosttx_T2, hosttx_signature_",23 columns,separate,"PMID 37827122 GSE229505 (the per-effector host signature, not just its p-value)",37827122: High-throughput identification of Toxoplasma gondii effector proteins that target host cell transcription.,,,
Tg,Tg_domain content,sequence,InterPro,gene,A,8140,100.0%,,"n_interpro, has_domain, interpro_id, interpro_desc, pfam_id",5 columns,one,,,,,
Tg,Tg_fold confidence / disorder,sequence,AlphaFold,gene,A,8140,100.0%,6480,"mean_plddt, has_structure",2 columns,one,,,,,
Tg,Tg_conservation breadth,sequence,OrthoMCL,gene,A,8140,100.0%,,"has_pf_ortholog, has_cp_ortholog, lineage_specific, orthogroup",4 columns,one,,,,,
Tg,Tg_paralogy,sequence,OrthoMCL,gene,A,8140,100.0%,,paralog_number,1 columns,one,,,,,
Tg,Tg_sequence basics,sequence,protein,gene,A,8140,100.0%,,"length, sequence",2 columns,one,,,,,
Tg,Tg_strain variation,sequence,population,gene,A,8140,100.0%,,snp_,5 columns,one,"ToxoDB HTS SNPs (SNPs per gene across every sequenced strain); GSE313582 (from the GEO index, verify assay and parasite-gene shape); GSE313273 (from the GEO index, verify assay and parasite-gene shape); GSE313318 (from the GEO index, verify assay and parasite-gene shape); PMID 40830525 GSE294543 (from the GEO index, verify assay and parasite-gene shape); GSE302108 (from the GEO index, verify assay and parasite-gene shape); PMID 40823841 GSE249123 (from the GEO index, verify assay and parasite-gene shape); PMID 37675999 GSE210671 (from the GEO index, verify assay and parasite-gene shape); GSE206344 (from the GEO index, verify assay and parasite-gene shape)",SNPs per gene across every sequenced strain | from the GEO index; verify assay and parasite-gene shape | from the GEO index; verify assay and parasite-gene shape | from the GEO index; verify assay and parasite-gene shape | 40830525: Cross-lineage 5-methylcytosine methylome profiling reveals methylated divergence among Toxoplasma gondii tachyzoites of the three major clonal lineages. | from the GEO index; verify assay and parasite-gene shape | 40823841: AP2X-1 is a negative regulator of Toxoplasma gondii sexual commitment | 37675999: An ex vivo model of Toxoplasma recrudescence reveals the developmental plasticity of the bradyzoite stage | from the GEO index; verify assay and parasite-gene shape,,,
Tg,Tg_literature attention,NEVER a feature,PubMed / PMC,gene,A,8140,100.0%,,"n_publications, n_fulltext, n_papers_, attention_depth, lit_tier",7 columns,one,,,,,
Tg,Tg_gene identity and annotation,NEVER a feature,ToxoDB,gene,A,8140,100.0%,,"gene_id, product",2 columns,one,,,,,
Tg,Tg_metabolite levels,metabolism,steady state,metabolite,B,675,52.1%,,metabolite_level_,"2 columns of 1,296 metabolites",separate,,,,,
Tg,Tg_metabolic flux,metabolism,labelled precursor,metabolite,B,855,66.0%,,labelled_fraction_,"2 columns of 1,296 metabolites",separate,,,,,
Tg,Tg_lipid composition,metabolism,membrane lipids,metabolite,C,194,15.0%,,lipid_ev_,"2 columns of 1,296 metabolites",separate,,,,,
Tg,Tg_enzyme classification,metabolism,annotation,gene,A,8140,100.0%,1313,"ec_number, has_ec",2 columns,one,,,,,
Tg,Tg_resistance-conferring mutation,chemistry,in vitro evolution,gene,C,1,0.0%,,"resistance_allele_count, resistance_compound_count, resistance_substitutions, resistance_compounds",4 columns,separate,"PMID 24533298 Int J Parasitol Drugs Drug Resist (TgMAPK1 L162Q and I171N, 1NM-PP1); PMID 25941623 Sci Rep (TgMAPKL-1 gatekeeper S191Y); PMID 35041939 GSE175919 (from the GEO index, verify assay and parasite-gene shape)",24533298: Identification of mutations in TgMAPK1 of Toxoplasma gondii conferring resistance to 1NM-PP1. | 25941623: A single mutation in the gatekeeper residue in TgMAPKL-1 restores the inhibitory effect of a bumped kinase inhibitor on the cell cycle. | 35041939: A potent HDAC inhibitor blocks Toxoplasma gondii tachyzoite growth and profoundly disrupts parasite gene expression.,,,
Tg,Tg_target engagement / thermal shift,chemistry,thermal proteome,gene,B,2348,28.8%,,cetsa_calcium_ed_score,1 columns,average,,,,,
Tg,Tg_RNA-binding protein targets,relation,CLIP / RIP,gene,A,7463,91.7%,,bfd2_rip_log2_ip_over_input,1 columns,separate,,,,,
Tg,Tg_noncoding and antisense transcription,transcription,lncRNA,gene,A,8140,100.0%,,antisense_expression_percentile,1 columns,separate,,,,,
Tg,Tg_codon usage / translation efficiency,translation,sequence-derived,gene,A,8140,100.0%,,codon_,3 columns,one,,,,,
Tg,Tg_complex membership,relation,crosslink MS interactome,gene,C,494,6.1%,,n_crosslink_partners,1 columns,separate,PMID 40874616 mBio 02159-25 (Toxoplasma interactome by crosslinking mass spectrometry),40874616: Mapping a Toxoplasma gondii interactome by crosslinking mass spectrometry and machine learning.,,,
Tg,Tg_seroreactivity / antigenicity,immunity,human or animal sera,gene,C,34,0.4%,,n_bcell_epitopes,1 columns,separate,"IEDB bcell_search (distinct antibody epitope sequences per antigen); PMID 41704854 GSE300509 (from the GEO index, verify assay and parasite-gene shape); PMID 40830525 GSE294543 (from the GEO index, verify assay and parasite-gene shape); GSE287334 (from the GEO index, verify assay and parasite-gene shape); GSE124251 (from the GEO index, verify assay and parasite-gene shape); PMID 37350586 GSE228853 (from the GEO index, verify assay and parasite-gene shape); PMID 36214684 GSE198001 (from the GEO index, verify assay and parasite-gene shape); PMID 33336164 GSE156685 (from the GEO index, verify assay and parasite-gene shape); PMID 32065584 GSE145080 (from the GEO index, verify assay and parasite-gene shape)","distinct antibody epitope sequences per antigen | 41704854: In vitro growth of Toxoplasma gondii tachyzoites on different host cell lines selects for changes in efficiency of invasion and parasite surface antigen gene expression | 40830525: Cross-lineage 5-methylcytosine methylome profiling reveals methylated divergence among Toxoplasma gondii tachyzoites of the three major clonal lineages. | from the GEO index; verify assay and parasite-gene shape | from the GEO index; verify assay and parasite-gene shape | 37350586: An apicomplexan bromodomain protein, TgBDP1, associates with diverse epigenetic factors to regulate essential transcriptional processes in Toxoplasma gondii. | 36214684: Essential Functions of Calmodulin and Identification of Its Proximal Interacting Proteins in Tachyzoite-Stage Toxoplasma gondii via BioID Technology. | 33336164: Target identification of an antimalarial oxaborole identifies AN13762 as an alternative chemotype for targeting CPSF3 in apicomplexan parasites. | 32065584: A single-parasite transcriptional atlas of Toxoplasma Gondii reveals novel control of antigen expression.",,,
Tg,Tg_T-cell epitope content,immunity,predicted and measured,gene,C,221,2.7%,,iedb_epitope_count,1 columns,average,"GSE287334 (from the GEO index, verify assay and parasite-gene shape)",from the GEO index; verify assay and parasite-gene shape,,,
Tg,Tg_host ESCRT recruitment,phenotype,high-content imaging,gene,C,10,0.1%,,escrt_recruitment_,2 columns,separate,spaCR screen (unpublished) (pooled image-based CRISPR screen of secretory proteins),pooled image-based CRISPR screen of secretory proteins,,,
Tg,Tg_invasion and egress phenotype,phenotype,high-content imaging,gene,C,318,3.9%,,"screen_egress_phenotype, screen_any_phenotype, screen_actin_phenotype, screen_apicoplast_phenotype, screen_replication_phenotype, screen_scorers_agree",6 columns,separate,"PMID 35538310 Nat Microbiol 41564-2022-01114 (arrayed splitCas9 imaging screen, 319 genes)",35538310: A splitCas9 phenotypic screen in Toxoplasma gondii identifies proteins involved in host cell egress and invasion.,,,
Tg,Tg_essentiality in a second background,fitness,second strain,gene,C,131,1.6%,,crispr_reporter_strain_p8_log2,1 columns,separate,"GSE132237 (eight passages in the differentiation reporter strain); PMID 31955846 GSE132237 (from the GEO index, verify assay and parasite-gene shape)",eight passages in the differentiation reporter strain | 31955846: CRISPR-Cas9 screens to identify regulators of differentiation in Toxoplasma gondii,,,
Tg,Tg_host proteome · human fibroblast,host effect,"human fibroblast; tachyzoite, in vitro HFF",host_gene,-,0,,,,,average,,,missing,"Not yet swept. What the host table holds for this tissue is nothing -- the bridges are a join between two tables, not a proteome of human fibroblast.","PRIDE tissue and cell-type proteomes; Human Protein Atlas protein-level tissue data. Rows are host genes, keyed to UniProt or Ensembl, and they never enter a parasite embedding as feature columns: a parasite map whose rows were partly host genes would break every claim of the form “cluster 5 is 71% IMC”, which assumes the rows are parasite genes. This one answers whether the host partner a tachyzoite, in vitro HFF protein binds is present in human fibroblast at all."
Tg,Tg_host transcriptome · human fibroblast,host effect,"human fibroblast; tachyzoite, in vitro HFF",host_gene,A,19087,100.0%,,fibroblast_tpm,"1 columns of 19,087 host proteins",average,,,,,
Tg,Tg_host surface / receptor repertoire · human fibroblast,host effect,"human fibroblast; tachyzoite, in vitro HFF",host_gene,-,0,,,,,fill,,,missing,"Not yet swept. What the host table holds for this tissue is nothing -- the bridges are a join between two tables, not a proteome of human fibroblast.","surface-proteome and cell-surface-capture studies in PRIDE, checked against HPA membrane annotation; this is what a binding claim gets checked against. Rows are host genes, keyed to UniProt or Ensembl, and they never enter a parasite embedding as feature columns: a parasite map whose rows were partly host genes would break every claim of the form “cluster 5 is 71% IMC”, which assumes the rows are parasite genes. This one answers whether the host partner a tachyzoite, in vitro HFF protein binds is present in human fibroblast at all."
Tg,Tg_host response to infection · human fibroblast,host effect,"human fibroblast; tachyzoite, in vitro HFF",host_gene,-,0,,,,,separate,,,missing,"Not yet swept. What the host table holds for this tissue is nothing -- the bridges are a join between two tables, not a proteome of human fibroblast.","dual RNA-seq and infected-versus-uninfected series in GEO and ArrayExpress, kept as the contrast rather than the condition. Rows are host genes, keyed to UniProt or Ensembl, and they never enter a parasite embedding as feature columns: a parasite map whose rows were partly host genes would break every claim of the form “cluster 5 is 71% IMC”, which assumes the rows are parasite genes. This one answers whether the host partner a tachyzoite, in vitro HFF protein binds is present in human fibroblast at all."
Tg,Tg_host proteome · human monocyte,host effect,"human monocyte; tachyzoite, infected monocyte",host_gene,-,0,,,,,average,,,missing,"Not yet swept. What the host table holds for this tissue is nothing -- the bridges are a join between two tables, not a proteome of human monocyte.","PRIDE tissue and cell-type proteomes; Human Protein Atlas protein-level tissue data. Rows are host genes, keyed to UniProt or Ensembl, and they never enter a parasite embedding as feature columns: a parasite map whose rows were partly host genes would break every claim of the form “cluster 5 is 71% IMC”, which assumes the rows are parasite genes. This one answers whether the host partner a tachyzoite, infected monocyte protein binds is present in human monocyte at all."
Tg,Tg_host transcriptome · human monocyte,host effect,"human monocyte; tachyzoite, infected monocyte",host_gene,-,0,,,,,average,,,missing,"Not yet swept. What the host table holds for this tissue is nothing -- the bridges are a join between two tables, not a proteome of human monocyte.","GTEx and the Human Protein Atlas for human tissue; Tabula Muris for mouse; VectorBase for Anopheles. Rows are host genes, keyed to UniProt or Ensembl, and they never enter a parasite embedding as feature columns: a parasite map whose rows were partly host genes would break every claim of the form “cluster 5 is 71% IMC”, which assumes the rows are parasite genes. This one answers whether the host partner a tachyzoite, infected monocyte protein binds is present in human monocyte at all."
Tg,Tg_host surface / receptor repertoire · human monocyte,host effect,"human monocyte; tachyzoite, infected monocyte",host_gene,-,0,,,,,fill,,,missing,"Not yet swept. What the host table holds for this tissue is nothing -- the bridges are a join between two tables, not a proteome of human monocyte.","surface-proteome and cell-surface-capture studies in PRIDE, checked against HPA membrane annotation; this is what a binding claim gets checked against. Rows are host genes, keyed to UniProt or Ensembl, and they never enter a parasite embedding as feature columns: a parasite map whose rows were partly host genes would break every claim of the form “cluster 5 is 71% IMC”, which assumes the rows are parasite genes. This one answers whether the host partner a tachyzoite, infected monocyte protein binds is present in human monocyte at all."
Tg,Tg_host response to infection · human monocyte,host effect,"human monocyte; tachyzoite, infected monocyte",host_gene,-,0,,,,,separate,,,missing,"Not yet swept. What the host table holds for this tissue is nothing -- the bridges are a join between two tables, not a proteome of human monocyte.","dual RNA-seq and infected-versus-uninfected series in GEO and ArrayExpress, kept as the contrast rather than the condition. Rows are host genes, keyed to UniProt or Ensembl, and they never enter a parasite embedding as feature columns: a parasite map whose rows were partly host genes would break every claim of the form “cluster 5 is 71% IMC”, which assumes the rows are parasite genes. This one answers whether the host partner a tachyzoite, infected monocyte protein binds is present in human monocyte at all."
Tg,Tg_host proteome · mouse bone-marrow macrophage,host effect,"mouse bone-marrow macrophage; tachyzoite, BMDM",host_gene,-,0,,,,,average,,,missing,"Not yet swept. What the host table holds for this tissue is nothing -- the bridges are a join between two tables, not a proteome of mouse bone-marrow macrophage.","PRIDE tissue and cell-type proteomes; Human Protein Atlas protein-level tissue data. Rows are host genes, keyed to UniProt or Ensembl, and they never enter a parasite embedding as feature columns: a parasite map whose rows were partly host genes would break every claim of the form “cluster 5 is 71% IMC”, which assumes the rows are parasite genes. This one answers whether the host partner a tachyzoite, BMDM protein binds is present in mouse bone-marrow macrophage at all."
Tg,Tg_host transcriptome · mouse bone-marrow macrophage,host effect,"mouse bone-marrow macrophage; tachyzoite, BMDM",host_gene,-,0,,,,,average,,,missing,"Not yet swept. What the host table holds for this tissue is nothing -- the bridges are a join between two tables, not a proteome of mouse bone-marrow macrophage.","GTEx and the Human Protein Atlas for human tissue; Tabula Muris for mouse; VectorBase for Anopheles. Rows are host genes, keyed to UniProt or Ensembl, and they never enter a parasite embedding as feature columns: a parasite map whose rows were partly host genes would break every claim of the form “cluster 5 is 71% IMC”, which assumes the rows are parasite genes. This one answers whether the host partner a tachyzoite, BMDM protein binds is present in mouse bone-marrow macrophage at all."
Tg,Tg_host surface / receptor repertoire · mouse bone-marrow macrophage,host effect,"mouse bone-marrow macrophage; tachyzoite, BMDM",host_gene,A,1296,100.0%,150,"bmdm_surface_detected, bmdm_surface_intensity","2 columns of 1,296 host proteins",fill,,,,,
Tg,Tg_host response to infection · mouse bone-marrow macrophage,host effect,"mouse bone-marrow macrophage; tachyzoite, BMDM",host_gene,-,0,,,,,separate,,,missing,"Not yet swept. What the host table holds for this tissue is nothing -- the bridges are a join between two tables, not a proteome of mouse bone-marrow macrophage.","dual RNA-seq and infected-versus-uninfected series in GEO and ArrayExpress, kept as the contrast rather than the condition. Rows are host genes, keyed to UniProt or Ensembl, and they never enter a parasite embedding as feature columns: a parasite map whose rows were partly host genes would break every claim of the form “cluster 5 is 71% IMC”, which assumes the rows are parasite genes. This one answers whether the host partner a tachyzoite, BMDM protein binds is present in mouse bone-marrow macrophage at all."
Tg,Tg_host proteome · mouse brain,host effect,"mouse brain; bradyzoite, chronic CNS infection",host_gene,-,0,,,,,average,,,missing,"Not yet swept. What the host table holds for this tissue is nothing -- the bridges are a join between two tables, not a proteome of mouse brain.","PRIDE tissue and cell-type proteomes; Human Protein Atlas protein-level tissue data. Rows are host genes, keyed to UniProt or Ensembl, and they never enter a parasite embedding as feature columns: a parasite map whose rows were partly host genes would break every claim of the form “cluster 5 is 71% IMC”, which assumes the rows are parasite genes. This one answers whether the host partner a bradyzoite, chronic CNS infection protein binds is present in mouse brain at all."
Tg,Tg_host transcriptome · mouse brain,host effect,"mouse brain; bradyzoite, chronic CNS infection",host_gene,A,9763,100.0%,,brain_tpm,"1 columns of 9,763 host proteins",average,,,,,
Tg,Tg_host surface / receptor repertoire · mouse brain,host effect,"mouse brain; bradyzoite, chronic CNS infection",host_gene,-,0,,,,,fill,,,missing,"Not yet swept. What the host table holds for this tissue is nothing -- the bridges are a join between two tables, not a proteome of mouse brain.","surface-proteome and cell-surface-capture studies in PRIDE, checked against HPA membrane annotation; this is what a binding claim gets checked against. Rows are host genes, keyed to UniProt or Ensembl, and they never enter a parasite embedding as feature columns: a parasite map whose rows were partly host genes would break every claim of the form “cluster 5 is 71% IMC”, which assumes the rows are parasite genes. This one answers whether the host partner a bradyzoite, chronic CNS infection protein binds is present in mouse brain at all."
Tg,Tg_host response to infection · mouse brain,host effect,"mouse brain; bradyzoite, chronic CNS infection",host_gene,-,0,,,,,separate,,,missing,"Not yet swept. What the host table holds for this tissue is nothing -- the bridges are a join between two tables, not a proteome of mouse brain.","dual RNA-seq and infected-versus-uninfected series in GEO and ArrayExpress, kept as the contrast rather than the condition. Rows are host genes, keyed to UniProt or Ensembl, and they never enter a parasite embedding as feature columns: a parasite map whose rows were partly host genes would break every claim of the form “cluster 5 is 71% IMC”, which assumes the rows are parasite genes. This one answers whether the host partner a bradyzoite, chronic CNS infection protein binds is present in mouse brain at all."
Tg,Tg_host proteome · mouse skeletal muscle,host effect,"mouse skeletal muscle; bradyzoite, chronic muscle infection",host_gene,-,0,,,,,average,,,missing,"Not yet swept. What the host table holds for this tissue is nothing -- the bridges are a join between two tables, not a proteome of mouse skeletal muscle.","PRIDE tissue and cell-type proteomes; Human Protein Atlas protein-level tissue data. Rows are host genes, keyed to UniProt or Ensembl, and they never enter a parasite embedding as feature columns: a parasite map whose rows were partly host genes would break every claim of the form “cluster 5 is 71% IMC”, which assumes the rows are parasite genes. This one answers whether the host partner a bradyzoite, chronic muscle infection protein binds is present in mouse skeletal muscle at all."
Tg,Tg_host transcriptome · mouse skeletal muscle,host effect,"mouse skeletal muscle; bradyzoite, chronic muscle infection",host_gene,A,8635,100.0%,,skeletal_muscle_tpm,"1 columns of 8,635 host proteins",average,,,,,
Tg,Tg_host surface / receptor repertoire · mouse skeletal muscle,host effect,"mouse skeletal muscle; bradyzoite, chronic muscle infection",host_gene,-,0,,,,,fill,,,missing,"Not yet swept. What the host table holds for this tissue is nothing -- the bridges are a join between two tables, not a proteome of mouse skeletal muscle.","surface-proteome and cell-surface-capture studies in PRIDE, checked against HPA membrane annotation; this is what a binding claim gets checked against. Rows are host genes, keyed to UniProt or Ensembl, and they never enter a parasite embedding as feature columns: a parasite map whose rows were partly host genes would break every claim of the form “cluster 5 is 71% IMC”, which assumes the rows are parasite genes. This one answers whether the host partner a bradyzoite, chronic muscle infection protein binds is present in mouse skeletal muscle at all."
Tg,Tg_host response to infection · mouse skeletal muscle,host effect,"mouse skeletal muscle; bradyzoite, chronic muscle infection",host_gene,-,0,,,,,separate,,,missing,"Not yet swept. What the host table holds for this tissue is nothing -- the bridges are a join between two tables, not a proteome of mouse skeletal muscle.","dual RNA-seq and infected-versus-uninfected series in GEO and ArrayExpress, kept as the contrast rather than the condition. Rows are host genes, keyed to UniProt or Ensembl, and they never enter a parasite embedding as feature columns: a parasite map whose rows were partly host genes would break every claim of the form “cluster 5 is 71% IMC”, which assumes the rows are parasite genes. This one answers whether the host partner a bradyzoite, chronic muscle infection protein binds is present in mouse skeletal muscle at all."
Tg,Tg_host proteome · human neuron,host effect,"human neuron; bradyzoite, neuronal cyst",host_gene,-,0,,,,,average,,,missing,"Swept 2026-08-22. The reachable neuron baselines are iPSC-derived SENSORY neurons (E-ENAD-33) and hESC differentiations, not the CNS neurons a bradyzoite encysts in. GTEx brain regions are tissue rather than cell type, which is the substitution refused here before.",A CNS-neuron transcriptome or proteome measured per cell type -- iPSC-derived cortical neurons or a sorted-nuclei brain dataset -- rather than a brain region or a sensory neuron.
Tg,Tg_host transcriptome · human neuron,host effect,"human neuron; bradyzoite, neuronal cyst",host_gene,-,0,,,,,average,,,missing,"Swept 2026-08-22. The reachable neuron baselines are iPSC-derived SENSORY neurons (E-ENAD-33) and hESC differentiations, not the CNS neurons a bradyzoite encysts in. GTEx brain regions are tissue rather than cell type, which is the substitution refused here before.",A CNS-neuron transcriptome or proteome measured per cell type -- iPSC-derived cortical neurons or a sorted-nuclei brain dataset -- rather than a brain region or a sensory neuron.
Tg,Tg_host surface / receptor repertoire · human neuron,host effect,"human neuron; bradyzoite, neuronal cyst",host_gene,-,0,,,,,fill,,,missing,"Swept 2026-08-22. The reachable neuron baselines are iPSC-derived SENSORY neurons (E-ENAD-33) and hESC differentiations, not the CNS neurons a bradyzoite encysts in. GTEx brain regions are tissue rather than cell type, which is the substitution refused here before.",A CNS-neuron transcriptome or proteome measured per cell type -- iPSC-derived cortical neurons or a sorted-nuclei brain dataset -- rather than a brain region or a sensory neuron.
Tg,Tg_host response to infection · human neuron,host effect,"human neuron; bradyzoite, neuronal cyst",host_gene,-,0,,,,,separate,,,missing,"Swept 2026-08-22. The reachable neuron baselines are iPSC-derived SENSORY neurons (E-ENAD-33) and hESC differentiations, not the CNS neurons a bradyzoite encysts in. GTEx brain regions are tissue rather than cell type, which is the substitution refused here before.",A CNS-neuron transcriptome or proteome measured per cell type -- iPSC-derived cortical neurons or a sorted-nuclei brain dataset -- rather than a brain region or a sensory neuron.
Tg,Tg_local AF3 fold confidence and geometry,sequence,AlphaFold 3 local predictions,gene,C,1210,14.9%,,af3_,9 columns,separate,,,,,
Tg,Tg_transcription · in vivo enteric,transcription,feline enterocyte,gene,A,7739,95.1%,,ees_vs_tachyzoite_log2,1 columns,one,"PMID 38093015 GSE222835 (from the GEO index, verify assay and parasite-gene shape); PMID 38093015 GSE222819 (from the GEO index, verify assay and parasite-gene shape); GSE206344 (from the GEO index, verify assay and parasite-gene shape); PMID 32094587 GSE136123 (from the GEO index, verify assay and parasite-gene shape); PMID 32094587 GSE136060 (from the GEO index, verify assay and parasite-gene shape); PMID 29788176 GSE109087 (from the GEO index, verify assay and parasite-gene shape); PMID 29788176 GSE109086 (from the GEO index, verify assay and parasite-gene shape); PMID 30728393 GSE108740 (from the GEO index, verify assay and parasite-gene shape)",38093015: In vitro production of cat-restricted Toxoplasma pre-sexual stages. | 38093015: In vitro production of cat-restricted Toxoplasma pre-sexual stages. | from the GEO index; verify assay and parasite-gene shape | 32094587: A MORC-driven transcriptional switch controls Toxoplasma developmental trajectories and sexual commitment | 32094587: A MORC-driven transcriptional switch controls Toxoplasma developmental trajectories and sexual commitment | 29788176: Cooperative binding of ApiAP2 transcription factors is crucial for the expression of virulence genes in Toxoplasma gondii. | 29788176: Cooperative binding of ApiAP2 transcription factors is crucial for the expression of virulence genes in Toxoplasma gondii. | 30728393: An experimental genetically attenuated live vaccine to prevent transmission of Toxoplasma gondii by cats.,,,
Tg,Tg_fitness · in vivo gut,fitness,"enteric, sexual cycle",gene,C,8,0.1%,,"enteric_oocyst_yield, enteric_sporulation, enteric_measurements",3 columns,separate,"PMID 28288194 PLoS Pathog (AAH1/AAH2 oocyst yield in the cat); PMID 30728393 Sci Rep (HAP2 fertilisation-deficient line sheds no sporulating oocysts); PMID 36809045 mBio (LEA cluster deletion, oocyst yield unchanged); PMID PMC12942651 Pathogens (glutaredoxin 5 reduces oocyst production and sporulation)",28288194: The aromatic amino acid hydroxylase genes AAH1 and AAH2 in Toxoplasma gondii contribute to transmission in the cat. | 30728393: An experimental genetically attenuated live vaccine to prevent transmission of Toxoplasma gondii by cats. | 36809045: Late Embryogenesis Abundant proteins contribute to the resistance of Toxoplasma gondii oocysts against environmental stresses. | PMC12942651: Loss of TGME49_227100 (Glutaredoxin 5) disrupts oocyst formation and sporulation in Toxoplasma gondii.,,,
Tg,Tg_cyst wall composition,localization,bradyzoite cyst wall,gene,C,56,0.7%,,cyst_wall_,2 columns,separate,,,,,
Tg,Tg_host protein recruitment to the vacuole,host effect,parasitophorous vacuole; tachyzoite in HFF,host_gene,A,12,100.0%,,pv_enrichment_log2,1 columns of 12 host proteins,one,"PMID 34898650 PLoS Pathog (host proteins enriched at the vacuole, by context)",34898650: Toxoplasma gondii exploits the host ESCRT machinery for parasite uptake of host cytosolic proteins.,,,
