class,threshold,labelled_genes
19S proteasome,0.9683406777558896,17
40S ribosome,0.9683406777558896,28
60S ribosome,0.9683406777558896,40
ER,0.9489992378215526,248
ER 2,0.9683406777558896,17
Golgi,0.9674900938621138,153
IMC,0.9965777340894627,96
PM - integral,0.974031118043443,135
PM - peripheral 1,0.9552035044854493,49
PM - peripheral 2,0.9994718986254758,44
apical 1,0.8896013284440919,59
apical 2,0.9683406777558896,17
apicoplast,0.9421294052072642,167
cytosol,0.9606562624713224,599
dense granules,0.9881448826275289,193
endomembrane vesicles,0.9683406777558896,34
micronemes,0.9890077064876281,56
mitochondrion - membranes,0.9489958960265173,193
mitochondrion - soluble,0.9802947507426026,274
nucleolus,0.9331920263060424,32
nucleus - chromatin,0.9690135693755851,769
nucleus - non-chromatin,0.967418453080919,461
rhoptries 1,0.9941909532963075,71
rhoptries 2,0.99973053860333,52
