features,n_neighbors,min_dist,min_cluster_size,selection,cluster,cluster_size,list_genes_in_it,precision,recall,f1
all permitted,15,0.0,50,leaf,2,76,16,0.21052631578947367,0.2857142857142857,0.24242424242424243
all permitted,50,0.0,20,leaf,8,84,14,0.16666666666666666,0.25,0.2
all permitted,50,0.0,50,leaf,3,64,12,0.1875,0.21428571428571427,0.19999999999999998
all permitted,15,0.25,20,leaf,6,47,9,0.19148936170212766,0.16071428571428573,0.17475728155339804
all permitted,50,0.25,20,leaf,4,47,9,0.19148936170212766,0.16071428571428573,0.17475728155339804
all permitted,15,0.0,20,leaf,9,84,12,0.14285714285714285,0.21428571428571427,0.17142857142857143
all permitted,15,0.25,50,leaf,1,355,20,0.056338028169014086,0.35714285714285715,0.09732360097323602
all permitted,50,0.0,50,eom,2,1070,38,0.03551401869158879,0.6785714285714286,0.06749555950266431
all permitted,15,0.0,50,eom,2,1086,38,0.034990791896869246,0.6785714285714286,0.06654991243432574
all permitted,15,0.0,20,eom,1,1091,38,0.034830430797433545,0.6785714285714286,0.06625980819529206
all permitted,50,0.0,20,eom,3,1070,37,0.03457943925233645,0.6607142857142857,0.06571936056838366
all permitted,50,0.25,20,eom,2,959,33,0.03441084462982273,0.5892857142857143,0.06502463054187194
all permitted,15,0.25,50,eom,2,955,32,0.033507853403141365,0.5714285714285714,0.0633036597428289
all permitted,50,0.25,50,eom,2,967,32,0.033092037228541885,0.5714285714285714,0.06256109481915934
all permitted,50,0.25,50,leaf,1,319,11,0.034482758620689655,0.19642857142857142,0.058666666666666666
all permitted,15,0.25,20,eom,2,937,28,0.029882604055496264,0.5,0.05639476334340383
