model,null,auroc,precision_at_k,brier,reliability_gap,held_out_edges
logistic,random,0.6681778018125039,0.9541246562786435,0.21582756060100866,0.023032067528303526,9819.0
logistic,degree_matched,0.6603011753541733,0.9303564517771667,0.21900062709160145,0.021810524308094242,9819.0
logistic,configuration,0.6436042840162068,0.9151492005295855,0.22822169994278432,0.0353231916773901,9819.0
embedding,random,0.670648878099287,0.9136785823403605,0.2165112856865799,0.02194557687886775,9819.0
embedding,degree_matched,0.6679529186949394,0.9119482635706282,0.21813871554219189,0.01973595544756629,9819.0
embedding,configuration,0.6496831133176515,0.8838313473877177,0.2277542985745837,0.03167655378634425,9819.0
fame,random,0.6726154148989084,0.9423474895610551,0.21503810773976492,0.02027188940744478,9819.0
fame,degree_matched,0.6466874959258444,0.9467888787045524,0.223165180198123,0.032015987476102355,9819.0
fame,configuration,0.6372922840869295,0.9156461961503207,0.23084333555955877,0.044439955798064854,9819.0
logistic,fame gap (random - degree_matched),0.007876626458330538,,,,
"fame (the usual recipe, diagnostic, never ranked)",fame gap (random - degree_matched),0.025927918973064012,,,,
embedding - logistic,degree_matched,0.007651743340766126,,,,
